building_id,hail_address,hail_street_name,classification,construction_year,match_stage,match_status,treatment,candidate_address_point_count,candidate_bldgid_count,candidate_bldgids,candidate_addresses,candidate_street_names,matched_bldgid,matched_bldgids,match_reason,review_reason_category,review_reason_summary,override_decision,override_note,override_reviewed_at,pre_override_match_stage,pre_override_match_status,pre_override_matched_bldgid,pre_override_matched_bldgids,pre_override_candidate_bldgids
broadway_214-216,214-216 Broadway,Broadway,Current building,1894,4,review,manual_review,3,2,586-10|586-9,214 Broadway|216 Broadway,Broadway,,,Street and number agree but suffix/rear/range yields multiple or complex candidates,multiple_footprint_candidates,"The street and base number agree, but suffix, rear, or range differences leave more than one plausible footprint.",,,,,,,,
broadway_216,216 Broadway,Broadway,Current building,1924,4,review,manual_review,2,2,586-10|586-9,216 Broadway,Broadway,,,Street and number agree but suffix/rear/range yields multiple or complex candidates,multiple_footprint_candidates,"The street and base number agree, but suffix, rear, or range differences leave more than one plausible footprint.",,,,,,,,
broadway_272-312,272 - 312 Broadway,Broadway,Current building,,4,review,manual_review,20,8,536-2|536-3|536-4|536-5|536-6|546-16|546-2|546-5,272 Broadway|274 Broadway|276 Broadway|278 Broadway|280 Broadway|284 Broadway|286 Broadway|290 Broadway|292 Broadway|294 Broadway|296 Broadway|298 Broadway|300 Broadway|302 Broadway|304 Broadway|306 Broadway|308 Broadway|310 Broadway|312 Broadway,Broadway,,,Street and number agree but suffix/rear/range yields multiple or complex candidates,multiple_footprint_candidates,"The street and base number agree, but suffix, rear, or range differences leave more than one plausible footprint.",,,,,,,,
broadway_328r,328r Broadway,Broadway,"Addition, rear, or secondary building",1886,4,review,manual_review,2,2,488-11|488-14,328 Broadway|328-R Broadway,Broadway,,,Street and number agree but suffix/rear/range yields multiple or complex candidates,multiple_footprint_candidates,"The street and base number agree, but suffix, rear, or range differences leave more than one plausible footprint.",,,,,,,,
broadway_366a-370,366A-370 Broadway,Broadway,"Addition, rear, or secondary building",1911,4,review,manual_review,4,2,464-1|464-3,366 Broadway|366-B Broadway|368 Broadway|370 Broadway,Broadway,,,Street and number agree but suffix/rear/range yields multiple or complex candidates,multiple_footprint_candidates,"The street and base number agree, but suffix, rear, or range differences leave more than one plausible footprint.",,,,,,,,
broadway_378,378 Broadway,Broadway,Current building,1870,4,review,manual_review,2,2,448-12|448-2,378 Broadway,Broadway,,,Street and number agree but suffix/rear/range yields multiple or complex candidates,multiple_footprint_candidates,"The street and base number agree, but suffix, rear, or range differences leave more than one plausible footprint.",,,,,,,,
broadway_407a-411,407A-411 Broadway,Broadway,"Addition, rear, or secondary building",1875,4,review,manual_review,4,4,335-16|335-25|335-38|337-45,407 Broadway|407-A Broadway|409 Broadway|411 Broadway,Broadway,,,Street and number agree but suffix/rear/range yields multiple or complex candidates,multiple_footprint_candidates,"The street and base number agree, but suffix, rear, or range differences leave more than one plausible footprint.",,,,,,,,
brookline-st_125_3,125 Brookline Street,Brookline Street,Current building,1912,4,review,manual_review,6,4,684-14|684-25|684-26|684-8,125 Brookline St,Brookline St,,,Street and number agree but suffix/rear/range yields multiple or complex candidates,multiple_footprint_candidates,"The street and base number agree, but suffix, rear, or range differences leave more than one plausible footprint.",,,,,,,,
brookline-st_168a,168A Brookline Street,Brookline Street,"Addition, rear, or secondary building",1907,4,review,manual_review,2,2,707-12|707-13,168 Brookline St|168-A Brookline St,Brookline St,,,Street and number agree but suffix/rear/range yields multiple or complex candidates,multiple_footprint_candidates,"The street and base number agree, but suffix, rear, or range differences leave more than one plausible footprint.",,,,,,,,
brookline-st_318-320,318-320 Brookline Street,Brookline Street,Current building,1930,4,review,manual_review,4,2,743-4|743-8,318 Brookline St|318-R Brookline St|320 Brookline St|320-R Brookline St,Brookline St,,,Street and number agree but suffix/rear/range yields multiple or complex candidates,multiple_footprint_candidates,"The street and base number agree, but suffix, rear, or range differences leave more than one plausible footprint.",,,,,,,,
buckingham-st_7,7 Buckingham Street,Buckingham Street,Current building,1893,6,review,manual_review,1,1,249-29,7 Buckingham Pl,Buckingham Pl,,,Street-name pair is explicitly reserved for manual review,street_spelling_difference,"The number is compatible and the street spelling is close, but fuzzy street-name matches require manual confirmation.",,,,,,,,
callender-st_24-26,24-26 Callender Street,Callender Street,Current building,1885,4,review,manual_review,3,2,615-11|615-8,24 Callender St|26 Callender St|26-1/2 Callender St,Callender St,,,Street and number agree but suffix/rear/range yields multiple or complex candidates,multiple_footprint_candidates,"The street and base number agree, but suffix, rear, or range differences leave more than one plausible footprint.",,,,,,,,
callender-st_26r,26r Callender Street,Callender Street,"Addition, rear, or secondary building",1897,4,review,manual_review,2,2,615-11|615-8,26 Callender St|26-1/2 Callender St,Callender St,,,Street and number agree but suffix/rear/range yields multiple or complex candidates,multiple_footprint_candidates,"The street and base number agree, but suffix, rear, or range differences leave more than one plausible footprint.",,,,,,,,
cambridgepark-dr_35,35 Cambridgepark Drive,Cambridgepark Drive,Current building,1946,4,review,manual_review,2,2,42-12|42-9,35 Cambridgepark Dr,Cambridgepark Dr,,,Street and number agree but suffix/rear/range yields multiple or complex candidates,multiple_footprint_candidates,"The street and base number agree, but suffix, rear, or range differences leave more than one plausible footprint.",,,,,,,,
cameron-ave_36-42,36-42 Cameron Avenue,Cameron Avenue,Current building,1925,4,review,manual_review,2,2,25-1|25-19,36 Cameron Ave|38 Cameron Ave,Cameron Ave,,,Street and number agree but suffix/rear/range yields multiple or complex candidates,multiple_footprint_candidates,"The street and base number agree, but suffix, rear, or range differences leave more than one plausible footprint.",,,,,,,,
cedar-st_53r,53r Cedar Street,Cedar Street,"Addition, rear, or secondary building",1943,4,review,manual_review,2,2,47-30|47-31,53 Cedar St|53-R Cedar St,Cedar St,,,Street and number agree but suffix/rear/range yields multiple or complex candidates,multiple_footprint_candidates,"The street and base number agree, but suffix, rear, or range differences leave more than one plausible footprint.",,,,,,,,
cedar-st_61,61 Cedar Street,Cedar Street,Current building,1891,4,review,manual_review,5,2,47-45|47-59,61 Cedar St|61-1 Cedar St|61-2 Cedar St|61-3 Cedar St,Cedar St,,,Street and number agree but suffix/rear/range yields multiple or complex candidates,multiple_footprint_candidates,"The street and base number agree, but suffix, rear, or range differences leave more than one plausible footprint.",,,,,,,,
centre-st_19a,19A Centre Street,Centre Street,"Addition, rear, or secondary building",1873,4,review,manual_review,7,2,466-15|466-23,19 Centre St|19-1 Centre St|19-2 Centre St|19-3 Centre St|19-4 Centre St|19-5 Centre St|19-6 Centre St,Centre St,,,Street and number agree but suffix/rear/range yields multiple or complex candidates,multiple_footprint_candidates,"The street and base number agree, but suffix, rear, or range differences leave more than one plausible footprint.",,,,,,,,
chalk-st_20-23,20-23 Chalk Street,Chalk Street,Current building,1868,4,review,manual_review,2,2,670-20|682-10,20 Chalk St|23 Chalk St,Chalk St,,,Street and number agree but suffix/rear/range yields multiple or complex candidates,multiple_footprint_candidates,"The street and base number agree, but suffix, rear, or range differences leave more than one plausible footprint.",,,,,,,,
channing-st_15a,15A Channing Street,Channing Street,"Addition, rear, or secondary building",1899,4,review,manual_review,2,2,301-19|301-20,15 Channing St|15-A Channing St,Channing St,,,Street and number agree but suffix/rear/range yields multiple or complex candidates,multiple_footprint_candidates,"The street and base number agree, but suffix, rear, or range differences leave more than one plausible footprint.",,,,,,,,
charles-st_111-119,111-119 Charles Street,Charles Street,Current building,1954,4,review,manual_review,4,3,533-16|533-18|533-3,111 Charles St|113 Charles St|115 Charles St|117 Charles St,Charles St,,,Street and number agree but suffix/rear/range yields multiple or complex candidates,multiple_footprint_candidates,"The street and base number agree, but suffix, rear, or range differences leave more than one plausible footprint.",,,,,,,,
chestnut-st_120-126r,120-126r Chestnut Street,Chestnut Street,"Addition, rear, or secondary building",1891,4,review,manual_review,4,2,733-19|733-6,120 Chestnut St|122 Chestnut St|124 Chestnut St|126 Chestnut St,Chestnut St,,,Street and number agree but suffix/rear/range yields multiple or complex candidates,multiple_footprint_candidates,"The street and base number agree, but suffix, rear, or range differences leave more than one plausible footprint.",,,,,,,,
clay-st_17,17 Clay Street,Clay Street,Current building,1886,4,review,manual_review,2,2,50-2|50-3,17 Clay St,Clay St,,,Street and number agree but suffix/rear/range yields multiple or complex candidates,multiple_footprint_candidates,"The street and base number agree, but suffix, rear, or range differences leave more than one plausible footprint.",,,,,,,,
clay-st_25r,25r Clay Street,Clay Street,"Addition, rear, or secondary building",1891,4,review,manual_review,2,2,50-44|50-45,25 Clay St|25-R Clay St,Clay St,,,Street and number agree but suffix/rear/range yields multiple or complex candidates,multiple_footprint_candidates,"The street and base number agree, but suffix, rear, or range differences leave more than one plausible footprint.",,,,,,,,
clay-st_85r,85r Clay Street,Clay Street,"Addition, rear, or secondary building",1923,4,review,manual_review,3,2,32-1|32-2,85 Clay St|85-A Clay St|85-B Clay St,Clay St,,,Street and number agree but suffix/rear/range yields multiple or complex candidates,multiple_footprint_candidates,"The street and base number agree, but suffix, rear, or range differences leave more than one plausible footprint.",,,,,,,,
clifton-st_17-19,17-19 Clifton Street,Clifton Street,Current building,1863,4,review,manual_review,2,2,52-42|52-57,17 Clifton St|19 Clifton St,Clifton St,,,Street and number agree but suffix/rear/range yields multiple or complex candidates,multiple_footprint_candidates,"The street and base number agree, but suffix, rear, or range differences leave more than one plausible footprint.",,,,,,,,
cogswell-ave_8r,8r Cogswell Avenue,Cogswell Avenue,"Addition, rear, or secondary building",1981,4,review,manual_review,3,2,84-2|84-7,8 Cogswell Ave|8-A Cogswell Ave|8-B Cogswell Ave,Cogswell Ave,,,Street and number agree but suffix/rear/range yields multiple or complex candidates,multiple_footprint_candidates,"The street and base number agree, but suffix, rear, or range differences leave more than one plausible footprint.",,,,,,,,
cogswell-ave_15r-19r,15r-19r Cogswell Avenue,Cogswell Avenue,"Addition, rear, or secondary building",1985,4,review,manual_review,3,3,77-7|77-85|77-86,15 Cogswell Ave|17 Cogswell Ave|19 Cogswell Ave,Cogswell Ave,,,Street and number agree but suffix/rear/range yields multiple or complex candidates,multiple_footprint_candidates,"The street and base number agree, but suffix, rear, or range differences leave more than one plausible footprint.",,,,,,,,
columbia-st_395-397,395-397 Columbia Street,Columbia Street,Current building,1890,4,review,manual_review,4,2,391-4|391-5,395 Columbia St|395-1/2 Columbia St|397 Columbia St|397-1/2 Columbia St,Columbia St,,,Street and number agree but suffix/rear/range yields multiple or complex candidates,multiple_footprint_candidates,"The street and base number agree, but suffix, rear, or range differences leave more than one plausible footprint.",,,,,,,,
concord-ave_21-23,21-23 Concord Avenue,Concord Avenue,Current building,1993,4,review,manual_review,2,2,233-29|233-34,21 Concord Ave|23 Concord Ave,Concord Ave,,,Street and number agree but suffix/rear/range yields multiple or complex candidates,multiple_footprint_candidates,"The street and base number agree, but suffix, rear, or range differences leave more than one plausible footprint.",,,,,,,,
concord-ave_243-245,243-245 Concord Avenue,Concord Avenue,Current building,1987,4,review,manual_review,24,4,189-5|189-7|189-8|189-9,243 Concord Ave|243-1 Concord Ave|243-10 Concord Ave|243-11 Concord Ave|243-12 Concord Ave|243-13 Concord Ave|243-14 Concord Ave|243-2 Concord Ave|243-3 Concord Ave|243-4 Concord Ave|243-5 Concord Ave|243-6 Concord Ave|243-7 Concord Ave|243-8 Concord Ave|243-9 Concord Ave|245 Concord Ave|245-15 Concord Ave|245-16 Concord Ave|245-17 Concord Ave|245-18 Concord Ave|245-19 Concord Ave|245-20 Concord Ave|245-21 Concord Ave|245-22 Concord Ave,Concord Ave,,,Street and number agree but suffix/rear/range yields multiple or complex candidates,multiple_footprint_candidates,"The street and base number agree, but suffix, rear, or range differences leave more than one plausible footprint.",,,,,,,,
concord-ave_651r,651r Concord Avenue,Concord Avenue,"Addition, rear, or secondary building",1996,4,review,manual_review,2,2,69-21|69-30,651 Concord Ave,Concord Ave,,,Street and number agree but suffix/rear/range yields multiple or complex candidates,multiple_footprint_candidates,"The street and base number agree, but suffix, rear, or range differences leave more than one plausible footprint.",,,,,,,,
concord-ln_42-46,42-46 Concord Lane,Concord Lane,Current building,1951,4,review,manual_review,2,2,81-10|81-4,42 Concord Ln|46 Concord Ln,Concord Ln,,,Street and number agree but suffix/rear/range yields multiple or complex candidates,multiple_footprint_candidates,"The street and base number agree, but suffix, rear, or range differences leave more than one plausible footprint.",,,,,,,,
coolidge-ave_30,30 Coolidge Avenue,Coolidge Avenue,Current building,1927,5,review,manual_review,1,1,386-6,102 Coolidge Hill,Coolidge Hill,,,Historical address or street alias produces current-address candidate(s),historical_address_or_alias,"A historical address or street alias produced candidates, but the alias has not yet been proven for automatic matching.",,,,,,,,
coolidge-hill-st_178,178 Coolidge Hill Street,Coolidge Hill Street,Current building,1926,6,review,manual_review,17,17,387-10|387-12|387-14|387-17|387-18|387-20|387-21|387-22|387-23|387-24|387-25|387-28|387-3|387-32|387-5|387-6|387-8,178 Coolidge Hill,Coolidge Hill,,,Explicit confirmed street-name alias has multiple or complex footprint candidates,multiple_footprint_candidates,"The street and base number agree, but suffix, rear, or range differences leave more than one plausible footprint.",,,,,,,,
cottage-st_16-18_2,16-18 Cottage Street,Cottage Street,Current building,1981,4,review,manual_review,4,2,660-10|660-4,16 Cottage St|16-A Cottage St|18 Cottage St|18-A Cottage St,Cottage St,,,Street and number agree but suffix/rear/range yields multiple or complex candidates,multiple_footprint_candidates,"The street and base number agree, but suffix, rear, or range differences leave more than one plausible footprint.",,,,,,,,
cottage-st_18a,18A Cottage Street,Cottage Street,"Addition, rear, or secondary building",1888,4,review,manual_review,2,2,660-10|660-4,18 Cottage St|18-A Cottage St,Cottage St,,,Street and number agree but suffix/rear/range yields multiple or complex candidates,multiple_footprint_candidates,"The street and base number agree, but suffix, rear, or range differences leave more than one plausible footprint.",,,,,,,,
cottage-st_20a,20A Cottage Street,Cottage Street,"Addition, rear, or secondary building",1875,4,review,manual_review,2,2,660-3|660-8,20 Cottage St|20-A Cottage St,Cottage St,,,Street and number agree but suffix/rear/range yields multiple or complex candidates,multiple_footprint_candidates,"The street and base number agree, but suffix, rear, or range differences leave more than one plausible footprint.",,,,,,,,
cushing-st_70-72,70-72 Cushing Street,Cushing Street,Current building,1886,4,review,manual_review,6,2,267-22|267-39,70 Cushing St|70-A Cushing St|70-B Cushing St|72 Cushing St|72-A Cushing St|72-B Cushing St,Cushing St,,,Street and number agree but suffix/rear/range yields multiple or complex candidates,multiple_footprint_candidates,"The street and base number agree, but suffix, rear, or range differences leave more than one plausible footprint.",,,,,,,,
cushing-st_70a,70A Cushing Street,Cushing Street,"Addition, rear, or secondary building",1965,4,review,manual_review,3,2,267-22|267-39,70 Cushing St|70-A Cushing St|70-B Cushing St,Cushing St,,,Street and number agree but suffix/rear/range yields multiple or complex candidates,multiple_footprint_candidates,"The street and base number agree, but suffix, rear, or range differences leave more than one plausible footprint.",,,,,,,,
cushing-st_71,71 Cushing Street,Cushing Street,Current building,1867,4,review,manual_review,2,2,279-4|279-44,71 Cushing St,Cushing St,,,Street and number agree but suffix/rear/range yields multiple or complex candidates,multiple_footprint_candidates,"The street and base number agree, but suffix, rear, or range differences leave more than one plausible footprint.",,,,,,,,
cushing-st_71r,71r Cushing Street,Cushing Street,"Addition, rear, or secondary building",1993,4,review,manual_review,2,2,279-4|279-44,71 Cushing St,Cushing St,,,Street and number agree but suffix/rear/range yields multiple or complex candidates,multiple_footprint_candidates,"The street and base number agree, but suffix, rear, or range differences leave more than one plausible footprint.",,,,,,,,
cushing-st_81r,81r Cushing Street,Cushing Street,"Addition, rear, or secondary building",1986,4,review,manual_review,3,2,279-29|279-30,81 Cushing St|81-A Cushing St|81-B Cushing St,Cushing St,,,Street and number agree but suffix/rear/range yields multiple or complex candidates,multiple_footprint_candidates,"The street and base number agree, but suffix, rear, or range differences leave more than one plausible footprint.",,,,,,,,
dana-st_48a,48A Dana Street,Dana Street,"Addition, rear, or secondary building",1985,4,review,manual_review,3,2,337-36|337-39,48 Dana St|48-A Dana St|48-B Dana St,Dana St,,,Street and number agree but suffix/rear/range yields multiple or complex candidates,multiple_footprint_candidates,"The street and base number agree, but suffix, rear, or range differences leave more than one plausible footprint.",,,,,,,,
dana-st_48-50,48-50 Dana Street,Dana Street,Current building,1876,4,review,manual_review,4,2,337-36|337-39,48 Dana St|48-A Dana St|48-B Dana St|50 Dana St,Dana St,,,Street and number agree but suffix/rear/range yields multiple or complex candidates,multiple_footprint_candidates,"The street and base number agree, but suffix, rear, or range differences leave more than one plausible footprint.",,,,,,,,
dana-st_67a,67A Dana Street,Dana Street,"Addition, rear, or secondary building",1865,4,review,manual_review,2,2,335-22|335-24,67 Dana St|67-A Dana St,Dana St,,,Street and number agree but suffix/rear/range yields multiple or complex candidates,multiple_footprint_candidates,"The street and base number agree, but suffix, rear, or range differences leave more than one plausible footprint.",,,,,,,,
dana-st_73a,73A Dana Street,Dana Street,"Addition, rear, or secondary building",1868,4,review,manual_review,2,2,335-12|335-13,73 Dana St|73-A Dana St,Dana St,,,Street and number agree but suffix/rear/range yields multiple or complex candidates,multiple_footprint_candidates,"The street and base number agree, but suffix, rear, or range differences leave more than one plausible footprint.",,,,,,,,
day-st_4r,4r Day Street,Day Street,"Addition, rear, or secondary building",1886,4,review,manual_review,2,2,57-6|57-9,4 Day St|4-R Day St,Day St,,,Street and number agree but suffix/rear/range yields multiple or complex candidates,multiple_footprint_candidates,"The street and base number agree, but suffix, rear, or range differences leave more than one plausible footprint.",,,,,,,,
day-st_15,15 Day Street,Day Street,Current building,1910,4,review,manual_review,2,2,54-10|54-12,15 Day St,Day St,,,Street and number agree but suffix/rear/range yields multiple or complex candidates,multiple_footprint_candidates,"The street and base number agree, but suffix, rear, or range differences leave more than one plausible footprint.",,,,,,,,
dickinson-st_36,36 Dickinson Street,Dickinson Street,Current building,1927,5,review,manual_review,1,1,576-1,236 Broadway,Broadway,,,Historical address or street alias produces current-address candidate(s),historical_address_or_alias,"A historical address or street alias produced candidates, but the alias has not yet been proven for automatic matching.",,,,,,,,
donnell-st_7b,7B Donnell Street,Donnell Street,"Addition, rear, or secondary building",1996,4,review,manual_review,4,2,158-40|158-43,7 Donnell St|7-A Donnell St|7-B Donnell St|7-C Donnell St,Donnell St,,,Street and number agree but suffix/rear/range yields multiple or complex candidates,multiple_footprint_candidates,"The street and base number agree, but suffix, rear, or range differences leave more than one plausible footprint.",,,,,,,,
donnell-st_10-14,10-14 Donnell Street,Donnell Street,Current building,1990,4,review,manual_review,2,2,165-14|165-16,10 Donnell St|14 Donnell St,Donnell St,,,Street and number agree but suffix/rear/range yields multiple or complex candidates,multiple_footprint_candidates,"The street and base number agree, but suffix, rear, or range differences leave more than one plausible footprint.",,,,,,,,
donnell-st_11,11 Donnell Street,Donnell Street,Current building,1897,4,review,manual_review,2,2,158-22|158-35,11 Donnell St,Donnell St,,,Street and number agree but suffix/rear/range yields multiple or complex candidates,multiple_footprint_candidates,"The street and base number agree, but suffix, rear, or range differences leave more than one plausible footprint.",,,,,,,,
donnell-st_11r,11r Donnell Street,Donnell Street,"Addition, rear, or secondary building",1982,4,review,manual_review,2,2,158-22|158-35,11 Donnell St,Donnell St,,,Street and number agree but suffix/rear/range yields multiple or complex candidates,multiple_footprint_candidates,"The street and base number agree, but suffix, rear, or range differences leave more than one plausible footprint.",,,,,,,,
eliot-st_10-14,10-14 Eliot Street,Eliot Street,Current building,1869,4,review,manual_review,5,3,396-1|396-5|396-8,10 Eliot St|12 Eliot St|12-B Eliot St|14 Eliot St|14-A Eliot St,Eliot St,,,Street and number agree but suffix/rear/range yields multiple or complex candidates,multiple_footprint_candidates,"The street and base number agree, but suffix, rear, or range differences leave more than one plausible footprint.",,,,,,,,
ellery-st_104a,104A Ellery Street,Ellery Street,"Addition, rear, or secondary building",1925,4,review,manual_review,2,2,335-11|335-14,104 Ellery St|104-A Ellery St,Ellery St,,,Street and number agree but suffix/rear/range yields multiple or complex candidates,multiple_footprint_candidates,"The street and base number agree, but suffix, rear, or range differences leave more than one plausible footprint.",,,,,,,,
ellsworth-ave_15a,15A Ellsworth Avenue,Ellsworth Avenue,"Addition, rear, or secondary building",1863,4,review,manual_review,2,2,337-22|337-25,15 Ellsworth Ave|15-A Ellsworth Ave,Ellsworth Ave,,,Street and number agree but suffix/rear/range yields multiple or complex candidates,multiple_footprint_candidates,"The street and base number agree, but suffix, rear, or range differences leave more than one plausible footprint.",,,,,,,,
ellsworth-ave_17,17 Ellsworth Avenue,Ellsworth Avenue,Current building,1866,4,review,manual_review,2,2,337-20|337-8,17 Ellsworth Ave,Ellsworth Ave,,,Street and number agree but suffix/rear/range yields multiple or complex candidates,multiple_footprint_candidates,"The street and base number agree, but suffix, rear, or range differences leave more than one plausible footprint.",,,,,,,,
elm-street-n_166r,166r Elm Street N,Elm Street N,"Addition, rear, or secondary building",1876,4,review,manual_review,2,2,75-10|75-18,166 Elm St N|166-A Elm St N,Elm St N,,,Street and number agree but suffix/rear/range yields multiple or complex candidates,multiple_footprint_candidates,"The street and base number agree, but suffix, rear, or range differences leave more than one plausible footprint.",,,,,,,,
elm-street-n_194-200,194-200 Elm Street N,Elm Street N,Current building,1937,4,review,manual_review,3,2,61-5|61-8,196 Elm St N|198 Elm St N|200 Elm St N,Elm St N,,,Street and number agree but suffix/rear/range yields multiple or complex candidates,multiple_footprint_candidates,"The street and base number agree, but suffix, rear, or range differences leave more than one plausible footprint.",,,,,,,,
elmwood-st_87,87 Elmwood Street,Elmwood Street,Current building,1967,5,review,manual_review,1,1,25-1,36 Cameron Ave,Cameron Ave,,,Historical address or street alias produces current-address candidate(s),historical_address_or_alias,"A historical address or street alias produced candidates, but the alias has not yet been proven for automatic matching.",,,,,,,,
emmons-pl_1-3,1-3 Emmons Place,Emmons Place,Current building,1869,4,review,manual_review,3,2,282-22|282-9,1 Emmons Pl|1-A Emmons Pl|3 Emmons Pl,Emmons Pl,,,Street and number agree but suffix/rear/range yields multiple or complex candidates,multiple_footprint_candidates,"The street and base number agree, but suffix, rear, or range differences leave more than one plausible footprint.",,,,,,,,
emmons-pl_1a,1A Emmons Place,Emmons Place,"Addition, rear, or secondary building",1895,4,review,manual_review,2,2,282-22|282-9,1 Emmons Pl|1-A Emmons Pl,Emmons Pl,,,Street and number agree but suffix/rear/range yields multiple or complex candidates,multiple_footprint_candidates,"The street and base number agree, but suffix, rear, or range differences leave more than one plausible footprint.",,,,,,,,
erie-st_217,217 Erie Street,Erie Street,Current building,1867,4,review,manual_review,2,2,692-7|692-9,217 Erie St,Erie St,,,Street and number agree but suffix/rear/range yields multiple or complex candidates,multiple_footprint_candidates,"The street and base number agree, but suffix, rear, or range differences leave more than one plausible footprint.",,,,,,,,
essex-st_32r,32r Essex Street,Essex Street,"Addition, rear, or secondary building",1920,4,review,manual_review,2,2,551-28|551-29,32 Essex St|32-R Essex St,Essex St,,,Street and number agree but suffix/rear/range yields multiple or complex candidates,multiple_footprint_candidates,"The street and base number agree, but suffix, rear, or range differences leave more than one plausible footprint.",,,,,,,,
essex-st_33r,33r Essex Street,Essex Street,"Addition, rear, or secondary building",1891,4,review,manual_review,2,2,542-20|542-21,33 Essex St|33-1/2 Essex St,Essex St,,,Street and number agree but suffix/rear/range yields multiple or complex candidates,multiple_footprint_candidates,"The street and base number agree, but suffix, rear, or range differences leave more than one plausible footprint.",,,,,,,,
essex-st_52,52 Essex Street,Essex Street,Current building,1914,5,review,manual_review,1,1,551-3,135 Norfolk St,Norfolk St,,,Historical address or street alias produces current-address candidate(s),historical_address_or_alias,"A historical address or street alias produced candidates, but the alias has not yet been proven for automatic matching.",,,,,,,,
fairmont-st_23r,23r Fairmont Street,Fairmont Street,"Addition, rear, or secondary building",1996,4,review,manual_review,2,2,682-18|682-22,23 Fairmont St|23-R Fairmont St,Fairmont St,,,Street and number agree but suffix/rear/range yields multiple or complex candidates,multiple_footprint_candidates,"The street and base number agree, but suffix, rear, or range differences leave more than one plausible footprint.",,,,,,,,
fairmont-st_25a,25A Fairmont Street,Fairmont Street,"Addition, rear, or secondary building",1924,4,review,manual_review,2,2,682-15|682-9,25 Fairmont St|25-A Fairmont St,Fairmont St,,,Street and number agree but suffix/rear/range yields multiple or complex candidates,multiple_footprint_candidates,"The street and base number agree, but suffix, rear, or range differences leave more than one plausible footprint.",,,,,,,,
fawcett-st_10,10 Fawcett Street,Fawcett Street,Current building,1984,4,review,manual_review,2,2,76-26|76-3,10 Fawcett St,Fawcett St,,,Street and number agree but suffix/rear/range yields multiple or complex candidates,multiple_footprint_candidates,"The street and base number agree, but suffix, rear, or range differences leave more than one plausible footprint.",,,,,,,,
fawcett-st_170-180,170-180 Fawcett Street,Fawcett Street,Current building,1952,4,review,manual_review,4,4,48-16|48-17|48-20|48-21,170 Fawcett St|176 Fawcett St|176-R Fawcett St|180 Fawcett St,Fawcett St,,,Street and number agree but suffix/rear/range yields multiple or complex candidates,multiple_footprint_candidates,"The street and base number agree, but suffix, rear, or range differences leave more than one plausible footprint.",,,,,,,,
fayerweather-st_74r_2,74r Fayerweather Street,Fayerweather Street,"Addition, rear, or secondary building",1968,4,review,manual_review,2,2,234-17|234-18,74 Fayerweather St|74-R Fayerweather St,Fayerweather St,,,Street and number agree but suffix/rear/range yields multiple or complex candidates,multiple_footprint_candidates,"The street and base number agree, but suffix, rear, or range differences leave more than one plausible footprint.",,,,,,,,
fayette-st_12,12 Fayette Street,Fayette Street,Current building,1875,4,review,manual_review,2,2,364-30|364-5,12 Fayette St,Fayette St,,,Street and number agree but suffix/rear/range yields multiple or complex candidates,multiple_footprint_candidates,"The street and base number agree, but suffix, rear, or range differences leave more than one plausible footprint.",,,,,,,,
fayette-st_73-75a,73-75A Fayette Street,Fayette Street,"Addition, rear, or secondary building",1910,4,review,manual_review,2,2,362-11|362-18,73 Fayette St|75 Fayette St,Fayette St,,,Street and number agree but suffix/rear/range yields multiple or complex candidates,multiple_footprint_candidates,"The street and base number agree, but suffix, rear, or range differences leave more than one plausible footprint.",,,,,,,,
first-st_111-117,111-117 First Street,First Street,Current building,1927,4,review,manual_review,4,2,547-6|566-1,111 First St|113 First St|115 First St|117 First St,First St,,,Street and number agree but suffix/rear/range yields multiple or complex candidates,multiple_footprint_candidates,"The street and base number agree, but suffix, rear, or range differences leave more than one plausible footprint.",,,,,,,,
first-st_265_2,265 First Street,First Street,Current building,1947,4,review,manual_review,4,4,620-32|620-62|620-63|620-78,265 First St,First St,,,Street and number agree but suffix/rear/range yields multiple or complex candidates,multiple_footprint_candidates,"The street and base number agree, but suffix, rear, or range differences leave more than one plausible footprint.",,,,,,,,
florence-st_19,19 Florence Street,Florence Street,Current building,1886,4,review,manual_review,2,2,715-14|715-15,19 Florence St,Florence St,,,Street and number agree but suffix/rear/range yields multiple or complex candidates,multiple_footprint_candidates,"The street and base number agree, but suffix, rear, or range differences leave more than one plausible footprint.",,,,,,,,
francis-ave_45,45 Francis Avenue,Francis Avenue,Current building,1910,4,review,manual_review,2,2,241-2|241-5,45 Francis Ave,Francis Ave,,,Street and number agree but suffix/rear/range yields multiple or complex candidates,multiple_footprint_candidates,"The street and base number agree, but suffix, rear, or range differences leave more than one plausible footprint.",,,,,,,,
franklin-st_565-567,565-567 Franklin Street,Franklin Street,Current building,1872,4,review,manual_review,2,2,515-38|515-43,565 Franklin St|567 Franklin St,Franklin St,,,Street and number agree but suffix/rear/range yields multiple or complex candidates,multiple_footprint_candidates,"The street and base number agree, but suffix, rear, or range differences leave more than one plausible footprint.",,,,,,,,
franklin-st_579-581,579-581 Franklin Street,Franklin Street,"Addition, rear, or secondary building",1872,4,review,manual_review,2,2,515-23|515-36,579 Franklin St|581 Franklin St,Franklin St,,,Street and number agree but suffix/rear/range yields multiple or complex candidates,multiple_footprint_candidates,"The street and base number agree, but suffix, rear, or range differences leave more than one plausible footprint.",,,,,,,,
fulkerson-st_12-14,12-14 Fulkerson Street,Fulkerson Street,Current building,1870,4,review,manual_review,4,2,423-10|423-11,12 Fulkerson St|12-1/2 Fulkerson St|14 Fulkerson St|14-1/2 Fulkerson St,Fulkerson St,,,Street and number agree but suffix/rear/range yields multiple or complex candidates,multiple_footprint_candidates,"The street and base number agree, but suffix, rear, or range differences leave more than one plausible footprint.",,,,,,,,
fulkerson-st_12r-14r,12r-14r Fulkerson Street,Fulkerson Street,"Addition, rear, or secondary building",1870,4,review,manual_review,4,2,423-10|423-11,12 Fulkerson St|12-1/2 Fulkerson St|14 Fulkerson St|14-1/2 Fulkerson St,Fulkerson St,,,Street and number agree but suffix/rear/range yields multiple or complex candidates,multiple_footprint_candidates,"The street and base number agree, but suffix, rear, or range differences leave more than one plausible footprint.",,,,,,,,
fulkerson-st_62-64,62-64 Fulkerson Street,Fulkerson Street,Current building,1889,4,review,manual_review,2,2,472-10|472-7,62 Fulkerson St|64 Fulkerson St,Fulkerson St,,,Street and number agree but suffix/rear/range yields multiple or complex candidates,multiple_footprint_candidates,"The street and base number agree, but suffix, rear, or range differences leave more than one plausible footprint.",,,,,,,,
garden-st_4_2,4 Garden Street,Garden Street,"Addition, rear, or secondary building",1890,6,review,manual_review,1,1,181-4,4 Garden Ct,Garden Ct,,,Street-name pair is explicitly reserved for manual review,street_spelling_difference,"The number is compatible and the street spelling is close, but fuzzy street-name matches require manual confirmation.",,,,,,,,
garden-st_60,60 Garden Street,Garden Street,Current building,1978,4,review,manual_review,8,7,201-12|201-13|201-14|201-15|201-17|201-18|201-19,60 Garden St,Garden St,,,Street and number agree but suffix/rear/range yields multiple or complex candidates,multiple_footprint_candidates,"The street and base number agree, but suffix, rear, or range differences leave more than one plausible footprint.",,,,,,,,
gerry-s-landing-rd_80_2,80 Gerry'S Landing Road,Gerry'S Landing Road,Current building,1948,6,review,manual_review,3,3,387-11|387-31|387-7,80 Gerrys Landing Rd,Gerrys Landing Rd,,,Explicit confirmed street-name alias has multiple or complex footprint candidates,multiple_footprint_candidates,"The street and base number agree, but suffix, rear, or range differences leave more than one plausible footprint.",,,,,,,,
gerry-s-landing-rd_80r,80r Gerry'S Landing Road,Gerry'S Landing Road,"Addition, rear, or secondary building",1983,6,review,manual_review,3,3,387-11|387-31|387-7,80 Gerrys Landing Rd,Gerrys Landing Rd,,,Explicit confirmed street-name alias has multiple or complex footprint candidates,multiple_footprint_candidates,"The street and base number agree, but suffix, rear, or range differences leave more than one plausible footprint.",,,,,,,,
gore-st_61a,61A Gore Street,Gore Street,"Addition, rear, or secondary building",1861,4,review,manual_review,4,4,400-11|400-13|400-17|400-3,61 Gore St|61-A Gore St|61-B Gore St|61-C Gore St,Gore St,,,Street and number agree but suffix/rear/range yields multiple or complex candidates,multiple_footprint_candidates,"The street and base number agree, but suffix, rear, or range differences leave more than one plausible footprint.",,,,,,,,
green-st_175,175 Green Street,Green Street,Current building,1908,5,review,manual_review,1,1,631-17,19 Brookline St,Brookline St,,,Historical address or street alias produces current-address candidate(s),historical_address_or_alias,"A historical address or street alias produced candidates, but the alias has not yet been proven for automatic matching.",,,,,,,,
green-st_501a,501A Green Street,Green Street,"Addition, rear, or secondary building",1905,4,review,manual_review,2,2,539-15|539-3,501 Green St|501-A Green St,Green St,,,Street and number agree but suffix/rear/range yields multiple or complex candidates,multiple_footprint_candidates,"The street and base number agree, but suffix, rear, or range differences leave more than one plausible footprint.",,,,,,,,
griswold-st_85,85 Griswold Street,Griswold Street,Current building,1952,4,review,manual_review,2,2,55-14|55-15,85 Griswold St,Griswold St,,,Street and number agree but suffix/rear/range yields multiple or complex candidates,multiple_footprint_candidates,"The street and base number agree, but suffix, rear, or range differences leave more than one plausible footprint.",,,,,,,,
hammond-st_39,39 Hammond Street,Hammond Street,Current building,1888,4,review,manual_review,2,2,224-10|224-18,39 Hammond St,Hammond St,,,Street and number agree but suffix/rear/range yields multiple or complex candidates,multiple_footprint_candidates,"The street and base number agree, but suffix, rear, or range differences leave more than one plausible footprint.",,,,,,,,
hammond-st_101-107,101-107 Hammond Street,Hammond Street,Current building,1892,4,review,manual_review,4,2,217-10|217-11,101 Hammond St|103 Hammond St|105 Hammond St|107 Hammond St,Hammond St,,,Street and number agree but suffix/rear/range yields multiple or complex candidates,multiple_footprint_candidates,"The street and base number agree, but suffix, rear, or range differences leave more than one plausible footprint.",,,,,,,,
hampshire-st_92-96,92-96 Hampshire Street,Hampshire Street,Current building,1908,4,review,manual_review,8,2,509-6|509-8,92 Hampshire St|94 Hampshire St|96 Hampshire St|96-A Hampshire St|96-B Hampshire St|96-C Hampshire St|96-D Hampshire St|96-E Hampshire St,Hampshire St,,,Street and number agree but suffix/rear/range yields multiple or complex candidates,multiple_footprint_candidates,"The street and base number agree, but suffix, rear, or range differences leave more than one plausible footprint.",,,,,,,,
hampshire-st_147_3,147 Hampshire Street,Hampshire Street,Current building,1977,4,review,manual_review,3,3,381-10|381-15|381-20,147 Hampshire St,Hampshire St,,,Street and number agree but suffix/rear/range yields multiple or complex candidates,multiple_footprint_candidates,"The street and base number agree, but suffix, rear, or range differences leave more than one plausible footprint.",,,,,,,,
hampshire-st_200-202,200-202 Hampshire Street,Hampshire Street,Current building,1887,4,review,manual_review,3,3,374-10|374-16|374-8,200 Hampshire St|200-A Hampshire St|202 Hampshire St,Hampshire St,,,Street and number agree but suffix/rear/range yields multiple or complex candidates,multiple_footprint_candidates,"The street and base number agree, but suffix, rear, or range differences leave more than one plausible footprint.",,,,,,,,
harvard-st_214a,214A Harvard Street,Harvard Street,"Addition, rear, or secondary building",1903,4,review,manual_review,2,2,565-12|565-6,214 Harvard St|214-R Harvard St,Harvard St,,,Street and number agree but suffix/rear/range yields multiple or complex candidates,multiple_footprint_candidates,"The street and base number agree, but suffix, rear, or range differences leave more than one plausible footprint.",,,,,,,,
harvard-st_324a-326a,324A-326A Harvard Street,Harvard Street,"Addition, rear, or secondary building",1979,4,review,manual_review,6,2,466-13|466-26,324 Harvard St|324-A Harvard St|324-B Harvard St|324-C Harvard St|324-D Harvard St|326 Harvard St,Harvard St,,,Street and number agree but suffix/rear/range yields multiple or complex candidates,multiple_footprint_candidates,"The street and base number agree, but suffix, rear, or range differences leave more than one plausible footprint.",,,,,,,,
harvard-st_335a,335A Harvard Street,Harvard Street,"Addition, rear, or secondary building",1925,4,review,manual_review,6,3,440-21|440-23|440-5,335 Harvard St|335-1 Harvard St|335-2 Harvard St|335-3 Harvard St|335-4 Harvard St|335-A Harvard St,Harvard St,,,Street and number agree but suffix/rear/range yields multiple or complex candidates,multiple_footprint_candidates,"The street and base number agree, but suffix, rear, or range differences leave more than one plausible footprint.",,,,,,,,
harvard-st_335r,335r Harvard Street,Harvard Street,"Addition, rear, or secondary building",1979,4,review,manual_review,6,3,440-21|440-23|440-5,335 Harvard St|335-1 Harvard St|335-2 Harvard St|335-3 Harvard St|335-4 Harvard St|335-A Harvard St,Harvard St,,,Street and number agree but suffix/rear/range yields multiple or complex candidates,multiple_footprint_candidates,"The street and base number agree, but suffix, rear, or range differences leave more than one plausible footprint.",,,,,,,,
harvard-st_336,336 Harvard Street,Harvard Street,Current building,1859,4,review,manual_review,2,2,466-10|466-14,336 Harvard St,Harvard St,,,Street and number agree but suffix/rear/range yields multiple or complex candidates,multiple_footprint_candidates,"The street and base number agree, but suffix, rear, or range differences leave more than one plausible footprint.",,,,,,,,
harvard-st_336r,336r Harvard Street,Harvard Street,"Addition, rear, or secondary building",1978,4,review,manual_review,2,2,466-10|466-14,336 Harvard St,Harvard St,,,Street and number agree but suffix/rear/range yields multiple or complex candidates,multiple_footprint_candidates,"The street and base number agree, but suffix, rear, or range differences leave more than one plausible footprint.",,,,,,,,
harvard-st_352,352 Harvard Street,Harvard Street,Current building,1858,4,review,manual_review,2,2,453-12|453-6,352 Harvard St,Harvard St,,,Street and number agree but suffix/rear/range yields multiple or complex candidates,multiple_footprint_candidates,"The street and base number agree, but suffix, rear, or range differences leave more than one plausible footprint.",,,,,,,,
hastings-sq_5-6,5-6 Hastings Square,Hastings Square,Current building,1885,4,review,manual_review,4,2,733-25|733-27,5 Hastings Sq|6 Hastings Sq,Hastings Sq,,,Street and number agree but suffix/rear/range yields multiple or complex candidates,multiple_footprint_candidates,"The street and base number agree, but suffix, rear, or range differences leave more than one plausible footprint.",,,,,,,,
hayward-st_18,18 Hayward Street,Hayward Street,Current building,1925,6,review,manual_review,1,1,629-16,18 Howard St,Howard St,,,Street-name pair is explicitly reserved for manual review,street_spelling_difference,"The number is compatible and the street spelling is close, but fuzzy street-name matches require manual confirmation.",,,,,,,,
highland-ave_25,25 Highland Avenue,Highland Avenue,Current building,1889,4,review,manual_review,2,2,372-25|372-35,25 Highland Ave,Highland Ave,,,Street and number agree but suffix/rear/range yields multiple or complex candidates,multiple_footprint_candidates,"The street and base number agree, but suffix, rear, or range differences leave more than one plausible footprint.",,,,,,,,
highland-st_29,29 Highland Street,Highland Street,Current building,1922,4,review,manual_review,2,2,230-37|230-45,29 Highland St,Highland St,,,Street and number agree but suffix/rear/range yields multiple or complex candidates,multiple_footprint_candidates,"The street and base number agree, but suffix, rear, or range differences leave more than one plausible footprint.",,,,,,,,
highland-st_29r,29r Highland Street,Highland Street,"Addition, rear, or secondary building",1895,4,review,manual_review,2,2,230-37|230-45,29 Highland St,Highland St,,,Street and number agree but suffix/rear/range yields multiple or complex candidates,multiple_footprint_candidates,"The street and base number agree, but suffix, rear, or range differences leave more than one plausible footprint.",,,,,,,,
hingham-st_22,22 Hingham Street,Hingham Street,Current building,1874,4,review,manual_review,2,2,619-1|619-8,22 Hingham St,Hingham St,,,Street and number agree but suffix/rear/range yields multiple or complex candidates,multiple_footprint_candidates,"The street and base number agree, but suffix, rear, or range differences leave more than one plausible footprint.",,,,,,,,
holden-st_10-32,10-32 Holden Street,Holden Street,Current building,1927,4,review,manual_review,12,2,251-13|272-3,10 Holden St|12 Holden St|14 Holden St|16 Holden St|18 Holden St|20 Holden St|22 Holden St|24 Holden St|26 Holden St|28 Holden St|30 Holden St|32 Holden St,Holden St,,,Street and number agree but suffix/rear/range yields multiple or complex candidates,multiple_footprint_candidates,"The street and base number agree, but suffix, rear, or range differences leave more than one plausible footprint.",,,,,,,,
holworthy-pl_32,32 Holworthy Place,Holworthy Place,Current building,1920,5,review,manual_review,1,1,300-6,82 Park Ave,Park Ave,,,Historical address or street alias produces current-address candidate(s),historical_address_or_alias,"A historical address or street alias produced candidates, but the alias has not yet been proven for automatic matching.",,,,,,,,
holworthy-terr_6-8,6-8 Holworthy Terrace,Holworthy Terrace,Current building,1886,6,review,manual_review,2,2,279-35|279-41,6 Holworthy Ter|8 Holworthy Ter,Holworthy Ter,,,Explicit confirmed street-name alias has multiple or complex footprint candidates,multiple_footprint_candidates,"The street and base number agree, but suffix, rear, or range differences leave more than one plausible footprint.",,,,,,,,
holyoke-st_8-10,8-10 Holyoke Street,Holyoke Street,Current building,1927,4,review,manual_review,2,2,389-18|389-9,10 Holyoke St|8 Holyoke St,Holyoke St,,,Street and number agree but suffix/rear/range yields multiple or complex candidates,multiple_footprint_candidates,"The street and base number agree, but suffix, rear, or range differences leave more than one plausible footprint.",,,,,,,,
howard-st_54-56,54-56 Howard Street,Howard Street,Current building,1886,4,review,manual_review,3,2,578-22|578-24,54 Howard St|56 Howard St|56-1/2 Howard St,Howard St,,,Street and number agree but suffix/rear/range yields multiple or complex candidates,multiple_footprint_candidates,"The street and base number agree, but suffix, rear, or range differences leave more than one plausible footprint.",,,,,,,,
howard-st_92-94,92-94 Howard Street,Howard Street,Current building,1886,4,review,manual_review,2,2,578-11|578-13,92 Howard St|94 Howard St,Howard St,,,Street and number agree but suffix/rear/range yields multiple or complex candidates,multiple_footprint_candidates,"The street and base number agree, but suffix, rear, or range differences leave more than one plausible footprint.",,,,,,,,
hubbard-ave_37r,37r Hubbard Avenue,Hubbard Avenue,"Addition, rear, or secondary building",1886,4,review,manual_review,2,2,107-20|107-30,37 Hubbard Ave|37-A Hubbard Ave,Hubbard Ave,,,Street and number agree but suffix/rear/range yields multiple or complex candidates,multiple_footprint_candidates,"The street and base number agree, but suffix, rear, or range differences leave more than one plausible footprint.",,,,,,,,
hunting-st_21-23,21-23 Hunting Street,Hunting Street,Current building,1870,4,review,manual_review,2,2,359-10|359-8,21 Hunting St|23 Hunting St,Hunting St,,,Street and number agree but suffix/rear/range yields multiple or complex candidates,multiple_footprint_candidates,"The street and base number agree, but suffix, rear, or range differences leave more than one plausible footprint.",,,,,,,,
hurley-st_274-278,274-278 Hurley Street,Hurley Street,Current building,1891,4,review,manual_review,3,2,530-3|530-4,274 Hurley St|276 Hurley St|278 Hurley St,Hurley St,,,Street and number agree but suffix/rear/range yields multiple or complex candidates,multiple_footprint_candidates,"The street and base number agree, but suffix, rear, or range differences leave more than one plausible footprint.",,,,,,,,
inman-st_72a,72A Inman Street,Inman Street,"Addition, rear, or secondary building",1889,4,review,manual_review,3,2,445-11|445-3,72 Inman St|72-1/2 Inman St|72-A Inman St,Inman St,,,Street and number agree but suffix/rear/range yields multiple or complex candidates,multiple_footprint_candidates,"The street and base number agree, but suffix, rear, or range differences leave more than one plausible footprint.",,,,,,,,
inman-st_104a,104A Inman Street,Inman Street,"Addition, rear, or secondary building",1898,4,review,manual_review,2,2,374-45|374-46,104 Inman St|104-A Inman St,Inman St,,,Street and number agree but suffix/rear/range yields multiple or complex candidates,multiple_footprint_candidates,"The street and base number agree, but suffix, rear, or range differences leave more than one plausible footprint.",,,,,,,,
inman-st_105-107,105-107 Inman Street,Inman Street,Current building,1873,4,review,manual_review,3,2,368-38|368-41,105 Inman St|107 Inman St|107-1/2 Inman St,Inman St,,,Street and number agree but suffix/rear/range yields multiple or complex candidates,multiple_footprint_candidates,"The street and base number agree, but suffix, rear, or range differences leave more than one plausible footprint.",,,,,,,,
inman-st_114r,114r Inman Street,Inman Street,"Addition, rear, or secondary building",1928,4,review,manual_review,2,2,374-19|374-23,114 Inman St,Inman St,,,Street and number agree but suffix/rear/range yields multiple or complex candidates,multiple_footprint_candidates,"The street and base number agree, but suffix, rear, or range differences leave more than one plausible footprint.",,,,,,,,
irving-st_36a,36A Irving Street,Irving Street,"Addition, rear, or secondary building",1875,4,review,manual_review,12,3,289-11|289-8|289-9,36 Irving St|36-1 Irving St|36-2 Irving St|36-3 Irving St|36-4 Irving St|36-5 Irving St|36-6 Irving St|36-7 Irving St|36-8 Irving St|36-9 Irving St,Irving St,,,Street and number agree but suffix/rear/range yields multiple or complex candidates,multiple_footprint_candidates,"The street and base number agree, but suffix, rear, or range differences leave more than one plausible footprint.",,,,,,,,
ivy-st_9,9 Ivy Street,Ivy Street,Current building,1928,4,review,manual_review,2,2,142-11|142-12,9 Ivy St,Ivy St,,,Street and number agree but suffix/rear/range yields multiple or complex candidates,multiple_footprint_candidates,"The street and base number agree, but suffix, rear, or range differences leave more than one plausible footprint.",,,,,,,,
jay-st_11a,11A Jay Street,Jay Street,"Addition, rear, or secondary building",1900,4,review,manual_review,2,2,629-1|629-17,11 Jay St|11-A Jay St,Jay St,,,Street and number agree but suffix/rear/range yields multiple or complex candidates,multiple_footprint_candidates,"The street and base number agree, but suffix, rear, or range differences leave more than one plausible footprint.",,,,,,,,
jay-st_31-33,31-33 Jay Street,Jay Street,Current building,1873,4,review,manual_review,2,2,578-34|578-35,31 Jay St|33 Jay St,Jay St,,,Street and number agree but suffix/rear/range yields multiple or complex candidates,multiple_footprint_candidates,"The street and base number agree, but suffix, rear, or range differences leave more than one plausible footprint.",,,,,,,,
jay-st_40-44,40-44 Jay Street,Jay Street,Current building,1889,4,review,manual_review,3,2,587-12|587-13,40 Jay St|42 Jay St|44 Jay St,Jay St,,,Street and number agree but suffix/rear/range yields multiple or complex candidates,multiple_footprint_candidates,"The street and base number agree, but suffix, rear, or range differences leave more than one plausible footprint.",,,,,,,,
jay-st_46-50,46-50 Jay Street,Jay Street,Current building,1887,4,review,manual_review,3,2,587-7|587-8,46 Jay St|48 Jay St|50 Jay St,Jay St,,,Street and number agree but suffix/rear/range yields multiple or complex candidates,multiple_footprint_candidates,"The street and base number agree, but suffix, rear, or range differences leave more than one plausible footprint.",,,,,,,,
jay-st_51-53,51-53 Jay Street,Jay Street,Current building,1886,4,review,manual_review,2,2,578-3|578-4,51 Jay St|53 Jay St,Jay St,,,Street and number agree but suffix/rear/range yields multiple or complex candidates,multiple_footprint_candidates,"The street and base number agree, but suffix, rear, or range differences leave more than one plausible footprint.",,,,,,,,
jefferson-st_6,6 Jefferson Street,Jefferson Street,Current building,1870,4,review,manual_review,2,2,390-3|390-6,6 Jefferson St,Jefferson St,,,Street and number agree but suffix/rear/range yields multiple or complex candidates,multiple_footprint_candidates,"The street and base number agree, but suffix, rear, or range differences leave more than one plausible footprint.",,,,,,,,
jefferson-st_19r,19r Jefferson Street,Jefferson Street,"Addition, rear, or secondary building",1886,4,review,manual_review,2,2,367-32|367-42,19 Jefferson St|19-1/2 Jefferson St,Jefferson St,,,Street and number agree but suffix/rear/range yields multiple or complex candidates,multiple_footprint_candidates,"The street and base number agree, but suffix, rear, or range differences leave more than one plausible footprint.",,,,,,,,
kelly-rd_21-23,21-23 Kelly Road,Kelly Road,Current building,1871,4,review,manual_review,3,2,656-18|656-25,21 Kelly Rd|23 Kelly Rd|23-A Kelly Rd,Kelly Rd,,,Street and number agree but suffix/rear/range yields multiple or complex candidates,multiple_footprint_candidates,"The street and base number agree, but suffix, rear, or range differences leave more than one plausible footprint.",,,,,,,,
kelly-rd_23a,23A Kelly Road,Kelly Road,"Addition, rear, or secondary building",1916,4,review,manual_review,2,2,656-18|656-25,23 Kelly Rd|23-A Kelly Rd,Kelly Rd,,,Street and number agree but suffix/rear/range yields multiple or complex candidates,multiple_footprint_candidates,"The street and base number agree, but suffix, rear, or range differences leave more than one plausible footprint.",,,,,,,,
kelly-rd_25r,25r Kelly Road,Kelly Road,"Addition, rear, or secondary building",1916,4,review,manual_review,2,2,656-14|656-20,25 Kelly Rd|25-A Kelly Rd,Kelly Rd,,,Street and number agree but suffix/rear/range yields multiple or complex candidates,multiple_footprint_candidates,"The street and base number agree, but suffix, rear, or range differences leave more than one plausible footprint.",,,,,,,,
kennedy-st_79_2,79 Kennedy Street,Kennedy Street,Current building,1978,6,review,manual_review,3,3,398-1|398-5|398-9,79 JFK St,JFK St,,,Explicit confirmed street-name alias has multiple or complex footprint candidates,multiple_footprint_candidates,"The street and base number agree, but suffix, rear, or range differences leave more than one plausible footprint.",,,,,,,,
kinnaird-st_5,5 Kinnaird Street,Kinnaird Street,Current building,,4,review,manual_review,2,2,628-1|628-7,5 Kinnaird St,Kinnaird St,,,Street and number agree but suffix/rear/range yields multiple or complex candidates,multiple_footprint_candidates,"The street and base number agree, but suffix, rear, or range differences leave more than one plausible footprint.",,,,,,,,
kinnaird-st_80r,80r Kinnaird Street,Kinnaird Street,"Addition, rear, or secondary building",1869,4,review,manual_review,2,2,562-17|562-21,80 Kinnaird St|80-1/2 Kinnaird St,Kinnaird St,,,Street and number agree but suffix/rear/range yields multiple or complex candidates,multiple_footprint_candidates,"The street and base number agree, but suffix, rear, or range differences leave more than one plausible footprint.",,,,,,,,
lake-view-ave_48,48 Lake View Avenue,Lake View Avenue,Current building,1880,6,review,manual_review,2,2,242-1|242-53,48 Lakeview Ave,Lakeview Ave,,,Explicit confirmed street-name alias has multiple or complex footprint candidates,multiple_footprint_candidates,"The street and base number agree, but suffix, rear, or range differences leave more than one plausible footprint.",,,,,,,,
lake-view-ave_201_2,201 Lake View Avenue,Lake View Avenue,"Addition, rear, or secondary building",1993,6,review,manual_review,2,2,180-20|180-41,201 Lakeview Ave|201-1/2 Lakeview Ave,Lakeview Ave,,,Explicit confirmed street-name alias has multiple or complex footprint candidates,multiple_footprint_candidates,"The street and base number agree, but suffix, rear, or range differences leave more than one plausible footprint.",,,,,,,,
lee-st_15r,15r Lee Street,Lee Street,"Addition, rear, or secondary building",1981,4,review,manual_review,2,2,490-24|490-27,15 Lee St,Lee St,,,Street and number agree but suffix/rear/range yields multiple or complex candidates,multiple_footprint_candidates,"The street and base number agree, but suffix, rear, or range differences leave more than one plausible footprint.",,,,,,,,
lee-st_21r,21r Lee Street,Lee Street,"Addition, rear, or secondary building",1986,4,review,manual_review,3,2,490-18|490-22,21 Lee St|21-A Lee St|21-B Lee St,Lee St,,,Street and number agree but suffix/rear/range yields multiple or complex candidates,multiple_footprint_candidates,"The street and base number agree, but suffix, rear, or range differences leave more than one plausible footprint.",,,,,,,,
lee-st_39a,39A Lee Street,Lee Street,"Addition, rear, or secondary building",1938,4,review,manual_review,2,2,448-33|490-8,39 Lee St|39-A Lee St,Lee St,,,Street and number agree but suffix/rear/range yields multiple or complex candidates,multiple_footprint_candidates,"The street and base number agree, but suffix, rear, or range differences leave more than one plausible footprint.",,,,,,,,
longfellow-pk_5,5 Longfellow Park,Longfellow Park,Current building,1914,6,review,manual_review,2,2,305-28|305-8,5 Longfellow Pk,Longfellow Pk,,,Explicit confirmed street-name alias has multiple or complex footprint candidates,multiple_footprint_candidates,"The street and base number agree, but suffix, rear, or range differences leave more than one plausible footprint.",,,,,,,,
lowell-st_15a,15A Lowell Street,Lowell Street,"Addition, rear, or secondary building",1939,4,review,manual_review,2,2,297-18|297-19,15 Lowell St|15-A Lowell St,Lowell St,,,Street and number agree but suffix/rear/range yields multiple or complex candidates,multiple_footprint_candidates,"The street and base number agree, but suffix, rear, or range differences leave more than one plausible footprint.",,,,,,,,
madison-st_7-9,7-9 Madison Street,Madison Street,Current building,1895,4,review,manual_review,4,2,205-12|205-8,7 Madison St|7-1/2 Madison St|9 Madison St|9-1/2 Madison St,Madison St,,,Street and number agree but suffix/rear/range yields multiple or complex candidates,multiple_footprint_candidates,"The street and base number agree, but suffix, rear, or range differences leave more than one plausible footprint.",,,,,,,,
madison-st_15a,15A Madison Street,Madison Street,"Addition, rear, or secondary building",1912,4,review,manual_review,2,2,205-17|205-19,15 Madison St|15-A Madison St,Madison St,,,Street and number agree but suffix/rear/range yields multiple or complex candidates,multiple_footprint_candidates,"The street and base number agree, but suffix, rear, or range differences leave more than one plausible footprint.",,,,,,,,
magazine-st_91_3,91 Magazine Street,Magazine Street,Building complex,1973,5,review,manual_review,2,2,689-24|689-26,6 Fairmont St|8 Fairmont St,Fairmont St,,,Historical address or street alias produces current-address candidate(s),building_complex_geometry_uncertain,"The address resolves, but the Hail entry is a building complex and may represent more than one footprint.",,,,,,,,
magazine-st_99a-105,99A-105 Magazine Street,Magazine Street,"Addition, rear, or secondary building",1913,4,review,manual_review,3,2,689-30|693-26,101 Magazine St|105 Magazine St|99 Magazine St,Magazine St,,,Street and number agree but suffix/rear/range yields multiple or complex candidates,multiple_footprint_candidates,"The street and base number agree, but suffix, rear, or range differences leave more than one plausible footprint.",,,,,,,,
magazine-st_112r,112r Magazine Street,Magazine Street,"Addition, rear, or secondary building",1869,4,review,manual_review,2,2,704-13|704-17,112 Magazine St|112-R Magazine St,Magazine St,,,Street and number agree but suffix/rear/range yields multiple or complex candidates,multiple_footprint_candidates,"The street and base number agree, but suffix, rear, or range differences leave more than one plausible footprint.",,,,,,,,
magnolia-ave_14r,14r Magnolia Avenue,Magnolia Avenue,"Addition, rear, or secondary building",1896,4,review,manual_review,2,2,281-14|281-8,14 Magnolia Ave|14-1/2 Magnolia Ave,Magnolia Ave,,,Street and number agree but suffix/rear/range yields multiple or complex candidates,multiple_footprint_candidates,"The street and base number agree, but suffix, rear, or range differences leave more than one plausible footprint.",,,,,,,,
magnolia-ave_16r,16r Magnolia Avenue,Magnolia Avenue,"Addition, rear, or secondary building",1896,4,review,manual_review,2,2,281-20|281-23,16 Magnolia Ave|16-1/2 Magnolia Ave,Magnolia Ave,,,Street and number agree but suffix/rear/range yields multiple or complex candidates,multiple_footprint_candidates,"The street and base number agree, but suffix, rear, or range differences leave more than one plausible footprint.",,,,,,,,
main-st_292-298,292-298 Main Street,Main Street,Current building,1920,4,review,manual_review,2,2,674-4|674-5,292 Main St|298 Main St,Main St,,,Street and number agree but suffix/rear/range yields multiple or complex candidates,multiple_footprint_candidates,"The street and base number agree, but suffix, rear, or range differences leave more than one plausible footprint.",,,,,,,,
main-st_600-620,600-620 Main Street,Main Street,Current building,1926,4,review,manual_review,6,2,658-3|661-3,600 Main St|608 Main St|610 Main St|612 Main St|614 Main St|616 Main St,Main St,,,Street and number agree but suffix/rear/range yields multiple or complex candidates,multiple_footprint_candidates,"The street and base number agree, but suffix, rear, or range differences leave more than one plausible footprint.",,,,,,,,
maple-ave_12,12 Maple Avenue,Maple Avenue,Current building,1922,4,review,manual_review,2,2,362-13|362-60,12 Maple Ave,Maple Ave,,,Street and number agree but suffix/rear/range yields multiple or complex candidates,multiple_footprint_candidates,"The street and base number agree, but suffix, rear, or range differences leave more than one plausible footprint.",,,,,,,,
marcella-st_16-22,16-22 Marcella Street,Marcella Street,Current building,1901,4,review,manual_review,4,3,435-11|435-12|435-14,16 Marcella St|18 Marcella St|20 Marcella St|22 Marcella St,Marcella St,,,Street and number agree but suffix/rear/range yields multiple or complex candidates,multiple_footprint_candidates,"The street and base number agree, but suffix, rear, or range differences leave more than one plausible footprint.",,,,,,,,
market-st_55a,55A Market Street,Market Street,"Addition, rear, or secondary building",1895,4,review,manual_review,2,2,475-23|475-24,55 Market St|55-A Market St,Market St,,,Street and number agree but suffix/rear/range yields multiple or complex candidates,multiple_footprint_candidates,"The street and base number agree, but suffix, rear, or range differences leave more than one plausible footprint.",,,,,,,,
market-st_55-57,55-57 Market Street,Market Street,Current building,1894,4,review,manual_review,3,2,475-23|475-24,55 Market St|55-A Market St|57 Market St,Market St,,,Street and number agree but suffix/rear/range yields multiple or complex candidates,multiple_footprint_candidates,"The street and base number agree, but suffix, rear, or range differences leave more than one plausible footprint.",,,,,,,,
marney-st_13-19,13-19 Marney Street,Marney Street,Current building,1896,4,review,manual_review,2,2,435-21|435-28,15 Marney St|19 Marney St,Marney St,,,Street and number agree but suffix/rear/range yields multiple or complex candidates,multiple_footprint_candidates,"The street and base number agree, but suffix, rear, or range differences leave more than one plausible footprint.",,,,,,,,
marney-st_13-19r,13-19r Marney Street,Marney Street,"Addition, rear, or secondary building",1896,4,review,manual_review,2,2,435-21|435-28,15 Marney St|19 Marney St,Marney St,,,Street and number agree but suffix/rear/range yields multiple or complex candidates,multiple_footprint_candidates,"The street and base number agree, but suffix, rear, or range differences leave more than one plausible footprint.",,,,,,,,
mason-st_3_3,3 Mason Street,Mason Street,Current building,1965,6,review,manual_review,2,1,205-9,3 Madison St|3-1/2 Madison St,Madison St,,,Street-name pair is explicitly reserved for manual review,street_spelling_difference,"The number is compatible and the street spelling is close, but fuzzy street-name matches require manual confirmation.",,,,,,,,
massachusetts-ave_692-698,692-698 Massachusetts Avenue,Massachusetts Avenue,Current building,1872,4,review,manual_review,3,2,592-5|592-6,692 Massachusetts Ave|694 Massachusetts Ave|698 Massachusetts Ave,Massachusetts Ave,,,Street and number agree but suffix/rear/range yields multiple or complex candidates,multiple_footprint_candidates,"The street and base number agree, but suffix, rear, or range differences leave more than one plausible footprint.",,,,,,,,
massachusetts-ave_700-708_2,700-708 Massachusetts Avenue,Massachusetts Avenue,Current building,1908,4,review,manual_review,2,2,592-3|592-5,700 Massachusetts Ave|704 Massachusetts Ave,Massachusetts Ave,,,Street and number agree but suffix/rear/range yields multiple or complex candidates,multiple_footprint_candidates,"The street and base number agree, but suffix, rear, or range differences leave more than one plausible footprint.",,,,,,,,
massachusetts-ave_736-750,736-750 Massachusetts Avenue,Massachusetts Avenue,Current building,1922,4,review,manual_review,5,2,592-1|592-2,736 Massachusetts Ave|738 Massachusetts Ave|744 Massachusetts Ave|746 Massachusetts Ave|750 Massachusetts Ave,Massachusetts Ave,,,Street and number agree but suffix/rear/range yields multiple or complex candidates,multiple_footprint_candidates,"The street and base number agree, but suffix, rear, or range differences leave more than one plausible footprint.",,,,,,,,
massachusetts-ave_820-830,820-830 Massachusetts Avenue,Massachusetts Avenue,Current building,1896,4,review,manual_review,3,2,575-1|575-3,820 Massachusetts Ave|830 Massachusetts Ave,Massachusetts Ave,,,Street and number agree but suffix/rear/range yields multiple or complex candidates,multiple_footprint_candidates,"The street and base number agree, but suffix, rear, or range differences leave more than one plausible footprint.",,,,,,,,
massachusetts-ave_1515,1515 Massachusetts Avenue,Massachusetts Avenue,Current building,1882,4,review,manual_review,3,2,266-14|266-15,1515 Massachusetts Ave,Massachusetts Ave,,,Street and number agree but suffix/rear/range yields multiple or complex candidates,multiple_footprint_candidates,"The street and base number agree, but suffix, rear, or range differences leave more than one plausible footprint.",,,,,,,,
massachusetts-ave_1560-1570,1560-1570 Massachusetts Avenue,Massachusetts Avenue,Current building,1984,4,review,manual_review,3,3,252-12|252-33|252-35,1560 Massachusetts Ave|1564 Massachusetts Ave|1570 Massachusetts Ave,Massachusetts Ave,,,Street and number agree but suffix/rear/range yields multiple or complex candidates,multiple_footprint_candidates,"The street and base number agree, but suffix, rear, or range differences leave more than one plausible footprint.",,,,,,,,
massachusetts-ave_1640-1646,1640-1646 Massachusetts Avenue,Massachusetts Avenue,Current building,1923,4,review,manual_review,5,2,220-7|220-8,1640 Massachusetts Ave|1640-A Massachusetts Ave|1642 Massachusetts Ave|1644 Massachusetts Ave|1646 Massachusetts Ave,Massachusetts Ave,,,Street and number agree but suffix/rear/range yields multiple or complex candidates,multiple_footprint_candidates,"The street and base number agree, but suffix, rear, or range differences leave more than one plausible footprint.",,,,,,,,
massachusetts-ave_1676-1688_2,1676-1688 Massachusetts Avenue,Massachusetts Avenue,Current building,1955,4,review,manual_review,7,6,196-1|196-12|196-17|196-18|196-19|196-6,1678 Massachusetts Ave|1680 Massachusetts Ave|1680-A Massachusetts Ave|1682 Massachusetts Ave|1684 Massachusetts Ave|1686 Massachusetts Ave|1688 Massachusetts Ave,Massachusetts Ave,,,Street and number agree but suffix/rear/range yields multiple or complex candidates,multiple_footprint_candidates,"The street and base number agree, but suffix, rear, or range differences leave more than one plausible footprint.",,,,,,,,
massachusetts-ave_2141r,2141r Massachusetts Avenue,Massachusetts Avenue,"Addition, rear, or secondary building",1981,5,review,manual_review,4,2,72-13|72-4,9 Russell St|9-A Russell St|9-B Russell St|9-C Russell St,Russell St,,,Historical address or street alias produces current-address candidate(s),historical_address_or_alias,"A historical address or street alias produced candidates, but the alias has not yet been proven for automatic matching.",,,,,,,,
massachusetts-ave_2218,2218 Massachusetts Avenue,Massachusetts Avenue,Current building,1894,4,review,manual_review,2,2,62-2|62-5,2218 Massachusetts Ave,Massachusetts Ave,,,Street and number agree but suffix/rear/range yields multiple or complex candidates,multiple_footprint_candidates,"The street and base number agree, but suffix, rear, or range differences leave more than one plausible footprint.",,,,,,,,
massachusetts-ave_2254_2,2254 Massachusetts Avenue,Massachusetts Avenue,Current building,1930,4,review,manual_review,2,2,56-1|56-3,2254 Massachusetts Ave,Massachusetts Ave,,,Street and number agree but suffix/rear/range yields multiple or complex candidates,multiple_footprint_candidates,"The street and base number agree, but suffix, rear, or range differences leave more than one plausible footprint.",,,,,,,,
massachusetts-ave_2362-2366,2362-2366 Massachusetts Avenue,Massachusetts Avenue,Current building,1894,4,review,manual_review,2,2,40-3|40-4,2362 Massachusetts Ave|2366 Massachusetts Ave,Massachusetts Ave,,,Street and number agree but suffix/rear/range yields multiple or complex candidates,multiple_footprint_candidates,"The street and base number agree, but suffix, rear, or range differences leave more than one plausible footprint.",,,,,,,,
massachusetts-ave_2375_2,2375 Massachusetts Avenue,Massachusetts Avenue,Current building,1979,4,review,manual_review,2,2,25-14|25-26,2375 Massachusetts Ave,Massachusetts Ave,,,Street and number agree but suffix/rear/range yields multiple or complex candidates,multiple_footprint_candidates,"The street and base number agree, but suffix, rear, or range differences leave more than one plausible footprint.",,,,,,,,
massachusetts-ave_2510-2512,2510-2512 Massachusetts Avenue,Massachusetts Avenue,Current building,1887,4,review,manual_review,4,2,22-1|22-3,2510 Massachusetts Ave|2512 Massachusetts Ave|2512-A Massachusetts Ave|2512-B Massachusetts Ave,Massachusetts Ave,,,Street and number agree but suffix/rear/range yields multiple or complex candidates,multiple_footprint_candidates,"The street and base number agree, but suffix, rear, or range differences leave more than one plausible footprint.",,,,,,,,
massachusetts-ave_2530-2532,2530-2532 Massachusetts Avenue,Massachusetts Avenue,Current building,1888,4,review,manual_review,3,2,17-11|17-5,2530 Massachusetts Ave|2530-R Massachusetts Ave|2532 Massachusetts Ave,Massachusetts Ave,,,Street and number agree but suffix/rear/range yields multiple or complex candidates,multiple_footprint_candidates,"The street and base number agree, but suffix, rear, or range differences leave more than one plausible footprint.",,,,,,,,
medeiros-ave_377-379,377-379 Medeiros Avenue,Medeiros Avenue,Current building,1890,6,review,manual_review,4,2,435-24|435-8,377 Cardinal Medeiros Ave|377-A Cardinal Medeiros Ave|379 Cardinal Medeiros Ave|379-A Cardinal Medeiros Ave,Cardinal Medeiros Ave,,,Explicit confirmed street-name alias has multiple or complex footprint candidates,multiple_footprint_candidates,"The street and base number agree, but suffix, rear, or range differences leave more than one plausible footprint.",,,,,,,,
medeiros-ave_377a-379a,377A-379A Medeiros Avenue,Medeiros Avenue,"Addition, rear, or secondary building",1912,6,review,manual_review,4,2,435-24|435-8,377 Cardinal Medeiros Ave|377-A Cardinal Medeiros Ave|379 Cardinal Medeiros Ave|379-A Cardinal Medeiros Ave,Cardinal Medeiros Ave,,,Explicit confirmed street-name alias has multiple or complex footprint candidates,multiple_footprint_candidates,"The street and base number agree, but suffix, rear, or range differences leave more than one plausible footprint.",,,,,,,,
medeiros-ave_391-395,391-395 Medeiros Avenue,Medeiros Avenue,Current building,1901,5,review,manual_review,1,1,435-2,8 Marcella St,Marcella St,,,Historical address or street alias produces current-address candidate(s),historical_address_or_alias,"A historical address or street alias produced candidates, but the alias has not yet been proven for automatic matching.",,,,,,,,
medeiros-ave_439-441,439-441 Medeiros Avenue,Medeiros Avenue,Current building,1895,6,review,manual_review,2,2,412-13|412-17,439 Cardinal Medeiros Ave|441 Cardinal Medeiros Ave,Cardinal Medeiros Ave,,,Explicit confirmed street-name alias has multiple or complex footprint candidates,multiple_footprint_candidates,"The street and base number agree, but suffix, rear, or range differences leave more than one plausible footprint.",,,,,,,,
mellen-st_8,8 Mellen Street,Mellen Street,Current building,1875,4,review,manual_review,2,2,243-14|243-8,8 Mellen St,Mellen St,,,Street and number agree but suffix/rear/range yields multiple or complex candidates,multiple_footprint_candidates,"The street and base number agree, but suffix, rear, or range differences leave more than one plausible footprint.",,,,,,,,
mellen-st_8r,8r Mellen Street,Mellen Street,"Addition, rear, or secondary building",1936,4,review,manual_review,2,2,243-14|243-8,8 Mellen St,Mellen St,,,Street and number agree but suffix/rear/range yields multiple or complex candidates,multiple_footprint_candidates,"The street and base number agree, but suffix, rear, or range differences leave more than one plausible footprint.",,,,,,,,
mellen-st_13,13 Mellen Street,Mellen Street,Current building,1859,4,review,manual_review,2,2,226-17|226-26,13 Mellen St,Mellen St,,,Street and number agree but suffix/rear/range yields multiple or complex candidates,multiple_footprint_candidates,"The street and base number agree, but suffix, rear, or range differences leave more than one plausible footprint.",,,,,,,,
memorial-dr_182-222,182-222 Memorial Drive,Memorial Drive,Current building,1914,4,review,manual_review,4,4,668-10|668-2|668-4|668-6,182 Memorial Dr|182-R Memorial Dr|222 Memorial Dr,Memorial Dr,,,Street and number agree but suffix/rear/range yields multiple or complex candidates,multiple_footprint_candidates,"The street and base number agree, but suffix, rear, or range differences leave more than one plausible footprint.",,,,,,,,
memorial-dr_405-407,405-407 Memorial Drive,Memorial Drive,Current building,1972,4,review,manual_review,2,2,742-2|742-7,405 Memorial Dr|407 Memorial Dr,Memorial Dr,,,Street and number agree but suffix/rear/range yields multiple or complex candidates,multiple_footprint_candidates,"The street and base number agree, but suffix, rear, or range differences leave more than one plausible footprint.",,,,,,,,
memorial-dr_410-420,410-420 Memorial Drive,Memorial Drive,Current building,1926,4,review,manual_review,2,2,708-16|742-1,410 Memorial Dr|410-R Memorial Dr,Memorial Dr,,,Street and number agree but suffix/rear/range yields multiple or complex candidates,multiple_footprint_candidates,"The street and base number agree, but suffix, rear, or range differences leave more than one plausible footprint.",,,,,,,,
memorial-dr_410r,410r Memorial Drive,Memorial Drive,"Addition, rear, or secondary building",1971,4,review,manual_review,2,2,708-16|742-1,410 Memorial Dr|410-R Memorial Dr,Memorial Dr,,,Street and number agree but suffix/rear/range yields multiple or complex candidates,multiple_footprint_candidates,"The street and base number agree, but suffix, rear, or range differences leave more than one plausible footprint.",,,,,,,,
memorial-dr_575,575 Memorial Drive,Memorial Drive,Current building,1973,4,review,manual_review,2,2,750-2|750-5,575 Memorial Dr,Memorial Dr,,,Street and number agree but suffix/rear/range yields multiple or complex candidates,multiple_footprint_candidates,"The street and base number agree, but suffix, rear, or range differences leave more than one plausible footprint.",,,,,,,,
memorial-dr_808-812,808-812 Memorial Drive,Memorial Drive,Current building,1973,4,review,manual_review,4,3,681-2|681-3|681-6,808 Memorial Dr|810 Memorial Dr|812 Memorial Dr,Memorial Dr,,,Street and number agree but suffix/rear/range yields multiple or complex candidates,multiple_footprint_candidates,"The street and base number agree, but suffix, rear, or range differences leave more than one plausible footprint.",,,,,,,,
memorial-dr_900_2,900 Memorial Drive,Memorial Drive,Current building,1963,4,review,manual_review,8,8,560-1|560-19|560-21|560-22|560-23|560-25|560-3|560-31,900 Memorial Dr,Memorial Dr,,,Street and number agree but suffix/rear/range yields multiple or complex candidates,multiple_footprint_candidates,"The street and base number agree, but suffix, rear, or range differences leave more than one plausible footprint.",,,,,,,,
memorial-dr_945,945 Memorial Drive,Memorial Drive,Current building,1929,4,review,manual_review,2,2,513-1|513-2,945 Memorial Dr,Memorial Dr,,,Street and number agree but suffix/rear/range yields multiple or complex candidates,multiple_footprint_candidates,"The street and base number agree, but suffix, rear, or range differences leave more than one plausible footprint.",,,,,,,,
memorial-dr_960,960 Memorial Drive,Memorial Drive,Current building,1913,5,review,manual_review,1,1,437-10,32 Mill St,Mill St,,,Historical address or street alias produces current-address candidate(s),historical_address_or_alias,"A historical address or street alias produced candidates, but the alias has not yet been proven for automatic matching.",,,,,,,,
memorial-dr_972-990,972-990 Memorial Drive,Memorial Drive,Current building,,4,review,manual_review,7,3,356-22|356-33|356-38,980 Memorial Dr|984 Memorial Dr|986 Memorial Dr|988 Memorial Dr,Memorial Dr,,,Street and number agree but suffix/rear/range yields multiple or complex candidates,multiple_footprint_candidates,"The street and base number agree, but suffix, rear, or range differences leave more than one plausible footprint.",,,,,,,,
merriam-st_14,14 Merriam Street,Merriam Street,Current building,,5,review,manual_review,1,1,720-4,21 Erie St,Erie St,,,Historical address or street alias produces current-address candidate(s),historical_address_or_alias,"A historical address or street alias produced candidates, but the alias has not yet been proven for automatic matching.",,,,,,,,
michael-way_1-3,1-3 Michael Way,Michael Way,Current building,1983,4,review,manual_review,2,2,500-10|500-12,1 Michael Way|3 Michael Way,Michael Way,,,Street and number agree but suffix/rear/range yields multiple or complex candidates,multiple_footprint_candidates,"The street and base number agree, but suffix, rear, or range differences leave more than one plausible footprint.",,,,,,,,
montgomery-st_57-59,57-59 Montgomery Street,Montgomery Street,"Addition, rear, or secondary building",1997,4,review,manual_review,2,2,49-17|49-19,57 Montgomery St|59 Montgomery St,Montgomery St,,,Street and number agree but suffix/rear/range yields multiple or complex candidates,multiple_footprint_candidates,"The street and base number agree, but suffix, rear, or range differences leave more than one plausible footprint.",,,,,,,,
moulton-st_18,18 Moulton Street,Moulton Street,Current building,1954,6,review,manual_review,1,1,72-1,18 Milton St,Milton St,,,Street-name pair is explicitly reserved for manual review,street_spelling_difference,"The number is compatible and the street spelling is close, but fuzzy street-name matches require manual confirmation.",,,,,,,,
mount-auburn-st_4-6,4-6 Mount Auburn Street,Mount Auburn Street,Current building,1868,6,review,manual_review,3,2,476-10|476-3,4 Mt Auburn St|4-A Mt Auburn St|6 Mt Auburn St,Mt Auburn St,,,Explicit confirmed street-name alias has multiple or complex footprint candidates,multiple_footprint_candidates,"The street and base number agree, but suffix, rear, or range differences leave more than one plausible footprint.",,,,,,,,
mount-auburn-st_4r,4r Mount Auburn Street,Mount Auburn Street,"Addition, rear, or secondary building",1865,6,review,manual_review,2,2,476-10|476-3,4 Mt Auburn St|4-A Mt Auburn St,Mt Auburn St,,,Explicit confirmed street-name alias has multiple or complex footprint candidates,multiple_footprint_candidates,"The street and base number agree, but suffix, rear, or range differences leave more than one plausible footprint.",,,,,,,,
mount-auburn-st_11_2,11 Mount Auburn Street,Mount Auburn Street,Current building,1862,6,review,manual_review,3,2,439-12|439-15,11 Mt Auburn St|11-A Mt Auburn St|11-B Mt Auburn St,Mt Auburn St,,,Explicit confirmed street-name alias has multiple or complex footprint candidates,multiple_footprint_candidates,"The street and base number agree, but suffix, rear, or range differences leave more than one plausible footprint.",,,,,,,,
mount-auburn-st_14-16,14-16 Mount Auburn Street,Mount Auburn Street,Current building,1861,6,review,manual_review,4,2,470-5|470-8,14 Mt Auburn St|14-R Mt Auburn St|16 Mt Auburn St|16-A Mt Auburn St,Mt Auburn St,,,Explicit confirmed street-name alias has multiple or complex footprint candidates,multiple_footprint_candidates,"The street and base number agree, but suffix, rear, or range differences leave more than one plausible footprint.",,,,,,,,
mount-auburn-st_14r,14r Mount Auburn Street,Mount Auburn Street,"Addition, rear, or secondary building",1986,6,review,manual_review,2,2,470-5|470-8,14 Mt Auburn St|14-R Mt Auburn St,Mt Auburn St,,,Explicit confirmed street-name alias has multiple or complex footprint candidates,multiple_footprint_candidates,"The street and base number agree, but suffix, rear, or range differences leave more than one plausible footprint.",,,,,,,,
mount-auburn-st_29_2,29 Mount Auburn Street,Mount Auburn Street,Current building,1990,6,review,manual_review,3,3,439-1|439-5|439-6,29 Mt Auburn St,Mt Auburn St,,,Explicit confirmed street-name alias has multiple or complex footprint candidates,multiple_footprint_candidates,"The street and base number agree, but suffix, rear, or range differences leave more than one plausible footprint.",,,,,,,,
mount-auburn-st_30,30 Mount Auburn Street,Mount Auburn Street,Current building,1860,6,review,manual_review,4,2,457-1|457-6,30 Mt Auburn St|30-A Mt Auburn St|30-B Mt Auburn St|30-C Mt Auburn St,Mt Auburn St,,,Explicit confirmed street-name alias has multiple or complex footprint candidates,multiple_footprint_candidates,"The street and base number agree, but suffix, rear, or range differences leave more than one plausible footprint.",,,,,,,,
mount-auburn-st_30r,30r Mount Auburn Street,Mount Auburn Street,"Addition, rear, or secondary building",1990,6,review,manual_review,4,2,457-1|457-6,30 Mt Auburn St|30-A Mt Auburn St|30-B Mt Auburn St|30-C Mt Auburn St,Mt Auburn St,,,Explicit confirmed street-name alias has multiple or complex footprint candidates,multiple_footprint_candidates,"The street and base number agree, but suffix, rear, or range differences leave more than one plausible footprint.",,,,,,,,
mount-auburn-st_45,45 Mount Auburn Street,Mount Auburn Street,Current building,1971,6,review,manual_review,2,2,438-4|438-5,45 Mt Auburn St|45-1/2 Mt Auburn St,Mt Auburn St,,,Explicit confirmed street-name alias has multiple or complex footprint candidates,multiple_footprint_candidates,"The street and base number agree, but suffix, rear, or range differences leave more than one plausible footprint.",,,,,,,,
mount-auburn-st_65_2,65 Mount Auburn Street,Mount Auburn Street,Current building,1904,6,review,manual_review,2,2,389-10|389-2,65 Mt Auburn St|65-R Mt Auburn St,Mt Auburn St,,,Explicit confirmed street-name alias has multiple or complex footprint candidates,multiple_footprint_candidates,"The street and base number agree, but suffix, rear, or range differences leave more than one plausible footprint.",,,,,,,,
mount-auburn-st_65r_2,65r Mount Auburn Street,Mount Auburn Street,"Addition, rear, or secondary building",1957,5,review,manual_review,1,1,389-13,16 Holyoke St,Holyoke St,,,Historical address or street alias produces current-address candidate(s),historical_address_or_alias,"A historical address or street alias produced candidates, but the alias has not yet been proven for automatic matching.",,,,,,,,
mount-auburn-st_330,330 Mount Auburn Street,Mount Auburn Street,Current building,1883,6,review,manual_review,3,3,330-1|330-3|330-4,330 Mt Auburn St,Mt Auburn St,,,Explicit confirmed street-name alias has multiple or complex footprint candidates,multiple_footprint_candidates,"The street and base number agree, but suffix, rear, or range differences leave more than one plausible footprint.",,,,,,,,
norfolk-st_284-290,284-290 Norfolk Street,Norfolk Street,Current building,1886,4,review,manual_review,2,2,385-53|385-56,288 Norfolk St,Norfolk St,,,Street and number agree but suffix/rear/range yields multiple or complex candidates,multiple_footprint_candidates,"The street and base number agree, but suffix, rear, or range differences leave more than one plausible footprint.",,,,,,,,
norfolk-st_340r,340r Norfolk Street,Norfolk Street,"Addition, rear, or secondary building",1870,4,review,manual_review,2,2,385-20|385-35,340 Norfolk St|340-A Norfolk St,Norfolk St,,,Street and number agree but suffix/rear/range yields multiple or complex candidates,multiple_footprint_candidates,"The street and base number agree, but suffix, rear, or range differences leave more than one plausible footprint.",,,,,,,,
norfolk-st_388,388 Norfolk Street,Norfolk Street,Current building,1873,4,review,manual_review,2,2,347-12|347-13,388 Norfolk St,Norfolk St,,,Street and number agree but suffix/rear/range yields multiple or complex candidates,multiple_footprint_candidates,"The street and base number agree, but suffix, rear, or range differences leave more than one plausible footprint.",,,,,,,,
normandy-ave_30-32,30-32 Normandy Avenue,Normandy Avenue,Current building,1973,4,review,manual_review,2,2,46-10|46-3,30 Normandy Ave|32 Normandy Ave,Normandy Ave,,,Street and number agree but suffix/rear/range yields multiple or complex candidates,multiple_footprint_candidates,"The street and base number agree, but suffix, rear, or range differences leave more than one plausible footprint.",,,,,,,,
otis-st_63-65,63-65 Otis Street,Otis Street,Current building,1871,4,review,manual_review,3,2,447-1|447-2,63 Otis St|65 Otis St|65-R Otis St,Otis St,,,Street and number agree but suffix/rear/range yields multiple or complex candidates,multiple_footprint_candidates,"The street and base number agree, but suffix, rear, or range differences leave more than one plausible footprint.",,,,,,,,
otis-st_117-119,117-119 Otis Street,Otis Street,Current building,1871,4,review,manual_review,3,2,432-14|432-15,117 Otis St|117-A Otis St|119 Otis St,Otis St,,,Street and number agree but suffix/rear/range yields multiple or complex candidates,multiple_footprint_candidates,"The street and base number agree, but suffix, rear, or range differences leave more than one plausible footprint.",,,,,,,,
otis-st_122-124,122-124 Otis Street,Otis Street,Current building,1870,4,review,manual_review,4,2,458-19|458-7,122 Otis St|122-1/2 Otis St|124 Otis St|124-1/2 Otis St,Otis St,,,Street and number agree but suffix/rear/range yields multiple or complex candidates,multiple_footprint_candidates,"The street and base number agree, but suffix, rear, or range differences leave more than one plausible footprint.",,,,,,,,
oxford-st_9-15,9-15 Oxford Street,Oxford Street,Current building,1951,4,review,manual_review,2,2,266-12|266-16,11 Oxford St|9 Oxford St,Oxford St,,,Street and number agree but suffix/rear/range yields multiple or complex candidates,multiple_footprint_candidates,"The street and base number agree, but suffix, rear, or range differences leave more than one plausible footprint.",,,,,,,,
oxford-st_12_2,12 Oxford Street,Oxford Street,Current building,1927,4,review,manual_review,4,4,241-10|241-4|241-45|241-8,12 Oxford St,Oxford St,,,Street and number agree but suffix/rear/range yields multiple or complex candidates,multiple_footprint_candidates,"The street and base number agree, but suffix, rear, or range differences leave more than one plausible footprint.",,,,,,,,
oxford-st_12r,12r Oxford Street,Oxford Street,"Addition, rear, or secondary building",1927,4,review,manual_review,4,4,241-10|241-4|241-45|241-8,12 Oxford St,Oxford St,,,Street and number agree but suffix/rear/range yields multiple or complex candidates,multiple_footprint_candidates,"The street and base number agree, but suffix, rear, or range differences leave more than one plausible footprint.",,,,,,,,
oxford-st_78-80,78-80 Oxford Street,Oxford Street,Current building,1886,4,review,manual_review,2,2,211-31|211-6,78 Oxford St|80 Oxford St,Oxford St,,,Street and number agree but suffix/rear/range yields multiple or complex candidates,multiple_footprint_candidates,"The street and base number agree, but suffix, rear, or range differences leave more than one plausible footprint.",,,,,,,,
oxford-st_128r,128r Oxford Street,Oxford Street,"Addition, rear, or secondary building",1908,4,review,manual_review,2,2,149-5|149-6,128 Oxford St|128-R Oxford St,Oxford St,,,Street and number agree but suffix/rear/range yields multiple or complex candidates,multiple_footprint_candidates,"The street and base number agree, but suffix, rear, or range differences leave more than one plausible footprint.",,,,,,,,
pacific-st_115-117,115-117 Pacific Street,Pacific Street,Current building,1996,4,review,manual_review,2,2,665-15|665-16,115 Pacific St|117 Pacific St,Pacific St,,,Street and number agree but suffix/rear/range yields multiple or complex candidates,multiple_footprint_candidates,"The street and base number agree, but suffix, rear, or range differences leave more than one plausible footprint.",,,,,,,,
pearl-st_135-139,135-139 Pearl Street,Pearl Street,Current building,1860,4,review,manual_review,2,2,676-16|676-20,135 Pearl St|139 Pearl St,Pearl St,,,Street and number agree but suffix/rear/range yields multiple or complex candidates,multiple_footprint_candidates,"The street and base number agree, but suffix, rear, or range differences leave more than one plausible footprint.",,,,,,,,
pearl-st_252,252 Pearl Street,Pearl Street,Current building,1871,4,review,manual_review,2,2,719-8|719-9,252 Pearl St,Pearl St,,,Street and number agree but suffix/rear/range yields multiple or complex candidates,multiple_footprint_candidates,"The street and base number agree, but suffix, rear, or range differences leave more than one plausible footprint.",,,,,,,,
pemberton-st_93-95,93-95 Pemberton Street,Pemberton Street,Current building,1893,6,review,manual_review,1,1,77-61,93 Pemberton Ct,Pemberton Ct,,,Unconfirmed small street-name spelling difference with compatible number,street_spelling_difference,"The number is compatible and the street spelling is close, but fuzzy street-name matches require manual confirmation.",,,,,,,,
pemberton-st_100-140,100-140 Pemberton Street,Pemberton Street,"Addition, rear, or secondary building",1894,5,review,manual_review,3,3,73-1|73-2|73-3,70 Rindge Ave|70-R Rindge Ave,Rindge Ave,,,Historical address or street alias produces current-address candidate(s),historical_address_or_alias,"A historical address or street alias produced candidates, but the alias has not yet been proven for automatic matching.",,,,,,,,
perry-st_8r_2,8r Perry Street,Perry Street,"Addition, rear, or secondary building",1905,4,review,manual_review,2,2,676-11|676-15,8 Perry St|8-1/2 Perry St,Perry St,,,Street and number agree but suffix/rear/range yields multiple or complex candidates,multiple_footprint_candidates,"The street and base number agree, but suffix, rear, or range differences leave more than one plausible footprint.",,,,,,,,
perry-st_11,11 Perry Street,Perry Street,Current building,1868,4,review,manual_review,2,2,660-24|660-29,11 Perry St,Perry St,,,Street and number agree but suffix/rear/range yields multiple or complex candidates,multiple_footprint_candidates,"The street and base number agree, but suffix, rear, or range differences leave more than one plausible footprint.",,,,,,,,
pleasant-st_7,7 Pleasant Street,Pleasant Street,Current building,1900,6,review,manual_review,1,1,642-16,7 Pleasant Pl,Pleasant Pl,,,Unconfirmed small street-name spelling difference with compatible number,street_spelling_difference,"The number is compatible and the street spelling is close, but fuzzy street-name matches require manual confirmation.",,,,,,,,
plymouth-st_9r,9r Plymouth Street,Plymouth Street,"Addition, rear, or secondary building",1888,4,review,manual_review,2,2,516-17|516-20,9 Plymouth St|9-A Plymouth St,Plymouth St,,,Street and number agree but suffix/rear/range yields multiple or complex candidates,multiple_footprint_candidates,"The street and base number agree, but suffix, rear, or range differences leave more than one plausible footprint.",,,,,,,,
plymouth-st_51-53,51-53 Plymouth Street,Plymouth Street,Current building,1890,4,review,manual_review,2,2,491-10|499-9,51 Plymouth St|53 Plymouth St,Plymouth St,,,Street and number agree but suffix/rear/range yields multiple or complex candidates,multiple_footprint_candidates,"The street and base number agree, but suffix, rear, or range differences leave more than one plausible footprint.",,,,,,,,
plympton-st_58,58 Plympton Street,Plympton Street,Current building,1958,4,review,manual_review,3,2,438-1|438-8,58 Plympton St,Plympton St,,,Street and number agree but suffix/rear/range yields multiple or complex candidates,multiple_footprint_candidates,"The street and base number agree, but suffix, rear, or range differences leave more than one plausible footprint.",,,,,,,,
porter-rd_38-46,38-46 Porter Road,Porter Road,Current building,1913,4,review,manual_review,3,3,110-2|110-3|110-5,38 Porter Rd|40 Porter Rd|46 Porter Rd,Porter Rd,,,Street and number agree but suffix/rear/range yields multiple or complex candidates,multiple_footprint_candidates,"The street and base number agree, but suffix, rear, or range differences leave more than one plausible footprint.",,,,,,,,
prentiss-st_34r,34r Prentiss Street,Prentiss Street,"Addition, rear, or secondary building",1886,4,review,manual_review,2,2,173-12|173-23,34 Prentiss St|34-R Prentiss St,Prentiss St,,,Street and number agree but suffix/rear/range yields multiple or complex candidates,multiple_footprint_candidates,"The street and base number agree, but suffix, rear, or range differences leave more than one plausible footprint.",,,,,,,,
prospect-st_62-64,62-64 Prospect Street,Prospect Street,Current building,1883,4,review,manual_review,3,2,542-27|542-7,62 Prospect St|64 Prospect St|64-1/2 Prospect St,Prospect St,,,Street and number agree but suffix/rear/range yields multiple or complex candidates,multiple_footprint_candidates,"The street and base number agree, but suffix, rear, or range differences leave more than one plausible footprint.",,,,,,,,
prospect-st_154-162,154-162 Prospect Street,Prospect Street,Current building,1923,4,review,manual_review,5,3,511-1|511-3|511-7,154 Prospect St|156 Prospect St|156-1 Prospect St|156-2 Prospect St|158 Prospect St,Prospect St,,,Street and number agree but suffix/rear/range yields multiple or complex candidates,multiple_footprint_candidates,"The street and base number agree, but suffix, rear, or range differences leave more than one plausible footprint.",,,,,,,,
prospect-st_215-223,215-223 Prospect Street,Prospect Street,Current building,1927,4,review,manual_review,3,2,394-17|394-32,215 Prospect St|221 Prospect St|223 Prospect St,Prospect St,,,Street and number agree but suffix/rear/range yields multiple or complex candidates,multiple_footprint_candidates,"The street and base number agree, but suffix, rear, or range differences leave more than one plausible footprint.",,,,,,,,
prospect-st_254-256,254-256 Prospect Street,Prospect Street,Current building,1893,4,review,manual_review,3,2,415-10|415-2,254 Prospect St|256 Prospect St,Prospect St,,,Street and number agree but suffix/rear/range yields multiple or complex candidates,multiple_footprint_candidates,"The street and base number agree, but suffix, rear, or range differences leave more than one plausible footprint.",,,,,,,,
prospect-st_254r,254r Prospect Street,Prospect Street,"Addition, rear, or secondary building",1929,4,review,manual_review,2,2,415-10|415-2,254 Prospect St,Prospect St,,,Street and number agree but suffix/rear/range yields multiple or complex candidates,multiple_footprint_candidates,"The street and base number agree, but suffix, rear, or range differences leave more than one plausible footprint.",,,,,,,,
prospect-st_310a,310A Prospect Street,Prospect Street,"Addition, rear, or secondary building",1868,4,review,manual_review,2,2,377-14|377-17,310 Prospect St|310-R Prospect St,Prospect St,,,Street and number agree but suffix/rear/range yields multiple or complex candidates,multiple_footprint_candidates,"The street and base number agree, but suffix, rear, or range differences leave more than one plausible footprint.",,,,,,,,
prospect-st_370-372,370-372 Prospect Street,Prospect Street,Current building,1897,4,review,manual_review,3,2,338-11|338-9,370 Prospect St|372 Prospect St|372-A Prospect St,Prospect St,,,Street and number agree but suffix/rear/range yields multiple or complex candidates,multiple_footprint_candidates,"The street and base number agree, but suffix, rear, or range differences leave more than one plausible footprint.",,,,,,,,
prospect-st_384,384 Prospect Street,Prospect Street,Current building,1883,4,review,manual_review,2,2,338-4|338-6,384 Prospect St,Prospect St,,,Street and number agree but suffix/rear/range yields multiple or complex candidates,multiple_footprint_candidates,"The street and base number agree, but suffix, rear, or range differences leave more than one plausible footprint.",,,,,,,,
putnam-ave_269,269 Putnam Avenue,Putnam Avenue,Current building,1883,4,review,manual_review,2,2,636-10|636-12,269 Putnam Ave,Putnam Ave,,,Street and number agree but suffix/rear/range yields multiple or complex candidates,multiple_footprint_candidates,"The street and base number agree, but suffix, rear, or range differences leave more than one plausible footprint.",,,,,,,,
putnam-ave_375,375 Putnam Avenue,Putnam Avenue,Current building,1988,4,review,manual_review,2,2,681-4|681-7,375 Putnam Ave,Putnam Ave,,,Street and number agree but suffix/rear/range yields multiple or complex candidates,multiple_footprint_candidates,"The street and base number agree, but suffix, rear, or range differences leave more than one plausible footprint.",,,,,,,,
putnam-ave_531-533,531-533 Putnam Avenue,Putnam Avenue,Current building,1869,4,review,manual_review,3,2,731-7|731-8,531 Putnam Ave|533 Putnam Ave|533-A Putnam Ave,Putnam Ave,,,Street and number agree but suffix/rear/range yields multiple or complex candidates,multiple_footprint_candidates,"The street and base number agree, but suffix, rear, or range differences leave more than one plausible footprint.",,,,,,,,
raymond-st_182-188,182-188 Raymond Street,Raymond Street,Current building,1886,4,review,manual_review,3,2,106-22|106-62,182 Raymond St|184 Raymond St|188 Raymond St,Raymond St,,,Street and number agree but suffix/rear/range yields multiple or complex candidates,multiple_footprint_candidates,"The street and base number agree, but suffix, rear, or range differences leave more than one plausible footprint.",,,,,,,,
reed-st_20-22,20-22 Reed Street,Reed Street,Current building,1915,4,review,manual_review,3,2,49-1|49-2,20 Reed St|20-R Reed St|22 Reed St,Reed St,,,Street and number agree but suffix/rear/range yields multiple or complex candidates,multiple_footprint_candidates,"The street and base number agree, but suffix, rear, or range differences leave more than one plausible footprint.",,,,,,,,
reed-st_23,23 Reed Street,Reed Street,Current building,1913,4,review,manual_review,2,2,47-11|47-42,23 Reed St,Reed St,,,Street and number agree but suffix/rear/range yields multiple or complex candidates,multiple_footprint_candidates,"The street and base number agree, but suffix, rear, or range differences leave more than one plausible footprint.",,,,,,,,
reed-st_55-57,55-57 Reed Street,Reed Street,Current building,1897,4,review,manual_review,2,2,47-20|47-9,55 Reed St|57 Reed St,Reed St,,,Street and number agree but suffix/rear/range yields multiple or complex candidates,multiple_footprint_candidates,"The street and base number agree, but suffix, rear, or range differences leave more than one plausible footprint.",,,,,,,,
reed-st_108-110,108-110 Reed Street,Reed Street,Current building,1870,4,review,manual_review,2,2,33-22|33-24,108 Reed St|110 Reed St,Reed St,,,Street and number agree but suffix/rear/range yields multiple or complex candidates,multiple_footprint_candidates,"The street and base number agree, but suffix, rear, or range differences leave more than one plausible footprint.",,,,,,,,
rice-st_36a,36A Rice Street,Rice Street,"Addition, rear, or secondary building",1910,4,review,manual_review,2,2,53-23|53-29,36 Rice St|36-A Rice St,Rice St,,,Street and number agree but suffix/rear/range yields multiple or complex candidates,multiple_footprint_candidates,"The street and base number agree, but suffix, rear, or range differences leave more than one plausible footprint.",,,,,,,,
rice-st_36-38,36-38 Rice Street,Rice Street,Current building,1910,4,review,manual_review,3,2,53-23|53-29,36 Rice St|36-A Rice St|38 Rice St,Rice St,,,Street and number agree but suffix/rear/range yields multiple or complex candidates,multiple_footprint_candidates,"The street and base number agree, but suffix, rear, or range differences leave more than one plausible footprint.",,,,,,,,
rice-st_48a,48A Rice Street,Rice Street,"Addition, rear, or secondary building",1859,4,review,manual_review,2,2,53-26|53-32,48 Rice St|48-A Rice St,Rice St,,,Street and number agree but suffix/rear/range yields multiple or complex candidates,multiple_footprint_candidates,"The street and base number agree, but suffix, rear, or range differences leave more than one plausible footprint.",,,,,,,,
richdale-ave_135_2,135 Richdale Avenue,Richdale Avenue,"Addition, rear, or secondary building",1997,4,review,manual_review,2,2,103-15|103-7,135 Richdale Ave,Richdale Ave,,,Street and number agree but suffix/rear/range yields multiple or complex candidates,multiple_footprint_candidates,"The street and base number agree, but suffix, rear, or range differences leave more than one plausible footprint.",,,,,,,,
richdale-ave_175_2,175 Richdale Avenue,Richdale Avenue,"Addition, rear, or secondary building",1997,4,review,manual_review,2,2,103-4|103-6,175 Richdale Ave,Richdale Ave,,,Street and number agree but suffix/rear/range yields multiple or complex candidates,multiple_footprint_candidates,"The street and base number agree, but suffix, rear, or range differences leave more than one plausible footprint.",,,,,,,,
rindge-ave_70_2,70 Rindge Avenue,Rindge Avenue,Current building,1955,4,review,manual_review,3,3,73-1|73-2|73-3,70 Rindge Ave|70-R Rindge Ave,Rindge Ave,,,Street and number agree but suffix/rear/range yields multiple or complex candidates,multiple_footprint_candidates,"The street and base number agree, but suffix, rear, or range differences leave more than one plausible footprint.",,,,,,,,
riverside-rd_0,0 Riverside Road,Riverside Road,Current building,1974,5,review,manual_review,1,1,718-6,750 Memorial Dr,Memorial Dr,,,Historical address or street alias produces current-address candidate(s),historical_address_or_alias,"A historical address or street alias produced candidates, but the alias has not yet been proven for automatic matching.",,,,,,,,
rockwell-st_14-16,14-16 Rockwell Street,Rockwell Street,Current building,1861,4,review,manual_review,3,2,664-10|664-12,14 Rockwell St|14-1/2 Rockwell St|16 Rockwell St,Rockwell St,,,Street and number agree but suffix/rear/range yields multiple or complex candidates,multiple_footprint_candidates,"The street and base number agree, but suffix, rear, or range differences leave more than one plausible footprint.",,,,,,,,
russell-st_48r,48r Russell Street,Russell Street,"Addition, rear, or secondary building",1999,4,review,manual_review,3,2,61-4|61-7,48 Russell St|48-2 Russell St|48-3 Russell St,Russell St,,,Street and number agree but suffix/rear/range yields multiple or complex candidates,multiple_footprint_candidates,"The street and base number agree, but suffix, rear, or range differences leave more than one plausible footprint.",,,,,,,,
sacramento-st_5a,5A Sacramento Street,Sacramento Street,"Addition, rear, or secondary building",1892,4,review,manual_review,2,2,190-28|190-34,5 Sacramento St|5-A Sacramento St,Sacramento St,,,Street and number agree but suffix/rear/range yields multiple or complex candidates,multiple_footprint_candidates,"The street and base number agree, but suffix, rear, or range differences leave more than one plausible footprint.",,,,,,,,
sacramento-st_14a,14A Sacramento Street,Sacramento Street,"Addition, rear, or secondary building",1887,4,review,manual_review,4,2,214-21|214-24,14 Sacramento St|14-A Sacramento St|14-B Sacramento St|14-R Sacramento St,Sacramento St,,,Street and number agree but suffix/rear/range yields multiple or complex candidates,multiple_footprint_candidates,"The street and base number agree, but suffix, rear, or range differences leave more than one plausible footprint.",,,,,,,,
sacramento-st_31a,31A Sacramento Street,Sacramento Street,"Addition, rear, or secondary building",1903,4,review,manual_review,2,2,190-31|190-36,31 Sacramento St|31-A Sacramento St,Sacramento St,,,Street and number agree but suffix/rear/range yields multiple or complex candidates,multiple_footprint_candidates,"The street and base number agree, but suffix, rear, or range differences leave more than one plausible footprint.",,,,,,,,
sacramento-st_44a,44A Sacramento Street,Sacramento Street,"Addition, rear, or secondary building",1928,4,review,manual_review,4,2,211-11|211-18,44 Sacramento St|44-A Sacramento St|44-B Sacramento St|44-C Sacramento St,Sacramento St,,,Street and number agree but suffix/rear/range yields multiple or complex candidates,multiple_footprint_candidates,"The street and base number agree, but suffix, rear, or range differences leave more than one plausible footprint.",,,,,,,,
sciarappa-st_119r,119r Sciarappa Street,Sciarappa Street,"Addition, rear, or secondary building",1872,4,review,manual_review,2,2,530-31|530-34,119 Sciarappa St|119-1/2 Sciarappa St,Sciarappa St,,,Street and number agree but suffix/rear/range yields multiple or complex candidates,multiple_footprint_candidates,"The street and base number agree, but suffix, rear, or range differences leave more than one plausible footprint.",,,,,,,,
second-st_79,79 Second Street,Second Street,Current building,1946,5,review,manual_review,1,1,525-3,32 Spring St,Spring St,,,Historical address or street alias produces current-address candidate(s),historical_address_or_alias,"A historical address or street alias produced candidates, but the alias has not yet been proven for automatic matching.",,,,,,,,
sellers-st_15-17,15-17 Sellers Street,Sellers Street,Current building,1930,4,review,manual_review,2,2,539-20|539-21,15 Sellers St|17 Sellers St,Sellers St,,,Street and number agree but suffix/rear/range yields multiple or complex candidates,multiple_footprint_candidates,"The street and base number agree, but suffix, rear, or range differences leave more than one plausible footprint.",,,,,,,,
shea-rd_48,48 Shea Road,Shea Road,"Addition, rear, or secondary building",1891,5,review,manual_review,1,1,36-1,32 Locke St,Locke St,,,Historical address or street alias produces current-address candidate(s),historical_address_or_alias,"A historical address or street alias produced candidates, but the alias has not yet been proven for automatic matching.",,,,,,,,
shepard-st_26c,26C Shepard Street,Shepard Street,"Addition, rear, or secondary building",1900,4,review,manual_review,7,3,228-10|228-14|228-7,26 Shepard St|26-A Shepard St|26-B Shepard St|26-C1 Shepard St|26-C2 Shepard St|26-D Shepard St|26-E Shepard St,Shepard St,,,Street and number agree but suffix/rear/range yields multiple or complex candidates,multiple_footprint_candidates,"The street and base number agree, but suffix, rear, or range differences leave more than one plausible footprint.",,,,,,,,
shepard-st_26e,26E Shepard Street,Shepard Street,"Addition, rear, or secondary building",1900,4,review,manual_review,7,3,228-10|228-14|228-7,26 Shepard St|26-A Shepard St|26-B Shepard St|26-C1 Shepard St|26-C2 Shepard St|26-D Shepard St|26-E Shepard St,Shepard St,,,Street and number agree but suffix/rear/range yields multiple or complex candidates,multiple_footprint_candidates,"The street and base number agree, but suffix, rear, or range differences leave more than one plausible footprint.",,,,,,,,
shepard-st_30a,30A Shepard Street,Shepard Street,"Addition, rear, or secondary building",1887,4,review,manual_review,2,2,228-19|228-9,30 Shepard St|30-1/2 Shepard St,Shepard St,,,Street and number agree but suffix/rear/range yields multiple or complex candidates,multiple_footprint_candidates,"The street and base number agree, but suffix, rear, or range differences leave more than one plausible footprint.",,,,,,,,
shepard-st_55r,55r Shepard Street,Shepard Street,"Addition, rear, or secondary building",1923,5,review,manual_review,1,1,206-8,60 Linnaean St,Linnaean St,,,Historical address or street alias produces current-address candidate(s),historical_address_or_alias,"A historical address or street alias produced candidates, but the alias has not yet been proven for automatic matching.",,,,,,,,
sherman-st_91_2,91 Sherman Street,Sherman Street,"Addition, rear, or secondary building",1997,4,review,manual_review,3,3,92-54|92-55|92-56,91 Sherman St,Sherman St,,,Street and number agree but suffix/rear/range yields multiple or complex candidates,multiple_footprint_candidates,"The street and base number agree, but suffix, rear, or range differences leave more than one plausible footprint.",,,,,,,,
sixth-st_11-13,11-13 Sixth Street,Sixth Street,Current building,1872,4,review,manual_review,2,2,402-12|402-13,11 Sixth St|13 Sixth St,Sixth St,,,Street and number agree but suffix/rear/range yields multiple or complex candidates,multiple_footprint_candidates,"The street and base number agree, but suffix, rear, or range differences leave more than one plausible footprint.",,,,,,,,
sixth-st_60-62,60-62 Sixth Street,Sixth Street,Current building,1884,4,review,manual_review,2,2,480-30|480-33,60 Sixth St|62 Sixth St,Sixth St,,,Street and number agree but suffix/rear/range yields multiple or complex candidates,multiple_footprint_candidates,"The street and base number agree, but suffix, rear, or range differences leave more than one plausible footprint.",,,,,,,,
smith-pl_53-57,53-57 Smith Place,Smith Place,"Addition, rear, or secondary building",1964,4,review,manual_review,2,2,46-27|46-30,53 Smith Pl|57 Smith Pl,Smith Pl,,,Street and number agree but suffix/rear/range yields multiple or complex candidates,multiple_footprint_candidates,"The street and base number agree, but suffix, rear, or range differences leave more than one plausible footprint.",,,,,,,,
smith-pl_67,67 Smith Place,Smith Place,"Addition, rear, or secondary building",1953,4,review,manual_review,2,2,46-22|46-8,67 Smith Pl,Smith Pl,,,Street and number agree but suffix/rear/range yields multiple or complex candidates,multiple_footprint_candidates,"The street and base number agree, but suffix, rear, or range differences leave more than one plausible footprint.",,,,,,,,
smith-pl_142,142 Smith Place,Smith Place,Current building,1962,5,review,manual_review,2,2,48-16|48-21,170 Fawcett St|180 Fawcett St,Fawcett St,,,Historical address or street alias produces current-address candidate(s),historical_address_or_alias,"A historical address or street alias produced candidates, but the alias has not yet been proven for automatic matching.",,,,,,,,
sparks-st_80_3,80 Sparks Street,Sparks Street,Current building,1858,4,review,manual_review,3,3,219-18|219-20|219-6,80 Sparks St,Sparks St,,,Street and number agree but suffix/rear/range yields multiple or complex candidates,multiple_footprint_candidates,"The street and base number agree, but suffix, rear, or range differences leave more than one plausible footprint.",,,,,,,,
spring-st_126-136r,126-136r Spring Street,Spring Street,"Addition, rear, or secondary building",1868,4,review,manual_review,6,6,504-10|504-11|504-12|504-13|504-15|504-9,126 Spring St|128 Spring St|130 Spring St|132 Spring St|134 Spring St|136 Spring St,Spring St,,,Street and number agree but suffix/rear/range yields multiple or complex candidates,multiple_footprint_candidates,"The street and base number agree, but suffix, rear, or range differences leave more than one plausible footprint.",,,,,,,,
spring-st_129,129 Spring Street,Spring Street,Current building,1871,4,review,manual_review,2,2,480-34|480-4,129 Spring St,Spring St,,,Street and number agree but suffix/rear/range yields multiple or complex candidates,multiple_footprint_candidates,"The street and base number agree, but suffix, rear, or range differences leave more than one plausible footprint.",,,,,,,,
spring-st_146a,146A Spring Street,Spring Street,"Addition, rear, or secondary building",1884,4,review,manual_review,3,2,504-21|504-5,146 Spring St|146-A Spring St|146-B Spring St,Spring St,,,Street and number agree but suffix/rear/range yields multiple or complex candidates,multiple_footprint_candidates,"The street and base number agree, but suffix, rear, or range differences leave more than one plausible footprint.",,,,,,,,
spring-st_171,171 Spring Street,Spring Street,Current building,,5,review,manual_review,1,1,474-6,56 Eighth St,Eighth St,,,Historical address or street alias produces current-address candidate(s),historical_address_or_alias,"A historical address or street alias produced candidates, but the alias has not yet been proven for automatic matching.",,,,,,,,
stinson-ct_6-8,6-8 Stinson Court,Stinson Court,Current building,1921,4,review,manual_review,2,2,701-12|701-19,6 Stinson Ct|8 Stinson Ct,Stinson Ct,,,Street and number agree but suffix/rear/range yields multiple or complex candidates,multiple_footprint_candidates,"The street and base number agree, but suffix, rear, or range differences leave more than one plausible footprint.",,,,,,,,
sycamore-st_5-9,5-9 Sycamore Street,Sycamore Street,Current building,1893,4,review,manual_review,3,2,87-43|87-7,5 Sycamore St|7 Sycamore St|9 Sycamore St,Sycamore St,,,Street and number agree but suffix/rear/range yields multiple or complex candidates,multiple_footprint_candidates,"The street and base number agree, but suffix, rear, or range differences leave more than one plausible footprint.",,,,,,,,
third-st_235,235 Third Street,Third Street,Current building,1872,4,review,manual_review,2,2,549-22|549-23,235 Third St,Third St,,,Street and number agree but suffix/rear/range yields multiple or complex candidates,multiple_footprint_candidates,"The street and base number agree, but suffix, rear, or range differences leave more than one plausible footprint.",,,,,,,,
thorndike-st_131r,131r Thorndike Street,Thorndike Street,"Addition, rear, or secondary building",1869,4,review,manual_review,2,2,458-34|458-35,131 Thorndike St|131-A Thorndike St,Thorndike St,,,Street and number agree but suffix/rear/range yields multiple or complex candidates,multiple_footprint_candidates,"The street and base number agree, but suffix, rear, or range differences leave more than one plausible footprint.",,,,,,,,
tremont-st_15a,15A Tremont Street,Tremont Street,"Addition, rear, or secondary building",1909,4,review,manual_review,2,2,462-2|462-26,15 Tremont St|15-A Tremont St,Tremont St,,,Street and number agree but suffix/rear/range yields multiple or complex candidates,multiple_footprint_candidates,"The street and base number agree, but suffix, rear, or range differences leave more than one plausible footprint.",,,,,,,,
tremont-st_25-27,25-27 Tremont Street,Tremont Street,Current building,,4,review,manual_review,2,2,462-17|462-18,25 Tremont St|27 Tremont St,Tremont St,,,Street and number agree but suffix/rear/range yields multiple or complex candidates,multiple_footprint_candidates,"The street and base number agree, but suffix, rear, or range differences leave more than one plausible footprint.",,,,,,,,
tremont-st_29a,29A Tremont Street,Tremont Street,"Addition, rear, or secondary building",1889,4,review,manual_review,4,2,462-13|462-14,29 Tremont St|29-A Tremont St|29-B Tremont St|29-R Tremont St,Tremont St,,,Street and number agree but suffix/rear/range yields multiple or complex candidates,multiple_footprint_candidates,"The street and base number agree, but suffix, rear, or range differences leave more than one plausible footprint.",,,,,,,,
tremont-st_79a,79A Tremont Street,Tremont Street,"Addition, rear, or secondary building",1894,4,review,manual_review,2,2,377-13|377-18,79 Tremont St|79-A Tremont St,Tremont St,,,Street and number agree but suffix/rear/range yields multiple or complex candidates,multiple_footprint_candidates,"The street and base number agree, but suffix, rear, or range differences leave more than one plausible footprint.",,,,,,,,
tremont-st_81a,81A Tremont Street,Tremont Street,"Addition, rear, or secondary building",1894,4,review,manual_review,2,2,377-10|377-15,81 Tremont St|81-A Tremont St,Tremont St,,,Street and number agree but suffix/rear/range yields multiple or complex candidates,multiple_footprint_candidates,"The street and base number agree, but suffix, rear, or range differences leave more than one plausible footprint.",,,,,,,,
trowbridge-st_49a,49A Trowbridge Street,Trowbridge Street,"Addition, rear, or secondary building",1895,4,review,manual_review,6,3,366-16|366-19|366-20,49 Trowbridge St|49-1 Trowbridge St|49-2 Trowbridge St|49-3 Trowbridge St|49-4 Trowbridge St|49-A Trowbridge St,Trowbridge St,,,Street and number agree but suffix/rear/range yields multiple or complex candidates,multiple_footprint_candidates,"The street and base number agree, but suffix, rear, or range differences leave more than one plausible footprint.",,,,,,,,
union-st_5a,5A Union Street,Union Street,"Addition, rear, or secondary building",1889,4,review,manual_review,2,2,495-19|495-21,5 Union St|5-A Union St,Union St,,,Street and number agree but suffix/rear/range yields multiple or complex candidates,multiple_footprint_candidates,"The street and base number agree, but suffix, rear, or range differences leave more than one plausible footprint.",,,,,,,,
vassal-ln_30-32,30-32 Vassal Lane,Vassal Lane,Current building,1987,4,review,manual_review,2,2,215-3|215-4,30 Vassal Ln|32 Vassal Ln,Vassal Ln,,,Street and number agree but suffix/rear/range yields multiple or complex candidates,multiple_footprint_candidates,"The street and base number agree, but suffix, rear, or range differences leave more than one plausible footprint.",,,,,,,,
vassar-st_50_2,50 Vassar Street,Vassar Street,Current building,1971,4,review,manual_review,3,3,668-34|668-36|668-38,50 Vassar St,Vassar St,,,Street and number agree but suffix/rear/range yields multiple or complex candidates,multiple_footprint_candidates,"The street and base number agree, but suffix, rear, or range differences leave more than one plausible footprint.",,,,,,,,
vassar-st_50r,50r Vassar Street,Vassar Street,"Addition, rear, or secondary building",1955,4,review,manual_review,3,3,668-34|668-36|668-38,50 Vassar St,Vassar St,,,Street and number agree but suffix/rear/range yields multiple or complex candidates,multiple_footprint_candidates,"The street and base number agree, but suffix, rear, or range differences leave more than one plausible footprint.",,,,,,,,
vassar-st_60,60 Vassar Street,Vassar Street,Current building,1966,4,review,manual_review,4,4,668-12|668-24|668-26|668-39,60 Vassar St,Vassar St,,,Street and number agree but suffix/rear/range yields multiple or complex candidates,multiple_footprint_candidates,"The street and base number agree, but suffix, rear, or range differences leave more than one plausible footprint.",,,,,,,,
vassar-st_60r_2,60r Vassar Street,Vassar Street,"Addition, rear, or secondary building",1941,4,review,manual_review,4,4,668-12|668-24|668-26|668-39,60 Vassar St,Vassar St,,,Street and number agree but suffix/rear/range yields multiple or complex candidates,multiple_footprint_candidates,"The street and base number agree, but suffix, rear, or range differences leave more than one plausible footprint.",,,,,,,,
vassar-st_70r,70r Vassar Street,Vassar Street,"Addition, rear, or secondary building",1928,4,review,manual_review,2,2,668-31|668-37,70 Vassar St|70-R Vassar St,Vassar St,,,Street and number agree but suffix/rear/range yields multiple or complex candidates,multiple_footprint_candidates,"The street and base number agree, but suffix, rear, or range differences leave more than one plausible footprint.",,,,,,,,
vassar-st_120r,120r Vassar Street,Vassar Street,"Addition, rear, or secondary building",1955,4,review,manual_review,2,2,708-20|708-21,120 Vassar St,Vassar St,,,Street and number agree but suffix/rear/range yields multiple or complex candidates,multiple_footprint_candidates,"The street and base number agree, but suffix, rear, or range differences leave more than one plausible footprint.",,,,,,,,
vassar-st_120,120 Vassar Street,Vassar Street,Current building,1980,4,review,manual_review,2,2,708-20|708-21,120 Vassar St,Vassar St,,,Street and number agree but suffix/rear/range yields multiple or complex candidates,multiple_footprint_candidates,"The street and base number agree, but suffix, rear, or range differences leave more than one plausible footprint.",,,,,,,,
vassar-st_278-290,278-290 Vassar Street,Vassar Street,Current building,1962,4,review,manual_review,6,3,747-2|747-3|747-4,278 Vassar St|280 Vassar St|282 Vassar St|284 Vassar St|286 Vassar St|290 Vassar St,Vassar St,,,Street and number agree but suffix/rear/range yields multiple or complex candidates,multiple_footprint_candidates,"The street and base number agree, but suffix, rear, or range differences leave more than one plausible footprint.",,,,,,,,
vassar-st_317-345,317-345 Vassar Street,Vassar Street,Current building,1951,4,review,manual_review,2,2,746-2|746-4,325 Vassar St|345 Vassar St,Vassar St,,,Street and number agree but suffix/rear/range yields multiple or complex candidates,multiple_footprint_candidates,"The street and base number agree, but suffix, rear, or range differences leave more than one plausible footprint.",,,,,,,,
walden-st_56-58,56-58 Walden Street,Walden Street,Current building,1889,4,review,manual_review,2,2,109-13|109-14,56 Walden St|58 Walden St,Walden St,,,Street and number agree but suffix/rear/range yields multiple or complex candidates,multiple_footprint_candidates,"The street and base number agree, but suffix, rear, or range differences leave more than one plausible footprint.",,,,,,,,
walden-st_232-234,232-234 Walden Street,Walden Street,Current building,1893,4,review,manual_review,3,2,139-1|139-2,232 Walden St|234 Walden St|234-A Walden St,Walden St,,,Street and number agree but suffix/rear/range yields multiple or complex candidates,multiple_footprint_candidates,"The street and base number agree, but suffix, rear, or range differences leave more than one plausible footprint.",,,,,,,,
walden-st_234a,234A Walden Street,Walden Street,"Addition, rear, or secondary building",1931,4,review,manual_review,2,2,139-1|139-2,234 Walden St|234-A Walden St,Walden St,,,Street and number agree but suffix/rear/range yields multiple or complex candidates,multiple_footprint_candidates,"The street and base number agree, but suffix, rear, or range differences leave more than one plausible footprint.",,,,,,,,
walden-st_361-365,361-365 Walden Street,Walden Street,Current building,1926,4,review,manual_review,2,2,163-12|163-29,361 Walden St|363 Walden St,Walden St,,,Street and number agree but suffix/rear/range yields multiple or complex candidates,multiple_footprint_candidates,"The street and base number agree, but suffix, rear, or range differences leave more than one plausible footprint.",,,,,,,,
walker-st_68-70,68-70 Walker Street,Walker Street,Current building,1872,4,review,manual_review,2,2,240-10|240-2,68 Walker St|70 Walker St,Walker St,,,Street and number agree but suffix/rear/range yields multiple or complex candidates,multiple_footprint_candidates,"The street and base number agree, but suffix, rear, or range differences leave more than one plausible footprint.",,,,,,,,
walnut-ave_5,5 Walnut Avenue,Walnut Avenue,Current building,1869,4,review,manual_review,2,2,120-28|120-5,5 Walnut Ave,Walnut Ave,,,Street and number agree but suffix/rear/range yields multiple or complex candidates,multiple_footprint_candidates,"The street and base number agree, but suffix, rear, or range differences leave more than one plausible footprint.",,,,,,,,
walnut-ave_7a,7A Walnut Avenue,Walnut Avenue,"Addition, rear, or secondary building",1935,4,review,manual_review,2,2,120-17|120-26,7 Walnut Ave|7-A Walnut Ave,Walnut Ave,,,Street and number agree but suffix/rear/range yields multiple or complex candidates,multiple_footprint_candidates,"The street and base number agree, but suffix, rear, or range differences leave more than one plausible footprint.",,,,,,,,
webster-ave_310-330,310-330 Webster Avenue,Webster Avenue,Current building,1947,4,review,manual_review,2,2,352-1|352-2,310 Webster Ave|320 Webster Ave,Webster Ave,,,Street and number agree but suffix/rear/range yields multiple or complex candidates,multiple_footprint_candidates,"The street and base number agree, but suffix, rear, or range differences leave more than one plausible footprint.",,,,,,,,
webster-ave_333_2,333 Webster Avenue,Webster Avenue,Current building,1972,6,review,manual_review,1,1,609-13,333 Western Ave,Western Ave,,,Street-name pair is explicitly reserved for manual review,street_spelling_difference,"The number is compatible and the street spelling is close, but fuzzy street-name matches require manual confirmation.",,,,,,,,
western-ave_225r,225r Western Avenue,Western Avenue,"Addition, rear, or secondary building",1883,4,review,manual_review,2,2,615-14|615-20,225 Western Ave|225-R Western Ave,Western Ave,,,Street and number agree but suffix/rear/range yields multiple or complex candidates,multiple_footprint_candidates,"The street and base number agree, but suffix, rear, or range differences leave more than one plausible footprint.",,,,,,,,
western-ave_265-267,265-267 Western Avenue,Western Avenue,Current building,1890,4,review,manual_review,2,2,615-17|615-22,265 Western Ave,Western Ave,,,Street and number agree but suffix/rear/range yields multiple or complex candidates,multiple_footprint_candidates,"The street and base number agree, but suffix, rear, or range differences leave more than one plausible footprint.",,,,,,,,
white-st_1-55,1-55 White Street,White Street,Current building,1956,4,review,manual_review,14,2,99-1|99-4,1 White St|13 White St|15 White St|17 White St|19 White St|23 White St|25 White St|29 White St|37 White St|49 White St|5 White St|53 White St|55 White St|9 White St,White St,,,Street and number agree but suffix/rear/range yields multiple or complex candidates,multiple_footprint_candidates,"The street and base number agree, but suffix, rear, or range differences leave more than one plausible footprint.",,,,,,,,
woodbridge-st_14-16r,14-16r Woodbridge Street,Woodbridge Street,"Addition, rear, or secondary building",1905,4,review,manual_review,4,3,41-1|41-5|41-9,14 Woodbridge St|14-1/2 Woodbridge St|16 Woodbridge St|16-1/2 Woodbridge St,Woodbridge St,,,Street and number agree but suffix/rear/range yields multiple or complex candidates,multiple_footprint_candidates,"The street and base number agree, but suffix, rear, or range differences leave more than one plausible footprint.",,,,,,,,
woodbridge-st_16-18,16-18 Woodbridge Street,Woodbridge Street,Current building,1904,4,review,manual_review,3,2,41-5|41-9,16 Woodbridge St|16-1/2 Woodbridge St|18 Woodbridge St,Woodbridge St,,,Street and number agree but suffix/rear/range yields multiple or complex candidates,multiple_footprint_candidates,"The street and base number agree, but suffix, rear, or range differences leave more than one plausible footprint.",,,,,,,,
york-pl_15-17,15-17 York Place,York Place,Current building,1906,4,review,manual_review,2,2,487-21|487-22,15 York Pl|17 York Pl,York Pl,,,Street and number agree but suffix/rear/range yields multiple or complex candidates,multiple_footprint_candidates,"The street and base number agree, but suffix, rear, or range differences leave more than one plausible footprint.",,,,,,,,
