{"type":"FeatureCollection","features":[{"type":"Feature","geometry":{"type":"Polygon","coordinates":[[[-71.09691796162166,42.35695970403695],[-71.0969325002245,42.35698384762931],[-71.09694322498623,42.357001693835485],[-71.09697740995136,42.35699037006495],[-71.09697356626786,42.35698399155118],[-71.09695214656867,42.35694838027384],[-71.09691796162166,42.35695970403695]]]},"properties":{"FACILITY":"W53B","Address":"410  MEMORIAL DR (REAR)","BLDG_NAME":"DUPONT TENNIS COURTS (OFFICE)","Ownership":"Owned by MIT","Type":"SERVICE","Floor_Count":1,"DATE_BUILT":null,"DATE_BUILT_YEAR":null}},{"type":"Feature","geometry":{"type":"Polygon","coordinates":[[[-71.09354641113693,42.358389582090446],[-71.0937598211111,42.358320285539044],[-71.09362996328991,42.358105972115005],[-71.09345317439542,42.35816481949243],[-71.09346046221202,42.35817751772294],[-71.09332152195388,42.358223461599664],[-71.09342185989514,42.35843003116013],[-71.09354641113693,42.358389582090446]]]},"properties":{"FACILITY":"W11","Address":"40  MASSACHUSETTS AVE","BLDG_NAME":"RELIGIOUS ACTIVITIES CENTER","Ownership":"Owned by MIT","Type":"SERVICE","Floor_Count":2,"DATE_BUILT":-1041465600000,"DATE_BUILT_YEAR":1936}},{"type":"Feature","geometry":{"type":"Polygon","coordinates":[[[-71.09369954533365,42.357234977582344],[-71.09369377580926,42.35722497209145],[-71.0935260391718,42.35728016127909],[-71.09353229726727,42.35729063665551],[-71.09345817266895,42.357315458505205],[-71.09343431561068,42.35730826998564],[-71.09340877797842,42.357316662226374],[-71.09340127778142,42.35733230344237],[-71.09341181871831,42.35734989814922],[-71.09343568669004,42.35735539056706],[-71.0934412869402,42.35735357737622],[-71.09348246561065,42.357422369991525],[-71.09347315740182,42.357425445786994],[-71.09350036169174,42.35747089311386],[-71.0935071007345,42.35746867341319],[-71.09352361130068,42.35749630942729],[-71.09351679578991,42.35749852795833],[-71.09354478870591,42.35754536720726],[-71.09355217375793,42.35754292291421],[-71.09358024397133,42.357589829948736],[-71.09357399036463,42.35759074234886],[-71.09356323190582,42.357614171264416],[-71.09356595780152,42.357619907637044],[-71.09347686536991,42.35764934639975],[-71.09347157860492,42.35764298517494],[-71.09345721709292,42.357632265981636],[-71.09344791421474,42.35762978520942],[-71.0934397366615,42.3576289928556],[-71.093432699282,42.35762984485877],[-71.09342543677657,42.357632484039804],[-71.09341753148585,42.35763711328773],[-71.09341367809513,42.35764192701491],[-71.09341108261289,42.35764933081951],[-71.09341104661173,42.35765493229118],[-71.0934121516636,42.35766204127974],[-71.09341601688702,42.35766974071299],[-71.09332414292219,42.357699624169804],[-71.09332218126089,42.35769434604024],[-71.0932867674644,42.35768423479844],[-71.09327811675023,42.35768774594239],[-71.093252127898,42.35764432941453],[-71.09326222082707,42.357640983624655],[-71.09323381712036,42.357593493745966],[-71.09322595534732,42.35759607317637],[-71.09320970285488,42.35756890528272],[-71.09321625712033,42.357566730860185],[-71.09318814179663,42.357519709239305],[-71.09317869503758,42.357522807028104],[-71.0931400507397,42.357456346016725],[-71.09314579348913,42.357453895039335],[-71.09315460730124,42.35743672169364],[-71.09314352013266,42.35741819143109],[-71.09312102621614,42.35741138308976],[-71.09309718045395,42.35741923477157],[-71.09308859589213,42.35743643233166],[-71.0930909963369,42.35744274825095],[-71.09301628313253,42.357468251953385],[-71.09300706373305,42.35745280187469],[-71.09295048005218,42.35747142396111],[-71.09297417489323,42.357510995408326],[-71.09299382026074,42.35750454054018],[-71.09303404093406,42.35757180393459],[-71.09302544203179,42.357574620219765],[-71.09305261494465,42.35761999911891],[-71.0930600303761,42.357617554064625],[-71.09307711849053,42.357646148293185],[-71.09306944157228,42.35764867164872],[-71.09309653880646,42.357693936832334],[-71.09310680062536,42.357690568246106],[-71.09313470352991,42.35773721371296],[-71.09312516418888,42.35774035708455],[-71.09317905560697,42.35783047581225],[-71.09318820936743,42.357827456212476],[-71.09321214804594,42.35786747231161],[-71.09320373269642,42.357870243344564],[-71.09324908778947,42.35794611087488],[-71.09322039550283,42.35795556235986],[-71.09325879370789,42.358019768141304],[-71.09348759304112,42.35794448107832],[-71.09344889077067,42.35787977283693],[-71.09340736766418,42.35789342657386],[-71.09336281790029,42.357818962802945],[-71.09357249397628,42.35774997299657],[-71.0936412412313,42.35786486324174],[-71.0936922561086,42.357848089242225],[-71.09370627634172,42.3578715138795],[-71.09392595266532,42.35779921148425],[-71.09388946731396,42.35773816639179],[-71.09390351360221,42.35773352458535],[-71.09385797512505,42.357657383876465],[-71.09393686679827,42.35763142803252],[-71.09375040231396,42.35731964308257],[-71.09369954533365,42.357234977582344]]]},"properties":{"FACILITY":"W1","Address":"305  MEMORIAL DR","BLDG_NAME":"FARIBORZ MASEEH HALL","Ownership":"Owned by MIT","Type":"RESIDENTIAL","Floor_Count":8,"DATE_BUILT":-2177539200000,"DATE_BUILT_YEAR":1900}},{"type":"Feature","geometry":{"type":"Polygon","coordinates":[[[-71.09375040231396,42.35731964308257],[-71.09377494119272,42.35731139398542],[-71.09379651428449,42.35734667689347],[-71.09381312598768,42.357351391861535],[-71.09391865219787,42.35731590870744],[-71.09392702866997,42.35730253658001],[-71.09392575203715,42.35730040288842],[-71.09399927750876,42.35727565784834],[-71.09398974517124,42.357261083625396],[-71.09399680977923,42.3572582510482],[-71.09398408962002,42.3572380405638],[-71.09397399756234,42.35724145574232],[-71.09396707797879,42.357231149109545],[-71.09391938474299,42.357247172415114],[-71.09387556879358,42.357175421294166],[-71.09369954533365,42.357234977582344],[-71.09375040231396,42.35731964308257]]]},"properties":{"FACILITY":"W2","Address":"311  MEMORIAL DR","BLDG_NAME":"BUILDING W2","Ownership":"Owned by MIT","Type":"RESIDENTIAL","Floor_Count":4,"DATE_BUILT":-2177539200000,"DATE_BUILT_YEAR":1900}},{"type":"Feature","geometry":{"type":"Polygon","coordinates":[[[-71.0950403785608,42.3569596844861],[-71.09503400892184,42.35696185966253],[-71.09504345988968,42.356977229368326],[-71.09509706436273,42.357064522887995],[-71.0951102068212,42.35708594022287],[-71.0951728397557,42.35706478875114],[-71.09525662730242,42.35703648057611],[-71.0952206318217,42.35697785219812],[-71.09517760271166,42.35690775547331],[-71.09516173099665,42.356902735407814],[-71.09513280143743,42.356855494423435],[-71.09514013245773,42.35684458982073],[-71.09513665534801,42.35683862216677],[-71.09509582779155,42.35677240440263],[-71.09509274262237,42.356767406838316],[-71.09495258515308,42.35681473664524],[-71.09495790318253,42.35682343146262],[-71.09495122594522,42.35682568567693],[-71.09498919627083,42.35688749821785],[-71.09499490412733,42.35688554848646],[-71.0950403785608,42.3569596844861]]]},"properties":{"FACILITY":"W5","Address":"350  MEMORIAL DR","BLDG_NAME":"GREEN HALL","Ownership":"Owned by MIT","Type":"RESIDENTIAL","Floor_Count":5,"DATE_BUILT":-2146003200000,"DATE_BUILT_YEAR":1901}},{"type":"Feature","geometry":{"type":"Polygon","coordinates":[[[-71.09535304854622,42.35689753164178],[-71.09534946578619,42.35690086631069],[-71.09539988032853,42.35692747077626],[-71.09539079066067,42.35693720783487],[-71.09539308498543,42.35694819223234],[-71.09541602064637,42.35696034219908],[-71.09543182730276,42.35695883760482],[-71.09550236317115,42.35688740919753],[-71.09552827132931,42.35693167841014],[-71.09558904282538,42.356911145866235],[-71.09559962200206,42.35689872666662],[-71.09565040754465,42.35692028800642],[-71.09571130385855,42.356838998922214],[-71.09577000941255,42.356863081852644],[-71.09603919378678,42.35677329926333],[-71.09604256776254,42.356766536438734],[-71.09603714888364,42.35675688431023],[-71.09609543082466,42.35673667316029],[-71.09609358010003,42.35672102233535],[-71.09609724299611,42.35671957763169],[-71.09609464368343,42.356703491138454],[-71.09609910316065,42.35670237963852],[-71.09609638055042,42.35668621258653],[-71.09610039732037,42.356684666492605],[-71.0960984264501,42.356668821683414],[-71.09629004132603,42.3566047276892],[-71.09628773430144,42.35658848287494],[-71.09629133251751,42.35658747097716],[-71.09628965597437,42.35657114825038],[-71.09629352000421,42.35656956830289],[-71.09629147474867,42.356553199267275],[-71.09629480959693,42.35655256186546],[-71.09629313050873,42.35653663795778],[-71.09629643893464,42.356535385565614],[-71.09629468441446,42.35651910847976],[-71.0962978692273,42.3565180150048],[-71.09629602279803,42.35650187444026],[-71.09629954548672,42.35650071372933],[-71.096298425003,42.356483801464364],[-71.09630205121603,42.356483346943534],[-71.0962990034101,42.35646772612997],[-71.09630301652474,42.35646674989923],[-71.0962997094495,42.35644610636221],[-71.0963281811647,42.35641796783276],[-71.09630715654875,42.35640727061925],[-71.09631618809327,42.356396906682555],[-71.09629237153013,42.356383376358835],[-71.09630093855682,42.356373523057194],[-71.09625059487614,42.35634780781736],[-71.09588477612807,42.356719254366254],[-71.09587028322991,42.356728881546836],[-71.09585477544216,42.35673415586199],[-71.0958418186554,42.356736468185794],[-71.09582764780016,42.3567367253826],[-71.09580669862505,42.35673093581997],[-71.09578212539537,42.35672051143082],[-71.09579705222316,42.356700535161586],[-71.09581432140035,42.356707973726394],[-71.09589235951633,42.356608390592555],[-71.09587995923248,42.35660301820681],[-71.09576211968295,42.356552255383924],[-71.09568347707078,42.3566525772439],[-71.0956987560929,42.35665916615877],[-71.0956830149683,42.35667929890387],[-71.09568293777289,42.35667941206893],[-71.0956678504424,42.35667416705746],[-71.0956454900891,42.35666811141988],[-71.09560440176948,42.35666673714961],[-71.09556373173629,42.35667455358773],[-71.09552638612081,42.35669285746896],[-71.09551399750403,42.35670483725911],[-71.09550208578689,42.356716648570625],[-71.09548343524392,42.35674053966575],[-71.09545112807024,42.356782407408495],[-71.0954403978548,42.35679205947477],[-71.09543363754652,42.356797626489005],[-71.09541228313142,42.356804906727774],[-71.09539191645887,42.35680654382386],[-71.09537924326351,42.35680531535567],[-71.09536251117937,42.35680025807967],[-71.09533162823165,42.35678739681783],[-71.09516503319965,42.35671713980852],[-71.09514187097241,42.35674553531872],[-71.09515380911519,42.35674952241259],[-71.09515112209847,42.35675229934859],[-71.09509510371132,42.35676965777174],[-71.09509429001896,42.35676991238956],[-71.09514013245773,42.35684458982073],[-71.09513280143743,42.356855494423435],[-71.09516143085588,42.35690202672395],[-71.09520503493819,42.35688795294195],[-71.09518015717521,42.35684773048104],[-71.09519558242329,42.3568428484923],[-71.09519931042202,42.35683806307314],[-71.09522629183232,42.356849063244915],[-71.09522972858409,42.35684464501796],[-71.09535304854622,42.35689753164178]]]},"properties":{"FACILITY":"W7","Address":"362  MEMORIAL DR","BLDG_NAME":"BAKER HOUSE","Ownership":"Owned by MIT","Type":"RESIDENTIAL","Floor_Count":8,"DATE_BUILT":-702259200000,"DATE_BUILT_YEAR":1947}},{"type":"Feature","geometry":{"type":"Polygon","coordinates":[[[-71.09738327910857,42.356954657466616],[-71.09737617218202,42.35695692112051],[-71.09734574745433,42.3569057475035],[-71.09727452005778,42.356929010947546],[-71.097307877295,42.356985159045614],[-71.097357152455,42.35706809784836],[-71.0974283644158,42.3570448000884],[-71.09739310827433,42.35698545745529],[-71.09739110407311,42.35698204554569],[-71.09739788747201,42.35697988339121],[-71.09738327910857,42.356954657466616]]]},"properties":{"FACILITY":"W53A","Address":"410  MEMORIAL DR (REAR)","BLDG_NAME":"CARR INDOOR TENNIS FACILITY (OFFICE)","Ownership":"Owned by MIT","Type":"SERVICE","Floor_Count":1,"DATE_BUILT":465436800000,"DATE_BUILT_YEAR":1984}},{"type":"Feature","geometry":{"type":"Polygon","coordinates":[[[-71.09739788747201,42.35697988339121],[-71.0974080876018,42.35697661683884],[-71.09741349564405,42.356985527925616],[-71.09746651940172,42.35707284080356],[-71.09750233077516,42.357131741513335],[-71.09749557713063,42.35713399470727],[-71.09749296507925,42.357139120813876],[-71.09750815867953,42.35716414440584],[-71.09751657411313,42.357161315440294],[-71.09752799972611,42.35718007423553],[-71.09758153242144,42.3571847585115],[-71.097909335882,42.357074385384315],[-71.09816547701519,42.35698815068081],[-71.09821404137784,42.35697180005587],[-71.098218570138,42.3569699063648],[-71.0982222075618,42.35696787991795],[-71.09822548404217,42.35696553890942],[-71.09822835321955,42.35696292008917],[-71.09823045287521,42.356960483139716],[-71.09823269752145,42.356957005062334],[-71.09823426851737,42.35695333016912],[-71.09823513385773,42.35694952857078],[-71.09823529971985,42.356946156667526],[-71.09823490957733,42.35694279452565],[-71.09823397038713,42.356939493485854],[-71.09823273876837,42.3569367487034],[-71.09823045620776,42.35693319989246],[-71.09821906077657,42.356914441271975],[-71.0982277048489,42.35691688514582],[-71.09821251101766,42.35689186254781],[-71.09820921597922,42.356898272797636],[-71.09811422666547,42.356741916296876],[-71.09812265658165,42.3567390873376],[-71.09810744826883,42.35671406467389],[-71.09809903292688,42.35671689278265],[-71.09806864654514,42.35666687005928],[-71.09797584778477,42.35669788115588],[-71.09797584640599,42.35669809812071],[-71.09797573953762,42.35669791498846],[-71.09738854509426,42.35689414676706],[-71.09738754363808,42.35689472394758],[-71.09738613312908,42.35689682478567],[-71.09737417936651,42.356920250771665],[-71.09739313978233,42.35695151486735],[-71.09738327910857,42.356954657466616],[-71.09739788747201,42.35697988339121]]]},"properties":{"FACILITY":"W53","Address":"410  MEMORIAL DR (REAR)","BLDG_NAME":"CARR INDOOR TENNIS FACILITY","Ownership":"Owned by MIT","Type":"SERVICE","Floor_Count":1,"DATE_BUILT":39312000000,"DATE_BUILT_YEAR":1971}},{"type":"Feature","geometry":{"type":"Polygon","coordinates":[[[-71.09794645349635,42.35618120869276],[-71.09787351663353,42.35620565131214],[-71.09794342158264,42.35632040620755],[-71.09840419958499,42.356165986182205],[-71.09833493207068,42.35605224661691],[-71.09821224141814,42.35609336817947],[-71.0981339486113,42.35596486372422],[-71.09814333284814,42.35596178781772],[-71.09819778623454,42.3560512678681],[-71.09872171171968,42.355875888779366],[-71.0986908694109,42.35582520380809],[-71.09875791301384,42.35580276756079],[-71.09870748588808,42.35571989374011],[-71.09862758333162,42.35558846885827],[-71.09846609540713,42.35564254908412],[-71.09850432192488,42.35570535168385],[-71.09852129082421,42.35569967248112],[-71.09858768671194,42.3558087672309],[-71.09846807440594,42.35584882936743],[-71.09840143624399,42.355739300663835],[-71.09841785066371,42.355733777990935],[-71.09838014058089,42.35567185404793],[-71.09821711352365,42.35572644081414],[-71.09825490007641,42.35578853613238],[-71.09827192985334,42.35578283467183],[-71.09833859903569,42.35589242027662],[-71.09821884790311,42.35593250327634],[-71.09815213447857,42.35582283822251],[-71.09816837964026,42.355817406823256],[-71.09813057822934,42.35575536814303],[-71.09796819664243,42.355809740742984],[-71.09800593695051,42.35587182427717],[-71.09802933705159,42.355864004232245],[-71.09805408696084,42.35590470458764],[-71.09793018136268,42.35594620872826],[-71.09790122199718,42.35589862712214],[-71.09791637610817,42.355893555660444],[-71.09788258666956,42.35583799860426],[-71.09770917430107,42.35589604416057],[-71.09774708188863,42.355958322826886],[-71.09777040423293,42.35595052416955],[-71.0977848232999,42.35597420089136],[-71.0977812641101,42.3559811116674],[-71.09777707957728,42.35598252038924],[-71.09779161894691,42.35600636858568],[-71.09779583525739,42.35600492576345],[-71.09780573495564,42.356007646849044],[-71.09782401246862,42.356037679597144],[-71.09780584421236,42.356043730823515],[-71.0978047041823,42.356041859636626],[-71.09770427543079,42.35607545106871],[-71.0977054455861,42.35607735657294],[-71.09768804580611,42.35608319439953],[-71.09767007224808,42.356053664154445],[-71.09767192864655,42.35604653135535],[-71.09767660586462,42.35604495330599],[-71.097661776894,42.35602064943585],[-71.097657731096,42.3560220010202],[-71.09764937860692,42.356019729177596],[-71.09763441287659,42.3559951736446],[-71.09765695074773,42.35598762344623],[-71.09761937740456,42.35592585908478],[-71.09744668821602,42.355983679003025],[-71.09747977973609,42.35603803815967],[-71.09749847118924,42.35603179525364],[-71.09752945048987,42.3560827547127],[-71.09749298507651,42.3560981237681],[-71.09753251659984,42.35616327740811],[-71.09753354982664,42.356164954661736],[-71.09763194763188,42.35613200448097],[-71.09763926666727,42.356144851107246],[-71.09759164373261,42.356181394670834],[-71.09761627496476,42.356199698208385],[-71.09766354605074,42.35618469642419],[-71.0976745043521,42.35620190507712],[-71.09791086983232,42.35612278695812],[-71.09794645349635,42.35618120869276]]]},"properties":{"FACILITY":"W51","Address":"410  MEMORIAL DR","BLDG_NAME":"BURTON-CONNER HOUSE","Ownership":"Owned by MIT","Type":"RESIDENTIAL","Floor_Count":7,"DATE_BUILT":-1325548800000,"DATE_BUILT_YEAR":1927}},{"type":"Feature","geometry":{"type":"Polygon","coordinates":[[[-71.08824960526793,42.35968372454433],[-71.08835510485468,42.359648565095696],[-71.08835165657416,42.359642905240584],[-71.08841550792499,42.35962161325729],[-71.08857205934733,42.359569430876704],[-71.08857477859902,42.35957389253345],[-71.08867881677843,42.359539217317526],[-71.0884953079127,42.3592363608444],[-71.08838990594016,42.359062424132475],[-71.08812876425274,42.359149484370406],[-71.08796053603524,42.359205552277416],[-71.08797806417348,42.35923451345367],[-71.0880345551807,42.3593277066801],[-71.08803977044859,42.35932597159831],[-71.08818068671125,42.359558492463044],[-71.08817485474114,42.35956041800473],[-71.08824960526793,42.35968372454433]]]},"properties":{"FACILITY":"50","Address":"142  MEMORIAL DR","BLDG_NAME":"WALKER MEMORIAL","Ownership":"Owned by MIT","Type":"SERVICE","Floor_Count":5,"DATE_BUILT":-1704153600000,"DATE_BUILT_YEAR":1916}},{"type":"Feature","geometry":{"type":"Polygon","coordinates":[[[-71.08917487032541,42.36045460440005],[-71.08920653492301,42.360444013970955],[-71.0892032380698,42.36043857075298],[-71.0892127308873,42.36043539422959],[-71.08922088852243,42.360448835868546],[-71.08951471555979,42.3603506632241],[-71.089507241192,42.36033836200964],[-71.08951699669852,42.360335106273034],[-71.0895194119684,42.36033909957156],[-71.0895503062848,42.36032877998655],[-71.08947774047063,42.36020931915105],[-71.08944722953244,42.360219492437885],[-71.08944956920102,42.36022334952449],[-71.08943873713034,42.36022695432552],[-71.08943244833308,42.360216592958885],[-71.08913936039121,42.36031449524714],[-71.0891459843454,42.360325393498805],[-71.08913553649451,42.360328897010916],[-71.08913322803383,42.360325096747644],[-71.08910240912851,42.36033538317962],[-71.08917487032541,42.36045460440005]]]},"properties":{"FACILITY":"54","Address":"21  AMES ST","BLDG_NAME":"GREEN BUILDING","Ownership":"Owned by MIT","Type":"ACADEMIC","Floor_Count":23,"DATE_BUILT":-252460800000,"DATE_BUILT_YEAR":1962}},{"type":"Feature","geometry":{"type":"Polygon","coordinates":[[[-71.08772622909505,42.35846834536171],[-71.08773235101953,42.35847835241539],[-71.0877230420766,42.3584814736584],[-71.08742372695122,42.358581683719756],[-71.08745052267993,42.35862571846013],[-71.08747204604937,42.35866108160231],[-71.08777125450827,42.35856089354083],[-71.08803688938983,42.35847194879439],[-71.08798846258578,42.35839241391798],[-71.08780388070663,42.35845421907235],[-71.08779783443032,42.358444337433774],[-71.08772622909505,42.35846834536171]]]},"properties":{"FACILITY":"51","Address":"134  MEMORIAL DR","BLDG_NAME":"WOOD SAILING PAVILION","Ownership":"Owned by MIT","Type":"SERVICE","Floor_Count":2,"DATE_BUILT":-1041465600000,"DATE_BUILT_YEAR":1936}},{"type":"Feature","geometry":{"type":"Polygon","coordinates":[[[-71.08815048080092,42.36056205698212],[-71.08814592719739,42.36056357836895],[-71.08830677521807,42.36082898410194],[-71.0884522505544,42.36078048583311],[-71.08829167592499,42.360515525123496],[-71.0882864142214,42.36051729336107],[-71.08813346492698,42.360264918736874],[-71.08813814269486,42.360263341076966],[-71.08797754035263,42.35999837888917],[-71.08783137312527,42.360047091050895],[-71.08799252243043,42.36031298900063],[-71.0879983389237,42.360311028301545],[-71.08815048080092,42.36056205698212]]]},"properties":{"FACILITY":"64","Address":"3  AMES ST","BLDG_NAME":"EAST CAMPUS: WALCOTT BEMIS GOODALE","Ownership":"Owned by MIT","Type":"RESIDENTIAL","Floor_Count":6,"DATE_BUILT":-1462233600000,"DATE_BUILT_YEAR":1923}},{"type":"Feature","geometry":{"type":"Polygon","coordinates":[[[-71.09197318558618,42.35998286850631],[-71.09198551709129,42.360003096728335],[-71.09185491435086,42.3600466853467],[-71.09199912696553,42.360284358287416],[-71.09326525209218,42.3598617856185],[-71.09321990049138,42.35978704620597],[-71.09320256876215,42.359758481762725],[-71.0931210356839,42.35962411424298],[-71.09236105567678,42.3598777613799],[-71.09234904853793,42.359857855750754],[-71.09234872755522,42.359857558418],[-71.09197318558618,42.35998286850631]]]},"properties":{"FACILITY":"13","Address":"105  MASSACHUSETTS AVE (REAR)","BLDG_NAME":"BUSH BUILDING","Ownership":"Owned by MIT","Type":"ACADEMIC","Floor_Count":7,"DATE_BUILT":-213148800000,"DATE_BUILT_YEAR":1963}},{"type":"Feature","geometry":{"type":"Polygon","coordinates":[[[-71.09337996245547,42.36113672974603],[-71.09329699319719,42.361045848457024],[-71.0930418470496,42.36117214317829],[-71.0931302086352,42.36126034466109],[-71.09337996245547,42.36113672974603]]]},"properties":{"FACILITY":"43","Address":"57  VASSAR ST","BLDG_NAME":"POWER PLANT ANNEX","Ownership":"Owned by MIT","Type":"SERVICE","Floor_Count":3,"DATE_BUILT":-1735776000000,"DATE_BUILT_YEAR":1914}},{"type":"Feature","geometry":{"type":"Polygon","coordinates":[[[-71.08702693264142,42.35949407828531],[-71.08702526390725,42.359491045521295],[-71.08687806735891,42.35954037127788],[-71.08688313155288,42.35954839393907],[-71.08678914993419,42.35958021914031],[-71.08682195622708,42.3596360630972],[-71.08686272149592,42.35970538775341],[-71.08677251172568,42.35973453552612],[-71.08677434123497,42.359737670604005],[-71.08671453447656,42.35975702168485],[-71.08675068950943,42.3598185090013],[-71.08683077846104,42.359792617244146],[-71.08681277380569,42.35976195623819],[-71.08693160838631,42.35972355274271],[-71.08691034647563,42.35968736488208],[-71.08695784358416,42.35967200368651],[-71.08710912866131,42.35962288426826],[-71.08720529966745,42.35959204887979],[-71.08712500649294,42.35946144291629],[-71.08702693264142,42.35949407828531]]]},"properties":{"FACILITY":"E1","Address":"111  MEMORIAL DR","BLDG_NAME":"GRAY HOUSE","Ownership":"Owned by MIT","Type":"RESIDENTIAL","Floor_Count":4,"DATE_BUILT":-1783123200000,"DATE_BUILT_YEAR":1913}},{"type":"Feature","geometry":{"type":"Polygon","coordinates":[[[-71.08676554322899,42.36017468518732],[-71.08738113478496,42.35997014943455],[-71.08737711059473,42.35996346295534],[-71.08742060561363,42.359949021710726],[-71.08737101428682,42.35986688599083],[-71.0873253634947,42.359882059519045],[-71.08732159740413,42.35987581780631],[-71.08698887731668,42.35998636011668],[-71.08698506428802,42.359980060605935],[-71.08694595341102,42.359993071567814],[-71.08693694626172,42.35997819165242],[-71.08682099708359,42.36001671715486],[-71.0868302931871,42.36003214459272],[-71.08679473594745,42.3600439501786],[-71.08679775535722,42.36004481540095],[-71.08679249266056,42.360046549355744],[-71.08676998358126,42.36000931625699],[-71.08677382906508,42.360008042660596],[-71.08674970960665,42.35996813891592],[-71.08674210862866,42.35997066212258],[-71.08670295140969,42.359905848252744],[-71.08670910610464,42.359903775397584],[-71.08668501685607,42.35986390505741],[-71.08667886238192,42.35986594460138],[-71.08663979794927,42.35980125528141],[-71.0866462126996,42.35979913834979],[-71.08662212375411,42.35975923378535],[-71.08661567721678,42.359761385712574],[-71.0865840549217,42.35970902106985],[-71.08657566923664,42.35971181423246],[-71.08655593917014,42.35967920235844],[-71.08644359126816,42.35971653314034],[-71.08646368650453,42.35974972793328],[-71.08645668524703,42.35975205971543],[-71.08669130243094,42.36013164118262],[-71.08673079055072,42.36011720830601],[-71.08676554322899,42.36017468518732]]]},"properties":{"FACILITY":"E2","Address":"4  AMES ST","BLDG_NAME":"SENIOR HOUSE","Ownership":"Owned by MIT","Type":"RESIDENTIAL","Floor_Count":7,"DATE_BUILT":-1783123200000,"DATE_BUILT_YEAR":1913}},{"type":"Feature","geometry":{"type":"Polygon","coordinates":[[[-71.08723523473331,42.360735225270055],[-71.08728911567331,42.36082363883278],[-71.08748436348816,42.361143777960976],[-71.08784652976728,42.361022306715704],[-71.08785785924955,42.361039278145256],[-71.08785993584577,42.361038599566726],[-71.08786994392239,42.361052877097336],[-71.0878702450624,42.361069260730304],[-71.0878703837065,42.36109903377494],[-71.08788198817085,42.361129699578356],[-71.08790155682412,42.36115893905062],[-71.08792632992491,42.36118421789046],[-71.08795947183906,42.36120875876093],[-71.0879949645333,42.36119593345847],[-71.08788063839803,42.36101136079269],[-71.08803582588416,42.36095932280455],[-71.08784069718982,42.36063937859631],[-71.08778643483939,42.36055034902625],[-71.08723523473331,42.360735225270055]]]},"properties":{"FACILITY":"E15","Address":"20  AMES ST","BLDG_NAME":"WIESNER BUILDING","Ownership":"Owned by MIT","Type":"ACADEMIC","Floor_Count":6,"DATE_BUILT":378691200000,"DATE_BUILT_YEAR":1982}},{"type":"Feature","geometry":{"type":"Polygon","coordinates":[[[-71.08477466842776,42.36267472264293],[-71.08477973147254,42.362675150552796],[-71.08487417977295,42.36268294857833],[-71.08487391016432,42.36269609902031],[-71.08529318007736,42.36289298315517],[-71.08545106652281,42.36290583677282],[-71.08546220800885,42.36281974002888],[-71.08550172960133,42.362514082366474],[-71.08546422380527,42.36251139667571],[-71.08534619599709,42.36250301356561],[-71.08534541831754,42.36250923895813],[-71.08520965074754,42.36249959616681],[-71.08521062146978,42.36249207325525],[-71.0848037356575,42.36246311121591],[-71.0847964749828,42.36251915137701],[-71.08480520659663,42.3625197635842],[-71.08479218837284,42.36262033644039],[-71.08478179941531,42.362619581405106],[-71.08477466842776,42.36267472264293]]]},"properties":{"FACILITY":"NE18","Address":"255 MAIN ST","BLDG_NAME":"255 MAIN STREET","Ownership":"Leased to MIT","Type":"ACADEMIC","Floor_Count":2,"DATE_BUILT":null,"DATE_BUILT_YEAR":null}},{"type":"Feature","geometry":{"type":"Polygon","coordinates":[[[-71.0837239474917,42.363128887804216],[-71.08408017614597,42.36266557005171],[-71.08377668832023,42.362536664489674],[-71.08373646758756,42.362524474866554],[-71.0836467742439,42.362483182574266],[-71.08337136831004,42.36236162220823],[-71.08310087471605,42.362333135524665],[-71.08309840727911,42.36234834326041],[-71.08306188760338,42.362344338736136],[-71.08305923897258,42.36236051362453],[-71.08298027015125,42.36284369043701],[-71.08296684663628,42.36293844665645],[-71.08295864207334,42.362954555480385],[-71.08309499592448,42.362985673132826],[-71.08307767879938,42.36309856416513],[-71.08363520860897,42.36323921115283],[-71.0837239474917,42.363128887804216]]]},"properties":{"FACILITY":"E70","Address":"1 BROADWAY","BLDG_NAME":"BADGER BUILDING","Ownership":"Leased to MIT","Type":"SERVICE","Floor_Count":3,"DATE_BUILT":null,"DATE_BUILT_YEAR":null}},{"type":"Feature","geometry":{"type":"Polygon","coordinates":[[[-71.08473621768889,42.36107623194084],[-71.08450583763344,42.36115284003949],[-71.08445198919273,42.36120989576154],[-71.08442909181144,42.36137955889003],[-71.08469935204778,42.36140034415656],[-71.08470878056163,42.361334350119634],[-71.08484492860723,42.361290251245805],[-71.0848694362154,42.36133416576773],[-71.08501582301793,42.36128535552486],[-71.08499021373439,42.36124097070898],[-71.08526296426562,42.3611484829973],[-71.08527994431252,42.36103115196313],[-71.08521077924033,42.36091845285755],[-71.08477466904736,42.36106344712159],[-71.08473621768889,42.36107623194084]]]},"properties":{"FACILITY":"E40","Address":"1  AMHERST ST","BLDG_NAME":"MUCKLEY BUILDING","Ownership":"Owned by MIT","Type":"ACADEMIC","Floor_Count":6,"DATE_BUILT":-1251936000000,"DATE_BUILT_YEAR":1930}},{"type":"Feature","geometry":{"type":"Polygon","coordinates":[[[-71.08367022560287,42.360969766754685],[-71.08365368016858,42.36094259465853],[-71.08365250372843,42.360942985626586],[-71.08363122680221,42.360907272462576],[-71.0836070163756,42.36091537023936],[-71.0836451168956,42.36097804224584],[-71.08326586093176,42.361103287103724],[-71.08345208196225,42.36141346032994],[-71.08346785996,42.361439750990854],[-71.08354631632326,42.361413800687714],[-71.08389892557395,42.36129719220915],[-71.08391990977682,42.36129070952167],[-71.08386039564768,42.361190853827416],[-71.08371772421931,42.36095407469422],[-71.08367022560287,42.360969766754685]]]},"properties":{"FACILITY":"E53","Address":"30  WADSWORTH ST","BLDG_NAME":"HERMANN BUILDING","Ownership":"Owned by MIT","Type":"ACADEMIC","Floor_Count":6,"DATE_BUILT":-189388800000,"DATE_BUILT_YEAR":1964}},{"type":"Feature","geometry":{"type":"Polygon","coordinates":[[[-71.08363122680221,42.360907272462576],[-71.08365233420427,42.360942736533154],[-71.08365250135986,42.360942976615114],[-71.08366047235533,42.360940340615066],[-71.08366031968349,42.3609401131896],[-71.08381579408986,42.360889254097835],[-71.0838075638489,42.36087538957463],[-71.08383585814389,42.36086614426011],[-71.08385509841051,42.36089850454323],[-71.08407257738153,42.36082733925065],[-71.08398368216787,42.36067793888108],[-71.08399551416906,42.36067407622557],[-71.08395489294652,42.36060574950055],[-71.08394212301235,42.36058426292224],[-71.08390028633475,42.36051397275018],[-71.08321304656432,42.36073883969889],[-71.08327951194646,42.360850589440155],[-71.08330771582223,42.36089801982062],[-71.08331383062453,42.360908300767825],[-71.08358003766728,42.360821201365226],[-71.08363122680221,42.360907272462576]]]},"properties":{"FACILITY":"E52","Address":"50  MEMORIAL DR","BLDG_NAME":"MORRIS & SOPHIE CHANG BUILDING","Ownership":"Owned by MIT","Type":"ACADEMIC","Floor_Count":9,"DATE_BUILT":-978393600000,"DATE_BUILT_YEAR":1938}},{"type":"Feature","geometry":{"type":"Polygon","coordinates":[[[-71.09248620381182,42.36415521348505],[-71.09287875783444,42.36418516799734],[-71.09301887757348,42.363938365618914],[-71.09252155762363,42.36390041322336],[-71.09248620381182,42.36415521348505]]]},"properties":{"FACILITY":"NE48","Address":"700  TECHNOLOGY SQ","BLDG_NAME":"700 TECHNOLOGY SQUARE","Ownership":"Leased to MIT","Type":"ACADEMIC","Floor_Count":3,"DATE_BUILT":null,"DATE_BUILT_YEAR":null}},{"type":"Feature","geometry":{"type":"Polygon","coordinates":[[[-71.09256417389813,42.3623165703587],[-71.09250137544032,42.362348150559384],[-71.09251873188748,42.362368604481325],[-71.0925835079956,42.362337384189814],[-71.09258207189832,42.362336251941784],[-71.09325978359448,42.36200252352619],[-71.09326124953485,42.362003735096714],[-71.0932906046422,42.361989469405295],[-71.09304292773685,42.36171195631446],[-71.09301360543418,42.36172604020107],[-71.09301827449185,42.36173053115601],[-71.0923391551754,42.362066121272],[-71.09233404892925,42.36206034132786],[-71.09227131692516,42.362091238321],[-71.0922904938985,42.36211248468465],[-71.09235338059267,42.362081509004035],[-71.09238231356224,42.36211621322887],[-71.09237235782014,42.362122076633085],[-71.09236313467368,42.36212860254428],[-71.09235479744248,42.36213573478788],[-71.09234734763047,42.36214342835499],[-71.0923408929448,42.36215154678369],[-71.09233548072865,42.362160090241936],[-71.09233112492724,42.36216896694997],[-71.0923278878107,42.36217812131073],[-71.09232580060949,42.362187416591134],[-71.09232488031887,42.36219685285158],[-71.09232511204624,42.36220629229512],[-71.09232649493192,42.3622156800011],[-71.09232907577866,42.36222491170202],[-71.0923327491903,42.36223395371351],[-71.09233754359803,42.36224272691091],[-71.09234336990879,42.362251116641616],[-71.09235024306122,42.362259065340005],[-71.09235807108169,42.36226652856578],[-71.09236676344827,42.36227342497197],[-71.0923762574719,42.36227968681461],[-71.09238650838836,42.36228529052736],[-71.09239743901095,42.36229015751139],[-71.09240888175417,42.362294297075735],[-71.09242080435214,42.36229762988061],[-71.09243307114095,42.362300109530416],[-71.0924456042026,42.362301770860114],[-71.0924583259964,42.36230259018745],[-71.092471054729,42.36230252095348],[-71.09248372712496,42.36230158634147],[-71.09249623635839,42.36229978597297],[-71.09250847409389,42.36229716537891],[-71.09252028753306,42.36229369971022],[-71.09253167622325,42.36228945918799],[-71.09253694133642,42.36228716590086],[-71.09256417389813,42.3623165703587]]]},"properties":{"FACILITY":"N4","Address":"32  ALBANY ST","BLDG_NAME":"ALBANY GARAGE","Ownership":"Owned by MIT","Type":"SERVICE","Floor_Count":9,"DATE_BUILT":-94780800000,"DATE_BUILT_YEAR":1966}},{"type":"Feature","geometry":{"type":"Polygon","coordinates":[[[-71.09527365616984,42.36085191480448],[-71.095358661265,42.36094641198131],[-71.09535613570412,42.36094764369307],[-71.09541808976095,42.36101652034052],[-71.0954928028866,42.360979571521106],[-71.0954730760821,42.36095762963239],[-71.09563060164491,42.36087969734882],[-71.09550336899119,42.360738266577535],[-71.09527365616984,42.36085191480448]]]},"properties":{"FACILITY":"N10","Address":"155  MASSACHUSETTS AVE","BLDG_NAME":"HIGH VOLTAGE RESEARCH LAB","Ownership":"Owned by MIT","Type":"ACADEMIC","Floor_Count":3,"DATE_BUILT":-173664000000,"DATE_BUILT_YEAR":1964}},{"type":"Feature","geometry":{"type":"Polygon","coordinates":[[[-71.09830055726171,42.36202353918119],[-71.09830524341565,42.3620254002383],[-71.09831035001253,42.36202643089748],[-71.09831567546163,42.362026643058705],[-71.09832093121577,42.3620259780958],[-71.09832745839562,42.36202314337747],[-71.09833099238278,42.36202521647874],[-71.09852740615555,42.3618429808449],[-71.09824579717628,42.36167856189973],[-71.09824391655191,42.36167745157725],[-71.0981505655033,42.36176540319619],[-71.09804932141037,42.36186076263289],[-71.09805126379203,42.36186189748206],[-71.09805124042397,42.36186557507707],[-71.09805170674134,42.361869561381646],[-71.0980532642369,42.36187338134523],[-71.09805594449428,42.36187684061597],[-71.09805954936951,42.36187979085402],[-71.09806390964079,42.361882117131415],[-71.09806885879422,42.361883660415394],[-71.09807413576912,42.36188443059704],[-71.09807954106971,42.36188430093888],[-71.09808473699827,42.36188330627227],[-71.0980871363972,42.36188263133839],[-71.09815242046379,42.36192094524053],[-71.09815169602334,42.36192376691286],[-71.09815171683975,42.361927751660424],[-71.0981528746036,42.361931626944084],[-71.09815513883981,42.361935221602685],[-71.09815838909472,42.36193838756799],[-71.09816247222442,42.36194096315332],[-71.09816723506228,42.36194279027308],[-71.0981724034114,42.3619438445617],[-71.09817777512491,42.361944034383804],[-71.09818306129593,42.36194335782966],[-71.09818792238178,42.36194175789532],[-71.09819160858717,42.36194394586937],[-71.09819093322942,42.36194649402593],[-71.09819090798807,42.36195046780906],[-71.09819198792098,42.361954365327605],[-71.09819419139573,42.36195797057654],[-71.09819738074053,42.361961170538855],[-71.09820143223716,42.36196375771603],[-71.0982061643696,42.36196564144504],[-71.09821133143299,42.361966707431144],[-71.09821665794767,42.36196694210793],[-71.0982219584699,42.361966299813126],[-71.09822688196952,42.36196462086979],[-71.09829161842879,42.36200221524912],[-71.09829011804968,42.36200641165283],[-71.09829001648056,42.36201036266211],[-71.09829111256178,42.36201420351789],[-71.09829330025758,42.36201780961007],[-71.09829650440038,42.36202097451],[-71.09830055726171,42.36202353918119]]]},"properties":{"FACILITY":"NW61","Address":"282-290  MASSACHUSETTS AVE","BLDG_NAME":"RANDOM HALL","Ownership":"Owned by MIT","Type":"RESIDENTIAL","Floor_Count":5,"DATE_BUILT":-2209075200000,"DATE_BUILT_YEAR":1899}},{"type":"Feature","geometry":{"type":"Polygon","coordinates":[[[-71.09870476291826,42.363272658254836],[-71.09877988805256,42.363277474001734],[-71.09889459344858,42.36328478469211],[-71.09895672197746,42.36276856747129],[-71.09878317654413,42.362757477453165],[-71.09876465278283,42.36275631988385],[-71.09870476291826,42.363272658254836]]]},"properties":{"FACILITY":"N57","Address":"1 STATE ST","BLDG_NAME":"BUILDING N57","Ownership":"Owned by MIT","Type":"SERVICE","Floor_Count":7,"DATE_BUILT":-1483315200000,"DATE_BUILT_YEAR":1922}},{"type":"Feature","geometry":{"type":"Polygon","coordinates":[[[-71.10243480033054,42.36023295656539],[-71.10244813375233,42.36021965768419],[-71.10247493764928,42.360217415886396],[-71.10249200452483,42.36022815499432],[-71.10254801615285,42.36017590318735],[-71.10253643663474,42.36016914521979],[-71.10259567506226,42.360113944393184],[-71.10252034036868,42.3600696203519],[-71.10256930932269,42.360024038736086],[-71.10260417039076,42.36004682935494],[-71.10285870533815,42.35983292772225],[-71.10288113598871,42.35984760244919],[-71.10300841726963,42.359740861660526],[-71.10302519127497,42.35975164559433],[-71.10309715702216,42.359691353193135],[-71.10302180858291,42.359642086845696],[-71.10303671592702,42.35962979624921],[-71.1029665213352,42.35958370226343],[-71.10295187532701,42.35959593703501],[-71.10286461715046,42.359538614199195],[-71.10279260365262,42.35959896391066],[-71.1028173267709,42.35961526348639],[-71.10269733102142,42.359715856859026],[-71.1026732115541,42.359698728377296],[-71.10253730504137,42.35981241892448],[-71.10256239512815,42.35982885576595],[-71.10243492869382,42.35993574306933],[-71.10248547408071,42.359969232949396],[-71.1024334898555,42.36001827651849],[-71.102256607918,42.3599138013824],[-71.10227737726973,42.35989458453313],[-71.10211702989992,42.35979985615835],[-71.10209589079838,42.359819185136224],[-71.10199340979194,42.359758348263995],[-71.10213367906715,42.359627423924294],[-71.10215974301784,42.359642817188636],[-71.10228732975796,42.3595241116148],[-71.10226121990743,42.35950868490949],[-71.10237354907768,42.359404215847356],[-71.10239946012074,42.35941959682581],[-71.102467053628,42.35935640877544],[-71.1023925774806,42.35931257736404],[-71.10240624624291,42.35929958664324],[-71.10238183293056,42.35928521286479],[-71.1023265084963,42.359252583288],[-71.1023126720077,42.35926541316814],[-71.10223816315532,42.359221797611184],[-71.10217089416737,42.359284713864405],[-71.10219674506754,42.359299798486404],[-71.10183979890556,42.35963260356984],[-71.10178575784519,42.359600889270325],[-71.10180106298368,42.359586379199186],[-71.10145274465098,42.359381123218355],[-71.10138512047803,42.359444003571205],[-71.10138721966727,42.359444716673],[-71.10137653310032,42.35945464222448],[-71.10137483520865,42.35945362351505],[-71.10132832064329,42.35949703714066],[-71.101330051963,42.359497567110004],[-71.10132160596078,42.35950541715583],[-71.1013198273,42.359504887022254],[-71.1013029339276,42.35952061051448],[-71.10139921702645,42.35957796491936],[-71.10139412062011,42.35958266116569],[-71.10140458259015,42.359588925619896],[-71.10141024880737,42.35958395856056],[-71.10142557518756,42.35959306317577],[-71.1014346563501,42.359584396061265],[-71.10166069878176,42.35971763231318],[-71.10169930541622,42.3596818193117],[-71.10175316219849,42.359713693264375],[-71.101696286092,42.359766705141084],[-71.10180436580289,42.359830556022196],[-71.10181367866099,42.35982171862568],[-71.10185979940961,42.35984838458378],[-71.1018534398457,42.35985396506182],[-71.10186434532423,42.35986036785266],[-71.10186996698306,42.359855149436356],[-71.10188223449124,42.35986231948468],[-71.10189284436377,42.35985242693231],[-71.10191979532827,42.35986826716268],[-71.10191622852098,42.35987160298887],[-71.10196598736546,42.35990078609825],[-71.10196949297375,42.359897530184384],[-71.10199610752086,42.35991320988126],[-71.10195612612735,42.3599504757891],[-71.10243480033054,42.36023295656539]]]},"properties":{"FACILITY":"NW86","Address":"70 PACIFIC ST","BLDG_NAME":"70 PACIFIC STREET DORMITORY","Ownership":"Owned by MIT","Type":"RESIDENTIAL","Floor_Count":10,"DATE_BUILT":980985600000,"DATE_BUILT_YEAR":2001}},{"type":"Feature","geometry":{"type":"Polygon","coordinates":[[[-71.0980912615649,42.36067659452486],[-71.09859385454135,42.36045780613795],[-71.09849897465088,42.36040199018205],[-71.0985199559687,42.36038343556051],[-71.098587847556,42.36042441148481],[-71.09878002952162,42.36034234829008],[-71.09864318670013,42.36026057478668],[-71.0985256976729,42.36018950288554],[-71.09816500764852,42.35997518817679],[-71.09797332980989,42.360060109627085],[-71.09805724983117,42.360108621493886],[-71.09795989323666,42.360150043782596],[-71.0979224049813,42.36012793308736],[-71.0979084220676,42.36013326252463],[-71.09787893117927,42.360097959039564],[-71.09758197729728,42.36022430038802],[-71.09748447125267,42.360313933995855],[-71.0980912615649,42.36067659452486]],[[-71.09800174346778,42.36017878233027],[-71.09797928184055,42.36016169106721],[-71.09807548108752,42.36012092012757],[-71.09839916508842,42.36031254196694],[-71.09837833986188,42.360334998061205],[-71.09840295286342,42.36035130090247],[-71.09839664211871,42.360354489294345],[-71.09842605168048,42.36039042976333],[-71.09810829023014,42.36053141142038],[-71.0977188864918,42.360300182104254],[-71.09800174346778,42.36017878233027]]]},"properties":{"FACILITY":"NW10","Address":"143  ALBANY ST","BLDG_NAME":"EDGERTON HOUSE","Ownership":"Owned by MIT","Type":"RESIDENTIAL","Floor_Count":5,"DATE_BUILT":-1483315200000,"DATE_BUILT_YEAR":1922}},{"type":"Feature","geometry":{"type":"Polygon","coordinates":[[[-71.0988292644926,42.35981099969059],[-71.09885299146875,42.35982688611476],[-71.09932039431659,42.36010496879794],[-71.09957565653647,42.35999409962592],[-71.0993456510184,42.35985693911499],[-71.09936293114197,42.359838508288945],[-71.09927266197916,42.359784406067874],[-71.09925600658875,42.35980347736196],[-71.09896282069911,42.35962582330436],[-71.0987059353057,42.359738507644025],[-71.0988292644926,42.35981099969059]]]},"properties":{"FACILITY":"NW17","Address":"175  ALBANY ST","BLDG_NAME":"PLASMA SCIENCE & FUSION CENTER (NW17)","Ownership":"Owned by MIT","Type":"ACADEMIC","Floor_Count":4,"DATE_BUILT":-1451779200000,"DATE_BUILT_YEAR":1923}},{"type":"Feature","geometry":{"type":"Polygon","coordinates":[[[-71.09998851413148,42.35981395446218],[-71.1000315352001,42.35979489643312],[-71.1000628351522,42.35981744766949],[-71.1001135653628,42.35979479455764],[-71.10010780609565,42.359763382377544],[-71.10029507660647,42.359678190879606],[-71.0996548306851,42.359308070096006],[-71.09946859264352,42.35940009554233],[-71.09968370516377,42.35952278947011],[-71.09963502729511,42.35956814220834],[-71.09961784114364,42.35958421644792],[-71.09960770958487,42.359593670216185],[-71.09967920133411,42.35963543228559],[-71.09998851413148,42.35981395446218]]]},"properties":{"FACILITY":"NW23","Address":"195 ALBANY ST","BLDG_NAME":"BUILDING NW23","Ownership":"Owned by MIT","Type":"SERVICE","Floor_Count":4,"DATE_BUILT":-1420070400000,"DATE_BUILT_YEAR":1925}},{"type":"Feature","geometry":{"type":"Polygon","coordinates":[[[-71.096994744824,42.359797703234285],[-71.09661083648267,42.35998622637841],[-71.09667716620145,42.3600697140854],[-71.09668241433212,42.360074982071865],[-71.09660562870138,42.36010750578026],[-71.0965988034081,42.36010399772403],[-71.09658757787416,42.36009969998486],[-71.0965758396398,42.360096231412484],[-71.09656371280765,42.360093547427574],[-71.09655133404074,42.36009172773482],[-71.09653876660394,42.36009075004888],[-71.09652614744742,42.3600906490611],[-71.09651355318861,42.36009140253307],[-71.09650112328565,42.360093032560954],[-71.09649211601872,42.36009475472146],[-71.09648018230335,42.36009776392935],[-71.09647829071959,42.36009838389336],[-71.09646566810532,42.3600866457579],[-71.0963876007967,42.36012748799107],[-71.09636906674162,42.36016193550514],[-71.09639714811334,42.360168978879756],[-71.09639559629183,42.36017399524302],[-71.09639390927155,42.36018326859596],[-71.09639337356616,42.3601926495224],[-71.09639400455275,42.36020201113559],[-71.0963958343729,42.36021126261926],[-71.09639878547634,42.36022038209415],[-71.09640013342471,42.36022334697294],[-71.09642394268754,42.36025518639823],[-71.0963646639251,42.36031336747776],[-71.09642140405404,42.36034048342104],[-71.09647806513405,42.36028579975191],[-71.09648142076983,42.36028688196833],[-71.0964934235056,42.360289805003035],[-71.09650573858681,42.36029190896952],[-71.0965182729057,42.36029313682285],[-71.0965308903571,42.36029351149305],[-71.09654349869098,42.360293031756164],[-71.09655598880056,42.36029167472219],[-71.09656828527523,42.36028946353428],[-71.096572620239,42.360288499226534],[-71.09658443312883,42.36028521589759],[-71.09659581874244,42.360281167624166],[-71.09660665832551,42.3602763215794],[-71.09661021582808,42.36027468292822],[-71.09666967199641,42.36028268975018],[-71.09674162204989,42.36025009232664],[-71.09677588244126,42.36025597339441],[-71.09681257580665,42.360238954241765],[-71.09691036757107,42.36036293903711],[-71.09732161780217,42.360184587566714],[-71.09713211790016,42.359947832278195],[-71.09711938596898,42.35995343518817],[-71.096994744824,42.359797703234285]]]},"properties":{"FACILITY":"NW12","Address":"138  ALBANY ST","BLDG_NAME":"NUCLEAR REACTOR LAB","Ownership":"Owned by MIT","Type":"ACADEMIC","Floor_Count":5,"DATE_BUILT":-1009929600000,"DATE_BUILT_YEAR":1937}},{"type":"Feature","geometry":{"type":"Polygon","coordinates":[[[-71.096994744824,42.359797703234285],[-71.09711938596898,42.35995343518817],[-71.09713211790016,42.359947832278195],[-71.09732161780217,42.360184587566714],[-71.09749839822945,42.36010792652734],[-71.09750037492603,42.36011109885931],[-71.0977308836619,42.36000867557029],[-71.0973996828477,42.35959488292212],[-71.096992627582,42.35979506607245],[-71.096994744824,42.359797703234285]]]},"properties":{"FACILITY":"NW13","Address":"144  ALBANY ST","BLDG_NAME":"BUILDING NW13","Ownership":"Owned by MIT","Type":"ACADEMIC","Floor_Count":4,"DATE_BUILT":-1641945600000,"DATE_BUILT_YEAR":1917}},{"type":"Feature","geometry":{"type":"Polygon","coordinates":[[[-71.09803852399183,42.35928123504637],[-71.09826160459103,42.35953187158944],[-71.09828184559879,42.35952128467665],[-71.09828758270666,42.35952679287464],[-71.09847639050899,42.35943415170706],[-71.098329900869,42.359271114691786],[-71.0982513440666,42.359183713975554],[-71.09824719765632,42.35917908821303],[-71.09823784953154,42.35918366683522],[-71.09806110104542,42.35927017828341],[-71.09803852399183,42.35928123504637]]]},"properties":{"FACILITY":"NW15","Address":"166-170  ALBANY ST","BLDG_NAME":"FRANCIS BITTER MAGNET LAB (NW15)","Ownership":"Owned by MIT","Type":"ACADEMIC","Floor_Count":2,"DATE_BUILT":-255139200000,"DATE_BUILT_YEAR":1961}},{"type":"Feature","geometry":{"type":"Polygon","coordinates":[[[-71.0973996828477,42.35959488292212],[-71.0977308836619,42.36000867557029],[-71.09825655500342,42.359775162314065],[-71.09828876216677,42.35976084319014],[-71.0984138788314,42.35970524528496],[-71.09839610843795,42.359684608040546],[-71.09844305856298,42.359660120279365],[-71.0984055071205,42.35961872623928],[-71.09835696452888,42.35964261603412],[-71.09826160459103,42.35953187158944],[-71.09803852399183,42.35928123504637],[-71.09787786888621,42.3593599006267],[-71.09784862988295,42.35932723405209],[-71.097620888838,42.35943885561176],[-71.09765065017469,42.35947145564908],[-71.0973996828477,42.35959488292212]]]},"properties":{"FACILITY":"NW14","Address":"150  ALBANY ST","BLDG_NAME":"FRANCIS BITTER MAGNET LAB (NW14)","Ownership":"Owned by MIT","Type":"ACADEMIC","Floor_Count":7,"DATE_BUILT":-1767312000000,"DATE_BUILT_YEAR":1913}},{"type":"Feature","geometry":{"type":"Polygon","coordinates":[[[-71.09876549199122,42.35955340366188],[-71.09880517919144,42.359536178249535],[-71.09927686040255,42.3593312722094],[-71.09956660439548,42.35918828835905],[-71.09992424661816,42.35901180168349],[-71.09983766425484,42.35896487541428],[-71.09989266958677,42.358914135666005],[-71.09963604490554,42.35876232001264],[-71.09966169045063,42.35873932948906],[-71.09961737817996,42.35871354491369],[-71.09959222367105,42.3587364354045],[-71.09939024976275,42.358617135214814],[-71.0988076384885,42.358902247752525],[-71.09841775403902,42.3590930779252],[-71.09850001643258,42.35918457967599],[-71.09855887879456,42.35925007317908],[-71.09851453052259,42.35927109765854],[-71.09851510899044,42.359271759589454],[-71.09864098589667,42.35941222532395],[-71.09861916019035,42.359423490088254],[-71.0986665540648,42.35947672659085],[-71.09868929850994,42.35946587465483],[-71.09876549199122,42.35955340366188]]]},"properties":{"FACILITY":"NW21","Address":"190  ALBANY ST","BLDG_NAME":"PLASMA SCIENCE & FUSION CENTER (NW21)","Ownership":"Owned by MIT","Type":"ACADEMIC","Floor_Count":3,"DATE_BUILT":-2209075200000,"DATE_BUILT_YEAR":1899}},{"type":"Feature","geometry":{"type":"Polygon","coordinates":[[[-71.09951438098993,42.35855274405917],[-71.10012566912295,42.358912199249126],[-71.10043169307797,42.35876025163249],[-71.09982437259093,42.35839968560262],[-71.09951438098993,42.35855274405917]]]},"properties":{"FACILITY":"NW30","Address":"224 ALBANY ST","BLDG_NAME":"BUILDING NW30","Ownership":"Owned by MIT","Type":"RESIDENTIAL","Floor_Count":6,"DATE_BUILT":-2051308800000,"DATE_BUILT_YEAR":1904}},{"type":"Feature","geometry":{"type":"Polygon","coordinates":[[[-71.09919148180768,42.3581436884676],[-71.09937625192536,42.358349259580976],[-71.09991151882825,42.358084589769206],[-71.09972674760182,42.35787904201039],[-71.09919148180768,42.3581436884676]]]},"properties":{"FACILITY":"W59","Address":"201  VASSAR ST","BLDG_NAME":"HEINZ BUILDING","Ownership":"Owned by MIT","Type":"SERVICE","Floor_Count":3,"DATE_BUILT":-1704240000000,"DATE_BUILT_YEAR":1915}},{"type":"Feature","geometry":{"type":"Polygon","coordinates":[[[-71.09833623940757,42.359135822557285],[-71.09832157620386,42.35914318432134],[-71.09835838286585,42.35918348284315],[-71.0983571651657,42.359184082684166],[-71.09832286857822,42.35920098556101],[-71.09838592081358,42.35927130942989],[-71.09854544294554,42.3594492736351],[-71.09862965346619,42.359407745552204],[-71.0984293816318,42.3591843339636],[-71.09840707892026,42.35915945673851],[-71.09840530825203,42.359160349943785],[-71.09836940189386,42.35912106830586],[-71.09835370709098,42.359128972046356],[-71.09833623940757,42.359135822557285]]]},"properties":{"FACILITY":"NW20","Address":"180  ALBANY ST","BLDG_NAME":"ALBANY ST GENERATOR SHELTER","Ownership":"Owned by MIT","Type":"ACADEMIC","Floor_Count":2,"DATE_BUILT":null,"DATE_BUILT_YEAR":null}},{"type":"Feature","geometry":{"type":"Polygon","coordinates":[[[-71.0947026812587,42.359603460924674],[-71.09465830717886,42.3596182322254],[-71.09470271467143,42.35969146425882],[-71.09468005131286,42.35969901343562],[-71.09470481510218,42.35973990899055],[-71.09472869375784,42.3597319544601],[-71.09479042030833,42.35983378213309],[-71.09476649549468,42.35984173651366],[-71.09479139675712,42.35988279188371],[-71.09481516720733,42.35987487026487],[-71.09485962067012,42.35994818342018],[-71.09503482573894,42.359887961676215],[-71.09503892397103,42.359890413187884],[-71.09504700353646,42.35989214948422],[-71.09505385335733,42.3598918089857],[-71.09506197909687,42.35988879732154],[-71.09506748978626,42.35988412532029],[-71.09506969490982,42.35988022763231],[-71.09506968791703,42.35987411374783],[-71.0950679028551,42.359869849097784],[-71.095063937206,42.35986583875413],[-71.09505726444067,42.3598626039303],[-71.09505108889574,42.35986077170589],[-71.09504780088903,42.35986107883085],[-71.09503790346399,42.35984598035225],[-71.09531354644764,42.35975407052453],[-71.0957009477231,42.35962492090046],[-71.09555824780496,42.359389460936335],[-71.0955425358295,42.35936353138553],[-71.09485568959403,42.35959305522479],[-71.09483508939235,42.35955917951537],[-71.0947026812587,42.359603460924674]]]},"properties":{"FACILITY":"W31","Address":"120  MASSACHUSETTS AVE","BLDG_NAME":"DU PONT ATHLETIC GYMNASIUM","Ownership":"Owned by MIT","Type":"SERVICE","Floor_Count":4,"DATE_BUILT":-2114467200000,"DATE_BUILT_YEAR":1902}},{"type":"Feature","geometry":{"type":"Polygon","coordinates":[[[-71.09632859917878,42.35884924741145],[-71.09646230131396,42.35906904766028],[-71.0965339962669,42.3590450346201],[-71.09655714925606,42.359083407821004],[-71.09655469714285,42.359085129573934],[-71.09654846015529,42.35909065257245],[-71.09654315593163,42.35909666859988],[-71.09653890735916,42.359103133073006],[-71.09653567154868,42.35910991890087],[-71.0965336311484,42.35911693759559],[-71.09653269449652,42.359124096106086],[-71.09653290958288,42.35913129286797],[-71.09653435367933,42.359138403012295],[-71.09653688884234,42.359145357633125],[-71.09653868052263,42.35914859685519],[-71.09658732321812,42.35913304304774],[-71.0965951261818,42.359146927661094],[-71.09656907219944,42.35917608754927],[-71.0965727293199,42.359177853239906],[-71.09657302098864,42.359177991106876],[-71.09658168950206,42.35918120943635],[-71.09659082436568,42.35918363264545],[-71.09660027178018,42.359185203476514],[-71.09660992372265,42.35918591974994],[-71.09661962723425,42.35918578272979],[-71.09662925978895,42.359184780282554],[-71.09663862109859,42.35918291170579],[-71.09664474265725,42.35918121362415],[-71.09665271449951,42.35917813378634],[-71.09665334480822,42.35917789652011],[-71.09666137023548,42.359173837355506],[-71.09666864606491,42.35916911474967],[-71.09667511267372,42.35916375100081],[-71.09668070748894,42.359157850323115],[-71.09668526228575,42.359151523762584],[-71.09668874399166,42.359144818018365],[-71.09669115202708,42.35913782401769],[-71.09669237984507,42.359130689034316],[-71.09669247177348,42.359123505053155],[-71.096691336001,42.35911620243],[-71.09666984043672,42.35912134151934],[-71.09666174576523,42.35910751350641],[-71.09668369576434,42.35910078160104],[-71.09668139175652,42.35909621896078],[-71.09667594898438,42.3590902678714],[-71.09666962782676,42.35908481426176],[-71.09666244204661,42.35907998422041],[-71.09665451624116,42.35907584570583],[-71.09664598613911,42.359072434305126],[-71.09663694492062,42.35906979535944],[-71.09662754638431,42.35906798612627],[-71.09661797253462,42.35906701894758],[-71.09660828505994,42.35906692825073],[-71.09658489163382,42.35902780337592],[-71.09705636687293,42.35887026087079],[-71.09659434738583,42.358110733069104],[-71.09600028750754,42.35830951750577],[-71.0960157380899,42.35833492931637],[-71.09632859917878,42.35884924741145]]]},"properties":{"FACILITY":"W34","Address":"120  VASSAR ST","BLDG_NAME":"JOHNSON ATHLETICS CENTER","Ownership":"Owned by MIT","Type":"SERVICE","Floor_Count":2,"DATE_BUILT":299635200000,"DATE_BUILT_YEAR":1979}},{"type":"Feature","geometry":{"type":"Polygon","coordinates":[[[-71.09562216942712,42.35936814630134],[-71.09572450063713,42.359533048215745],[-71.09578810362301,42.35949968200546],[-71.09583229499296,42.35954917313017],[-71.09646704908756,42.359237421001346],[-71.09616842261397,42.358902986900794],[-71.09612674673035,42.35885632803673],[-71.0955261582865,42.359155399064825],[-71.09549469726393,42.35917105967209],[-71.0956595435898,42.35935568446804],[-71.09562216942712,42.35936814630134]]]},"properties":{"FACILITY":"W33","Address":"106 VASSAR ST","BLDG_NAME":"ROCKWELL CAGE","Ownership":"Owned by MIT","Type":"SERVICE","Floor_Count":1,"DATE_BUILT":-710208000000,"DATE_BUILT_YEAR":1947}},{"type":"Feature","geometry":{"type":"Polygon","coordinates":[[[-71.09499706024873,42.357961702239734],[-71.09496879046235,42.357962650617814],[-71.09494059282129,42.35796446442078],[-71.0949125268028,42.357967143858176],[-71.09488460954358,42.35797066648324],[-71.09485693186154,42.357975066827],[-71.0948295256095,42.3579802990871],[-71.09480243705667,42.35798634091953],[-71.09477707887167,42.35799285609255],[-71.09477714298654,42.35801411484228],[-71.09477837375402,42.35803535429514],[-71.09478083329472,42.35805654135914],[-71.09478439787279,42.358077663894605],[-71.09478914590767,42.358098607841015],[-71.09479500055348,42.35811943144615],[-71.09480205329362,42.358140065710025],[-71.09481021360409,42.35816043018773],[-71.09481947990868,42.35818058159166],[-71.09482982387179,42.35820039558185],[-71.09484127447668,42.358219895667645],[-71.09485377255125,42.358239033924995],[-71.09486730138492,42.358257766180444],[-71.0948818755445,42.358276092484935],[-71.0948890392995,42.35828432655407],[-71.0948974516262,42.35829396677055],[-71.09491395231305,42.358311331146005],[-71.09493142250646,42.35832818756968],[-71.09494981752482,42.3583444998721],[-71.09496906095931,42.35836025788068],[-71.09498916760113,42.35837542653576],[-71.09501012317226,42.358389960772136],[-71.09502350015822,42.35839867315849],[-71.09504825451204,42.35838809100069],[-71.09507241417187,42.35837673249527],[-71.09509590329655,42.358364688304746],[-71.09511873666504,42.358351925170865],[-71.09514080710116,42.35833849853461],[-71.09516217544105,42.358324386103355],[-71.095182688227,42.35830966746305],[-71.09520239051535,42.35829432026547],[-71.09522125289152,42.35827838852175],[-71.09523919744478,42.35826190706929],[-71.0952562385918,42.35824489936669],[-71.09527230229395,42.35822736425362],[-71.09528740018337,42.358209380996804],[-71.09530150440537,42.358190939595374],[-71.0953145817606,42.358172106554335],[-71.09532661781597,42.35815286111652],[-71.09533675813672,42.358134701057494],[-71.09533753545513,42.358133303843246],[-71.09534739551503,42.35811341244177],[-71.09535618199774,42.35809322106697],[-71.09536378878728,42.35807280947144],[-71.0953703227778,42.35805216632776],[-71.09537422362794,42.358037445923316],[-71.095349835923,42.358026794326],[-71.09532488998047,42.35801688079668],[-71.09529941836018,42.3580077387603],[-71.0952734644547,42.357999416084525],[-71.09524701529104,42.357991853304235],[-71.09522023792917,42.35798512122975],[-71.095193087531,42.357979207999186],[-71.0951656233606,42.3579741471316],[-71.09513786362456,42.357969938690935],[-71.09510995890153,42.35796657330383],[-71.0950818496488,42.357964060663754],[-71.0950536281863,42.357962390292215],[-71.095025369483,42.35796160746751],[-71.09499706024873,42.357961702239734]]]},"properties":{"FACILITY":"W16","Address":"48  MASSACHUSETTS AVE (REAR)","BLDG_NAME":"KRESGE AUDITORIUM","Ownership":"Owned by MIT","Type":"SERVICE","Floor_Count":3,"DATE_BUILT":-526089600000,"DATE_BUILT_YEAR":1953}},{"type":"Feature","geometry":{"type":"Polygon","coordinates":[[[-71.09390740552132,42.35839173062579],[-71.09392361181476,42.358418989180166],[-71.0940708193918,42.358369510415244],[-71.09407754869433,42.3583758199844],[-71.09408514234893,42.35838155101723],[-71.09409353774375,42.358386624067144],[-71.09410256743115,42.35839102863985],[-71.09411224649692,42.358394683762384],[-71.09412236159797,42.35839754276693],[-71.09413286453807,42.35839954966541],[-71.09414358873065,42.35840074888424],[-71.09415437931668,42.35840105975121],[-71.0941651899441,42.35840051721392],[-71.09417585325143,42.358399097274415],[-71.09418626204989,42.358396857172885],[-71.09419461370098,42.35839436943457],[-71.09420424755645,42.358390691536414],[-71.09421330343501,42.35838628326438],[-71.09422165731006,42.35838117749168],[-71.09422924698085,42.35837541991378],[-71.09423590435279,42.3583691008669],[-71.09424165932768,42.35836228977893],[-71.09424635724457,42.35835506442949],[-71.09424999780342,42.35834747163272],[-71.094252519371,42.35833965791837],[-71.09425387530743,42.358331703247565],[-71.09425406524372,42.35832366523768],[-71.09425311765435,42.35831564662204],[-71.09425098804442,42.35830777148352],[-71.09424775230354,42.358300131018986],[-71.09424339321298,42.35829276027885],[-71.09423803385803,42.35828577313372],[-71.0942316432401,42.35827927120666],[-71.09422438849498,42.358273313606084],[-71.09421628603909,42.358267990418526],[-71.09420747288696,42.35826332553484],[-71.09419802621652,42.35825939845261],[-71.0941880514877,42.358256232051055],[-71.09417767328776,42.35825389519159],[-71.09416702870566,42.35825240006169],[-71.09415627061074,42.35825175890443],[-71.09414541478253,42.358251971775516],[-71.0941346772218,42.3582530493403],[-71.09412416352123,42.35825499377216],[-71.09411401357305,42.358257758749815],[-71.09411252118524,42.358258220732715],[-71.09410273337747,42.35826205743102],[-71.0940935236863,42.358266601995524],[-71.09408498443321,42.35827184394862],[-71.09407725565538,42.35827771446258],[-71.09407044324047,42.35828416979713],[-71.09406451972077,42.35829113963291],[-71.09405965218498,42.35829850122026],[-71.0940558711355,42.358306230359176],[-71.09405319572208,42.3583141803703],[-71.0940516236734,42.35832232693779],[-71.09405127974398,42.358330523755036],[-71.09405207083773,42.35833871287491],[-71.0940529643842,42.35834304281765],[-71.09390740552132,42.35839173062579]]]},"properties":{"FACILITY":"W15","Address":"48  MASSACHUSETTS AVE (REAR)","BLDG_NAME":"MIT CHAPEL","Ownership":"Owned by MIT","Type":"SERVICE","Floor_Count":2,"DATE_BUILT":-494553600000,"DATE_BUILT_YEAR":1954}},{"type":"Feature","geometry":{"type":"Polygon","coordinates":[[[-71.09673068940067,42.35551967046724],[-71.09709148388923,42.3553983588852],[-71.0970834317412,42.355385156739295],[-71.09710289310789,42.355378643807],[-71.09695123068434,42.35513048596058],[-71.09693343089312,42.3551364582153],[-71.09692490786519,42.355122491861714],[-71.09656411356018,42.35524378041759],[-71.096572455493,42.355257393249],[-71.09655296361498,42.35526392939221],[-71.09670470054213,42.35551220145867],[-71.09672245419304,42.35550625158481],[-71.09673068940067,42.35551967046724]]]},"properties":{"FACILITY":"W8","Address":"405  MEMORIAL DR","BLDG_NAME":"RESCH BOATHOUSE","Ownership":"Owned by MIT","Type":"SERVICE","Floor_Count":2,"DATE_BUILT":-144720000000,"DATE_BUILT_YEAR":1965}},{"type":"Feature","geometry":{"type":"Polygon","coordinates":[[[-71.09983372777558,42.355166998304064],[-71.09982146619767,42.35514679005671],[-71.09941493196239,42.35528250314568],[-71.09904867074944,42.35540477075366],[-71.09922084152811,42.355688499266854],[-71.09927103978403,42.35567174245717],[-71.09936398096376,42.35582452665511],[-71.09968000129831,42.3557187646289],[-71.09971249251682,42.35570790140042],[-71.09969915132395,42.35568603915473],[-71.09970661268092,42.355683548817915],[-71.09961733248466,42.355536788871476],[-71.09957751872354,42.35555008616728],[-71.0993505736562,42.35562605260283],[-71.09930194346252,42.35554760302137],[-71.09930774406293,42.35553595278269],[-71.09929339473831,42.35551077301112],[-71.09927759482883,42.355506493800014],[-71.09925068710916,42.35546218773097],[-71.09943120326216,42.355401921977055],[-71.09944712431252,42.355406428462054],[-71.09948070748779,42.355395238695905],[-71.09948201152481,42.35539287547671],[-71.09948771125777,42.355382578912504],[-71.09962807404519,42.35533571155124],[-71.09976142736258,42.3555554501898],[-71.09981014872469,42.35553917776247],[-71.09982655697513,42.35556626514372],[-71.09987740787952,42.35565124572273],[-71.10008407415789,42.355582595505425],[-71.10003213288458,42.35549763643315],[-71.09996838082927,42.35539259401271],[-71.0999698271249,42.35539210928631],[-71.09983332721504,42.35516719047245],[-71.09983372777558,42.355166998304064]]]},"properties":{"FACILITY":"W61","Address":"450  MEMORIAL DR","BLDG_NAME":"MACGREGOR HOUSE","Ownership":"Owned by MIT","Type":"RESIDENTIAL","Floor_Count":21,"DATE_BUILT":-47433600000,"DATE_BUILT_YEAR":1968}},{"type":"Feature","geometry":{"type":"Polygon","coordinates":[[[-71.0999698271249,42.35539210928631],[-71.1001057898695,42.35534671691661],[-71.10022200565147,42.35553822627201],[-71.10030494130281,42.35551054886758],[-71.10032467491081,42.35535579921516],[-71.10036854199657,42.355340090367406],[-71.10035947081352,42.35532515365567],[-71.10040806903541,42.35530891475836],[-71.10042420727014,42.355313058145796],[-71.10043996339108,42.35533907363073],[-71.10042716348136,42.35534333344071],[-71.1004698284901,42.355413597098796],[-71.1005026731302,42.35540265564973],[-71.10051150026635,42.355417225984546],[-71.10059132656374,42.35539058550929],[-71.10058231650238,42.355375763364464],[-71.10061460782781,42.35536497841263],[-71.10057217122522,42.35529504600735],[-71.10055955611939,42.35529926055913],[-71.10054358827051,42.35527293735642],[-71.10055058255152,42.35526155228537],[-71.1006147648851,42.35524011784393],[-71.10062369775812,42.35525485959285],[-71.10068994052621,42.3552327498458],[-71.10068105219314,42.35521806497491],[-71.10073077281005,42.35520147602509],[-71.10074580699074,42.355205536308915],[-71.10076150239338,42.355231380484284],[-71.10074897956083,42.35523559537714],[-71.10079170596228,42.355305985170155],[-71.10082393509732,42.355295234154724],[-71.10083300502997,42.35531019333245],[-71.10091293944774,42.35528349539097],[-71.10090371692186,42.35526828630982],[-71.10093663803353,42.35525732069453],[-71.10089379105621,42.35518678288917],[-71.10088103733186,42.35519104290983],[-71.10086581288449,42.35516596293022],[-71.10087232088864,42.35515391623982],[-71.10093650171649,42.3551324933176],[-71.10094551289802,42.35514733794639],[-71.10101201569687,42.35512514879064],[-71.10100300571666,42.3551103041712],[-71.10105188093075,42.35509397413375],[-71.10106704881849,42.35509858131511],[-71.10108236472013,42.35512379752918],[-71.10107001235997,42.3551279338228],[-71.10111278359852,42.35519838037102],[-71.10114567314717,42.35518740378302],[-71.10115489706949,42.355202591242765],[-71.10123423023656,42.35517610796273],[-71.10122516058571,42.35516109209921],[-71.1012573433075,42.355150363308745],[-71.10121452617405,42.35507985993665],[-71.10120218725656,42.3550839845873],[-71.10118694828407,42.35505888209241],[-71.10119384774025,42.35504557273516],[-71.10114762705477,42.35496951265119],[-71.10110862907541,42.35498251711059],[-71.10109977173344,42.3549679125047],[-71.10103377506996,42.354989944115985],[-71.10104237530105,42.35500412739985],[-71.10099236304477,42.35502080550139],[-71.10097733161761,42.355016313120224],[-71.1009616965855,42.35499051419713],[-71.10097408062626,42.35498635551776],[-71.1009152348992,42.354889403531985],[-71.10085671838303,42.354793784183926],[-71.10071238858171,42.35484199510513],[-71.10074109163921,42.354888903503095],[-71.10082975097487,42.355034487360456],[-71.10084261184213,42.35503017099908],[-71.10085836864403,42.35505609460078],[-71.10085218539045,42.35506765266047],[-71.10078708139311,42.35508938023003],[-71.1007780713287,42.355074558099574],[-71.10071178248539,42.35509669114501],[-71.1007209750898,42.35511182181333],[-71.10067191621053,42.35512819608716],[-71.1006548324465,42.35512289888105],[-71.10063969934706,42.35509797853918],[-71.10065223772298,42.35509379792316],[-71.10053532122654,42.354901113474384],[-71.1003911298072,42.35494924524814],[-71.10050812192173,42.3551420093308],[-71.10052179765064,42.35513744555551],[-71.10053768970953,42.35516365416217],[-71.1005298965485,42.35517507066866],[-71.10046556103046,42.35519654954517],[-71.10045667253848,42.35518189886704],[-71.10039049171351,42.35520399789182],[-71.10039960851019,42.35521901398552],[-71.10034999475391,42.35523557975631],[-71.10033412146691,42.35523081067771],[-71.10031859308445,42.35520526321905],[-71.10033083833142,42.35520118425218],[-71.10021351303284,42.355007814737824],[-71.10006899739903,42.355056080924776],[-71.1001671944366,42.35521785505179],[-71.100126041799,42.355231592625245],[-71.10009402920701,42.35518138201028],[-71.09994275836948,42.35523192478663],[-71.09989160194664,42.35514769400606],[-71.09983372777558,42.355166998304064],[-71.09983332721504,42.35516719047245],[-71.0999698271249,42.35539210928631]]]},"properties":{"FACILITY":"W70","Address":"471-476  MEMORIAL DR","BLDG_NAME":"NEW HOUSE","Ownership":"Owned by MIT","Type":"RESIDENTIAL","Floor_Count":6,"DATE_BUILT":139276800000,"DATE_BUILT_YEAR":1974}},{"type":"Feature","geometry":{"type":"Polygon","coordinates":[[[-71.10160011205083,42.35506212105572],[-71.10167396727685,42.35503770176441],[-71.10166488240284,42.35502258414999],[-71.101690358186,42.35501405302055],[-71.10165661999966,42.35495954428616],[-71.10175230731038,42.354927310430654],[-71.10181238574698,42.35494567820261],[-71.10182788718113,42.35494627835086],[-71.10183615505917,42.354945023164554],[-71.10184404307851,42.35494279344977],[-71.1018514971467,42.354939697954414],[-71.10185822558725,42.354935794187455],[-71.10186378177998,42.35493126516214],[-71.10186857009192,42.35492627703155],[-71.10187832139268,42.35491111030655],[-71.10188649541263,42.35489294285807],[-71.10189315283387,42.35488142059553],[-71.10198847671369,42.354848649613515],[-71.10201519887063,42.35489338743921],[-71.10202090824119,42.354903289672805],[-71.1020501218335,42.354893507392994],[-71.10214777817711,42.354860801969096],[-71.10211588752878,42.35480776813219],[-71.10215122326048,42.35479609479396],[-71.10215717020856,42.354792732980904],[-71.10216119749396,42.35478696255477],[-71.10216296856993,42.35478115101251],[-71.10216138506777,42.3547743132392],[-71.10215812957875,42.354769497133056],[-71.10215400334867,42.354766488496175],[-71.10214901239546,42.354764330341794],[-71.1021420650176,42.354763293481085],[-71.10213170054097,42.35476364474761],[-71.1020949963821,42.354775780595176],[-71.10207738769638,42.354746445860854],[-71.10217201011058,42.35471515327542],[-71.1021808982209,42.35472991725646],[-71.102255860948,42.35470512600234],[-71.10224682039443,42.35469008781187],[-71.102342796439,42.35465834422153],[-71.10241137784597,42.35477245443678],[-71.10243651456553,42.35476414974318],[-71.10244526594623,42.35477866295032],[-71.10252008975877,42.35475395026958],[-71.1025108976302,42.354738683803184],[-71.10253554174143,42.3547305367365],[-71.10247723267193,42.354630706481075],[-71.10250143934138,42.35462378770465],[-71.10247833093231,42.35458534740139],[-71.10245272428166,42.354592728583455],[-71.10240216764232,42.35455437613262],[-71.1024115030426,42.35454664341319],[-71.10238454799523,42.35452677266257],[-71.10237651357481,42.354532608467096],[-71.10229975128117,42.354474718208635],[-71.10230900413345,42.35446814568487],[-71.102281454273,42.354447521110956],[-71.10227283408899,42.354453856343646],[-71.10224969918403,42.354436651925425],[-71.10221491149139,42.35438552210554],[-71.10218477576177,42.3543954830959],[-71.10217965614014,42.35438696035213],[-71.10214472076059,42.35439850994418],[-71.10214944626344,42.35440639482151],[-71.10208460621638,42.35442782784289],[-71.10207603674618,42.35441355381283],[-71.10200607479482,42.35443666521201],[-71.10201479568146,42.3544511792482],[-71.10194995554855,42.35447261129319],[-71.10194545831511,42.354465103518834],[-71.10190901589537,42.354477138480625],[-71.10191387695646,42.354485274117245],[-71.10188318778785,42.354495404167906],[-71.10191677858133,42.35454883018358],[-71.10191843635599,42.35457337330758],[-71.10190476821204,42.35457425959314],[-71.1019073720161,42.35460200562022],[-71.10192114468008,42.35460167787553],[-71.10192940177753,42.354682571343275],[-71.10191548327188,42.354684276026795],[-71.1019183821098,42.35471162514639],[-71.1019325849116,42.35471122956694],[-71.10193557267638,42.35476090706817],[-71.10190559919809,42.35477205332763],[-71.10189996161083,42.354762707715246],[-71.10186559651619,42.35477405573123],[-71.10187053349611,42.35478228166086],[-71.10180424655952,42.35480422177949],[-71.1017956783097,42.354789948634235],[-71.10172628367864,42.3548129024763],[-71.1017354299357,42.354828100424925],[-71.10166848131453,42.35485024343982],[-71.10166360575961,42.35484209693982],[-71.10162991538486,42.3548532635636],[-71.1016363873468,42.35486406874752],[-71.10160622094784,42.35487403038042],[-71.10159888642009,42.35486855101878],[-71.10155731179826,42.35483720925726],[-71.10156682753544,42.35483035321271],[-71.10153880711685,42.35480890756867],[-71.1015301096319,42.35481516235203],[-71.10145511073473,42.35475776739939],[-71.10146369969375,42.354751591470944],[-71.1014355269136,42.35473006514734],[-71.10142630506509,42.35473670523005],[-71.10140078847802,42.354717625186986],[-71.10137139731515,42.35466774271299],[-71.10134107868468,42.35467740755367],[-71.10133591547542,42.35466849659675],[-71.10129958243218,42.35468008790225],[-71.10130503500346,42.35468950042489],[-71.1012057270659,42.35472115237114],[-71.10120129252657,42.35471353044851],[-71.10116477579452,42.354725177792716],[-71.10117022684646,42.35473463623118],[-71.10113541769437,42.354745742112186],[-71.10116531994053,42.35479732256369],[-71.10115416809836,42.354800882343405],[-71.10116979420137,42.35482791010525],[-71.101182315705,42.35482388872414],[-71.10119074408226,42.35483837840009],[-71.10124630501434,42.354820649008126],[-71.10125318527965,42.354832525173435],[-71.10125793482521,42.35483639037851],[-71.10126274039642,42.354838684772815],[-71.10126853516269,42.354840025589205],[-71.10127378656702,42.35483975840525],[-71.10127801276363,42.35483903302041],[-71.10128238421926,42.354837215187814],[-71.10128536040499,42.35483510802613],[-71.10128763268877,42.35483259869547],[-71.10128946668048,42.35482895077978],[-71.10129008925011,42.35482530946747],[-71.10128919483252,42.354821047097786],[-71.10128153978089,42.35480788173499],[-71.1013207948526,42.35479546959833],[-71.10144750052703,42.35489142678231],[-71.10148255075099,42.354917975341074],[-71.10149379263974,42.354936733112346],[-71.1014735174067,42.35494343752806],[-71.10151239466273,42.35500816620226],[-71.10153234754499,42.35500157409926],[-71.10156488979457,42.35505573661643],[-71.1015910716021,42.355047082814835],[-71.10160011205083,42.35506212105572]]]},"properties":{"FACILITY":"W71","Address":"500  MEMORIAL DR","BLDG_NAME":"NEXT HOUSE","Ownership":"Owned by MIT","Type":"RESIDENTIAL","Floor_Count":6,"DATE_BUILT":307584000000,"DATE_BUILT_YEAR":1979}},{"type":"Feature","geometry":{"type":"Polygon","coordinates":[[[-71.10157846926693,42.35699999296386],[-71.10140358846034,42.3570865385316],[-71.10087430995601,42.35734847039155],[-71.10098355750326,42.3574725257591],[-71.10176101982653,42.35708777411035],[-71.10193593049878,42.35700122720386],[-71.10216849579226,42.35688615217367],[-71.10205923250973,42.356762075358354],[-71.10157846926693,42.35699999296386]]]},"properties":{"FACILITY":"W79","Address":"229 VASSAR ST","BLDG_NAME":"SIMMONS HALL","Ownership":"Owned by MIT","Type":"RESIDENTIAL","Floor_Count":11,"DATE_BUILT":975628800000,"DATE_BUILT_YEAR":2000}},{"type":"Feature","geometry":{"type":"Polygon","coordinates":[[[-71.10943672062761,42.35574390879682],[-71.10962037284897,42.355574068094086],[-71.10966112520525,42.35559755901322],[-71.10986860975267,42.35540389793573],[-71.1098792585435,42.35540980934489],[-71.10992815815592,42.355363985767156],[-71.10993545337763,42.3553684849468],[-71.11006666364773,42.35524595767239],[-71.11000606981494,42.35520877013742],[-71.10933496496735,42.35505427686744],[-71.10892154158886,42.35544173795183],[-71.10943672062761,42.35574390879682]]]},"properties":{"FACILITY":"WW15","Address":"350  BROOKLINE ST","BLDG_NAME":"BUILDING WW15","Ownership":"Owned by MIT","Type":"SERVICE","Floor_Count":2,"DATE_BUILT":-86400000,"DATE_BUILT_YEAR":1969}},{"type":"Feature","geometry":{"type":"Polygon","coordinates":[[[-71.10338003651347,42.35564862420179],[-71.10343793195563,42.3557435567708],[-71.10382169790105,42.35561477601471],[-71.10376380071382,42.355519855335494],[-71.10338003651347,42.35564862420179]]]},"properties":{"FACILITY":"W85FG","Address":"286-284 VASSAR ST","BLDG_NAME":"WESTGATE (FG)","Ownership":"Owned by MIT","Type":"RESIDENTIAL","Floor_Count":3,"DATE_BUILT":-252460800000,"DATE_BUILT_YEAR":1962}},{"type":"Feature","geometry":{"type":"Polygon","coordinates":[[[-71.1037274013683,42.35539959444447],[-71.10378503328504,42.355494981481144],[-71.10416991235535,42.3553670010547],[-71.10411223385088,42.35527161404941],[-71.1037274013683,42.35539959444447]]]},"properties":{"FACILITY":"W85DE","Address":"292-290 VASSAR ST","BLDG_NAME":"WESTGATE (DE)","Ownership":"Owned by MIT","Type":"RESIDENTIAL","Floor_Count":3,"DATE_BUILT":-252460800000,"DATE_BUILT_YEAR":1962}},{"type":"Feature","geometry":{"type":"Polygon","coordinates":[[[-71.10296251382269,42.355271691805534],[-71.10321581282668,42.35568917480519],[-71.10326782479946,42.35567181841843],[-71.10334415809055,42.355646337063035],[-71.1032687614519,42.35552207027057],[-71.10309085961927,42.35522885524653],[-71.10296251382269,42.355271691805534]]]},"properties":{"FACILITY":"W85HJK","Address":"282-280-278 VASSAR ST","BLDG_NAME":"WESTGATE (HJK)","Ownership":"Owned by MIT","Type":"RESIDENTIAL","Floor_Count":3,"DATE_BUILT":-252460800000,"DATE_BUILT_YEAR":1962}},{"type":"Feature","geometry":{"type":"Polygon","coordinates":[[[-71.10371126601373,42.35480258143359],[-71.10376977893601,42.35489946330756],[-71.10396393399292,42.355220720555764],[-71.10409172345857,42.3551782104719],[-71.10392356646555,42.35489999127661],[-71.10383902438673,42.3547600832255],[-71.1037257907663,42.35479768349556],[-71.10371126601373,42.35480258143359]]]},"properties":{"FACILITY":"W85ABC","Address":"11-13-15 AUDREY ST","BLDG_NAME":"WESTGATE (ABC)","Ownership":"Owned by MIT","Type":"RESIDENTIAL","Floor_Count":3,"DATE_BUILT":-252460800000,"DATE_BUILT_YEAR":1962}},{"type":"Feature","geometry":{"type":"Polygon","coordinates":[[[-71.10323093747185,42.35514603576872],[-71.10327119767487,42.35513241914789],[-71.10341868381389,42.35508257648111],[-71.10339572090085,42.35504520821444],[-71.10344662675128,42.355028007282755],[-71.10336681389799,42.354898077793166],[-71.10336065864998,42.354888013837794],[-71.10333130710062,42.35489795622547],[-71.10330998507698,42.354905158814695],[-71.10330551664113,42.35489786726364],[-71.1032863987695,42.35486676294449],[-71.10327283132519,42.35487132742144],[-71.10319549571136,42.35489748859177],[-71.10309776152619,42.35493049082993],[-71.10312064810334,42.35496780307644],[-71.10307021909513,42.3549848335548],[-71.10315639974117,42.35512511244047],[-71.10320748927946,42.35510786813418],[-71.10323093747185,42.35514603576872]]]},"properties":{"FACILITY":"W85","Address":"540  MEMORIAL DR (REAR)","BLDG_NAME":"WESTGATE","Ownership":"Owned by MIT","Type":"RESIDENTIAL","Floor_Count":20,"DATE_BUILT":-252460800000,"DATE_BUILT_YEAR":1962}},{"type":"Feature","geometry":{"type":"Polygon","coordinates":[[[-71.10333068681868,42.354292411438145],[-71.10330660868495,42.3543379073285],[-71.10338813413466,42.354471201764596],[-71.10344813613905,42.35448937575821],[-71.10363084758465,42.35442790370469],[-71.10365299590445,42.35438177449555],[-71.10357219949347,42.3542496441325],[-71.10351109029436,42.35423172836885],[-71.10333068681868,42.354292411438145]]]},"properties":{"FACILITY":"W84","Address":"550  MEMORIAL DR","BLDG_NAME":"TANG HALL","Ownership":"Owned by MIT","Type":"RESIDENTIAL","Floor_Count":28,"DATE_BUILT":27561600000,"DATE_BUILT_YEAR":1970}},{"type":"Feature","geometry":{"type":"Polygon","coordinates":[[[-71.1044242337481,42.3550973941966],[-71.10452355295587,42.35530241290772],[-71.10492595192599,42.355104465719975],[-71.10488566075072,42.3549431323363],[-71.10487574656023,42.354903257779334],[-71.10485880623867,42.35483549783203],[-71.10491751617278,42.35481967800024],[-71.10489529389211,42.354774375628985],[-71.10487362726717,42.354780234092246],[-71.10478693305946,42.354603495718905],[-71.10425246848364,42.35474770261762],[-71.10432782056554,42.354901379275226],[-71.10436038221277,42.35496775888487],[-71.10434103657845,42.35497298692791],[-71.10437120210638,42.355034530939186],[-71.1043911775,42.35502914480605],[-71.1044242337481,42.3550973941966]]]},"properties":{"FACILITY":"W92","Address":"304 VASSAR ST","BLDG_NAME":"BUILDING W92","Ownership":"Owned by MIT","Type":"ACADEMIC","Floor_Count":3,"DATE_BUILT":null,"DATE_BUILT_YEAR":null}},{"type":"Feature","geometry":{"type":"Polygon","coordinates":[[[-71.10443849251749,42.3546865935975],[-71.10470547313533,42.354614432443185],[-71.10449649039208,42.354189179818846],[-71.10465207650743,42.35414712932317],[-71.10458909133935,42.35401897716344],[-71.10406330102862,42.35416110723488],[-71.10412584517071,42.35428840288871],[-71.10422908820836,42.35426048556438],[-71.10443849251749,42.3546865935975]]]},"properties":{"FACILITY":"W91","Address":"565-570  MEMORIAL DR","BLDG_NAME":"INFORMATION SYSTEMS OPERATIONS","Ownership":"Owned by MIT","Type":"SERVICE","Floor_Count":3,"DATE_BUILT":-694396800000,"DATE_BUILT_YEAR":1947}},{"type":"Feature","geometry":{"type":"Polygon","coordinates":[[[-71.08395489294652,42.36060574950055],[-71.08417690261768,42.3605319589517],[-71.08444700422626,42.36097714316927],[-71.08463767356575,42.360913508988375],[-71.08473621768889,42.36107623194084],[-71.08477466904736,42.36106344712159],[-71.08467609343164,42.36090070158095],[-71.0847320079077,42.36088204783314],[-71.08466926304452,42.36077861664236],[-71.08464382899751,42.36078710994647],[-71.08447222571306,42.3605042728931],[-71.08446814777949,42.360505624798314],[-71.08446755815524,42.36050427943678],[-71.0845804709698,42.360467828604186],[-71.08457013224073,42.360447649093906],[-71.08496737575425,42.36031533726473],[-71.08488717805115,42.360183139280416],[-71.08448231559213,42.36030933195228],[-71.08447136598548,42.36029105163565],[-71.08448252939709,42.36028140215732],[-71.0844699009134,42.360261464644644],[-71.0844376720562,42.360278382566385],[-71.08440580736496,42.36029141884839],[-71.08437186411037,42.360302842394574],[-71.08433388002534,42.360312372423266],[-71.08430535476931,42.36031709667416],[-71.08431710387006,42.3603374748689],[-71.08433272190126,42.360336950630106],[-71.08435611281045,42.360335474966],[-71.08438227665805,42.360330434270125],[-71.08439080711743,42.36034295570705],[-71.08412049248652,42.36043898020072],[-71.08416386997311,42.360510539869985],[-71.08409092623907,42.360534449768416],[-71.08408349970684,42.36052204573831],[-71.08400904740799,42.36054645159043],[-71.08401694401319,42.36055973330677],[-71.08394212301235,42.36058426292224],[-71.08395489294652,42.36060574950055]]]},"properties":{"FACILITY":"E51","Address":"70  MEMORIAL DR","BLDG_NAME":"TANG CENTER","Ownership":"Owned by MIT","Type":"ACADEMIC","Floor_Count":5,"DATE_BUILT":-789004800000,"DATE_BUILT_YEAR":1944}},{"type":"Feature","geometry":{"type":"Polygon","coordinates":[[[-71.09004870855375,42.35911374247271],[-71.08973217712689,42.359222435496456],[-71.08949934333435,42.35883773222573],[-71.08872799956258,42.35909271120445],[-71.0888479338119,42.35928909514542],[-71.08886655521707,42.359282330322124],[-71.08900759472637,42.35951744613911],[-71.08914678667563,42.359471429139774],[-71.08918369192129,42.35953100795426],[-71.08988812106053,42.359296966635306],[-71.08985148239775,42.35923644369288],[-71.09007563837658,42.359159691981596],[-71.09004870855375,42.35911374247271]],[[-71.0895113886299,42.3592942028552],[-71.08923355379997,42.35938690934323],[-71.08913803997753,42.35918331261379],[-71.08939257037338,42.359098370073525],[-71.0895113886299,42.3592942028552]]]},"properties":{"FACILITY":"14","Address":"160  MEMORIAL DR","BLDG_NAME":"HAYDEN MEMORIAL LIBRARY","Ownership":"Owned by MIT","Type":"ACADEMIC","Floor_Count":6,"DATE_BUILT":-686102400000,"DATE_BUILT_YEAR":1948}},{"type":"Feature","geometry":{"type":"Polygon","coordinates":[[[-71.09399680977923,42.3572582510482],[-71.09404228087683,42.35733049682053],[-71.09400010743438,42.35734266840039],[-71.09408622512602,42.35748786132231],[-71.09418051357872,42.35745709719231],[-71.09418698533732,42.35746777765186],[-71.0943981387819,42.35739788046265],[-71.09439580005487,42.35739403518209],[-71.09447521808883,42.357367306576975],[-71.09448056630063,42.35737602402907],[-71.09457701473698,42.35734360525718],[-71.09457187947002,42.35733518385505],[-71.09465226667488,42.35730816234939],[-71.09465468251673,42.357312098825815],[-71.09487733425418,42.35723719696443],[-71.09486993580101,42.35722506741469],[-71.09492389141145,42.35720690237892],[-71.0947325330623,42.35689392869006],[-71.09393573227962,42.35716123001256],[-71.09398408962002,42.3572380405638],[-71.09399680977923,42.3572582510482]],[[-71.09435000340551,42.35731986358563],[-71.09426727252365,42.35718291505003],[-71.09452330694496,42.35709732546989],[-71.09454680665286,42.35713622428974],[-71.09460631118297,42.35723468441751],[-71.09460437339678,42.357235326695196],[-71.09435000340551,42.35731986358563]]]},"properties":{"FACILITY":"W4","Address":"320  MEMORIAL DR","BLDG_NAME":"MCCORMICK HALL","Ownership":"Owned by MIT","Type":"RESIDENTIAL","Floor_Count":9,"DATE_BUILT":-247363200000,"DATE_BUILT_YEAR":1962}},{"type":"Feature","geometry":{"type":"Polygon","coordinates":[[[-71.09687540419442,42.36250407452821],[-71.09698960770048,42.36251273939937],[-71.0973950617351,42.36254342956353],[-71.097470225132,42.361997621165244],[-71.09712003473041,42.36197109781836],[-71.09710118814016,42.362107769349585],[-71.09738134142624,42.362129003283876],[-71.09737191066472,42.36219721930401],[-71.09692237153125,42.3621631533244],[-71.09689554032222,42.362357923029506],[-71.09687540419442,42.36250407452821]],[[-71.09735280587822,42.36233352534742],[-71.09734433923775,42.36239520954722],[-71.09706763766292,42.36237429461897],[-71.09706985960275,42.362358031498204],[-71.09707609000331,42.36231261038818],[-71.09735280587822,42.36233352534742]]]},"properties":{"FACILITY":"N52","Address":"265  MASSACHUSETTS AVE","BLDG_NAME":"BUILDING N52","Ownership":"Owned by MIT","Type":"ACADEMIC","Floor_Count":6,"DATE_BUILT":-1420156800000,"DATE_BUILT_YEAR":1924}},{"type":"Feature","geometry":{"type":"Polygon","coordinates":[[[-71.09158185949907,42.36266365585127],[-71.09160477768737,42.362690190400365],[-71.09172290492434,42.36269274887367],[-71.09178273692693,42.36268717059599],[-71.09183936561547,42.36267307409624],[-71.09186440902828,42.36266262509393],[-71.09188040175839,42.362655657795635],[-71.09234710469319,42.362424692847],[-71.09212969241347,42.36218752165808],[-71.0920978064996,42.36220357145236],[-71.09194069198868,42.36203217001841],[-71.09204240289098,42.36198091370742],[-71.09185960807703,42.36178148601107],[-71.09146352144215,42.36198116996311],[-71.09157022215194,42.36209759429036],[-71.09151531980768,42.36212527943904],[-71.0914886803229,42.362096235150844],[-71.09138511135748,42.36214844407918],[-71.09139021875684,42.362154033208604],[-71.09116752498257,42.362266300931665],[-71.09122583510738,42.36232992269633],[-71.09069610564102,42.36259699086816],[-71.09121416834364,42.36263603775875],[-71.09123824687636,42.36266633520907],[-71.09128835852687,42.3626416239274],[-71.09158185949907,42.36266365585127]],[[-71.09143648262382,42.36256692661992],[-71.09150774458203,42.36264509068426],[-71.09131246846621,42.36262911096802],[-71.09143648262382,42.36256692661992]],[[-71.09110511863825,42.36261478774049],[-71.0909098439316,42.36259880734484],[-71.09103385720586,42.36253662432638],[-71.09110511863825,42.36261478774049]]]},"properties":{"FACILITY":"46","Address":"43 VASSAR ST","BLDG_NAME":"BCSC","Ownership":"Owned by MIT","Type":"ACADEMIC","Floor_Count":10,"DATE_BUILT":1051228800000,"DATE_BUILT_YEAR":2003}},{"type":"Feature","geometry":{"type":"Polygon","coordinates":[[[-71.08998300366581,42.36208927211468],[-71.09007590924809,42.36207264454926],[-71.09007175631758,42.36206253121245],[-71.09008344179261,42.36206946006746],[-71.09012915370616,42.362027007827955],[-71.0900916396573,42.36200481706713],[-71.0900918444718,42.36199419169289],[-71.09010299569172,42.361981278986015],[-71.09014440337886,42.36197322402462],[-71.09027391265592,42.362051460481396],[-71.09035634785766,42.361974464362476],[-71.0903885984658,42.36197825870435],[-71.0903474417048,42.36200755605196],[-71.09039297720739,42.362069365478995],[-71.0904703210601,42.36201167313629],[-71.09048979724413,42.362071549541994],[-71.09052097525571,42.36204957827533],[-71.09057802685741,42.36205806133343],[-71.09057702443317,42.36202125397583],[-71.09064149642448,42.362003168898454],[-71.09068832185379,42.36200844108731],[-71.09072407074733,42.36188714190863],[-71.09073039977775,42.361887027586626],[-71.09073027054379,42.36189536919915],[-71.09073117799132,42.36191534802743],[-71.0907384884393,42.36193184841861],[-71.09074538181673,42.361986921081574],[-71.09080132691278,42.361976163629876],[-71.09083164042688,42.36196489183168],[-71.09085409321119,42.36195105775025],[-71.0908746074451,42.3619300711796],[-71.09087939003561,42.361911731311864],[-71.09088138951822,42.36190007608842],[-71.0908795126634,42.36188695221018],[-71.090871157164,42.36187267542394],[-71.09090663887231,42.36185231647347],[-71.09090489021956,42.36186010134945],[-71.0909048606137,42.36186955967411],[-71.09090917457723,42.36188369874303],[-71.09091726827893,42.36189397101279],[-71.09092768086039,42.36190345477446],[-71.0909447180704,42.36191235530213],[-71.09095643186835,42.361915853170046],[-71.09096427164646,42.36191696049782],[-71.09097569285069,42.36191689668259],[-71.09098788959393,42.36191498193048],[-71.09101785474836,42.36190087743743],[-71.09102635990315,42.36189426535347],[-71.09103891120557,42.36187825334047],[-71.09104144984549,42.36187051088425],[-71.09104199765719,42.36186276224933],[-71.09104031532475,42.3618533437521],[-71.09103310454186,42.36185221075721],[-71.09103180216128,42.361847488614906],[-71.09102938460445,42.36184194774616],[-71.09102487904443,42.36183509583501],[-71.09102071701001,42.361830500367724],[-71.09101535804432,42.361825902444515],[-71.09100841088869,42.361821359192696],[-71.09099773553908,42.36181646777521],[-71.09098133861463,42.361811241808596],[-71.09103381985206,42.36177968606665],[-71.09104486175276,42.361790782671655],[-71.09108562758082,42.36183785154928],[-71.09125425045815,42.36174953666239],[-71.09126380159609,42.361773608306486],[-71.09134116267356,42.361758732256014],[-71.09132664911067,42.36172955725626],[-71.0913330766169,42.36172509575838],[-71.09139047276174,42.36174711457484],[-71.09143721473488,42.36168822710978],[-71.09147272101876,42.36168713874563],[-71.09147094133897,42.3616538748698],[-71.0914928227861,42.36163016066966],[-71.09149266053588,42.3616299080126],[-71.09147246204763,42.361598291062435],[-71.09143807548763,42.36160908761302],[-71.0913552460308,42.361475853151994],[-71.09135339797595,42.3614770493711],[-71.09125651601086,42.36150807025058],[-71.09125365509372,42.36150989757185],[-71.09124228790621,42.361493723103386],[-71.09119986840922,42.36150795264238],[-71.09120069609847,42.36150573187181],[-71.09120125764422,42.36149341251988],[-71.09115445029724,42.361487649044776],[-71.09116675361224,42.3613871494633],[-71.09111937469451,42.361384373799844],[-71.09112936534586,42.36129422831878],[-71.0910815592234,42.361291823840176],[-71.09109047354023,42.36124575085914],[-71.09105652980128,42.36124346317676],[-71.09103219116987,42.36124241602609],[-71.09090237170518,42.36123421724991],[-71.09090267707695,42.361221348711524],[-71.09086977147325,42.36121752787412],[-71.09087040580928,42.361222305261045],[-71.0908421422313,42.36122168254835],[-71.0908377002465,42.36118755751379],[-71.09069549871582,42.36119457254298],[-71.09067878625854,42.36103796368702],[-71.09080690082965,42.36099475917672],[-71.09078086213108,42.36095309480579],[-71.09061203756607,42.36100902401047],[-71.09062846569262,42.361158332326106],[-71.09056341105497,42.3611652904566],[-71.09057225109058,42.36122865452547],[-71.09053187150111,42.36123043288774],[-71.09053127997616,42.36123611160246],[-71.09052835796837,42.3612359355463],[-71.09047606672232,42.361231798897414],[-71.09049771707636,42.36113918047541],[-71.09049784278889,42.36113701302815],[-71.09038119387141,42.361176565947204],[-71.09039519516304,42.361199278776716],[-71.08995702867614,42.36134562315235],[-71.08995691897798,42.36135074810401],[-71.08995419554977,42.361360013166994],[-71.08992771158722,42.36135882219049],[-71.08991432396098,42.36135756716941],[-71.08991188102188,42.361357832146545],[-71.0899039937902,42.36135862778745],[-71.08989409222094,42.36143663399396],[-71.08988999761823,42.36146902707997],[-71.08991119451481,42.36146391609979],[-71.08992378545457,42.36146223153935],[-71.08993540073891,42.36146274020294],[-71.08995034768961,42.36146858324953],[-71.0899614800596,42.36147523645855],[-71.08997067882275,42.36148317108587],[-71.08997596611097,42.36148944694076],[-71.08998041858992,42.36149884832185],[-71.08998078754762,42.36150466640137],[-71.08997968322709,42.36151547312901],[-71.08997547792147,42.361524872454005],[-71.08996943593921,42.36153239713219],[-71.08995939711757,42.36153963297263],[-71.0899517851894,42.36154402355009],[-71.08994050829197,42.36154842806883],[-71.08993142982403,42.36155039974268],[-71.08991766402418,42.36155073508392],[-71.08991064103755,42.36154966660846],[-71.08990568701999,42.36154890800675],[-71.0898813148594,42.361541220865526],[-71.08986503068832,42.36165081613709],[-71.08988383537836,42.36165519197404],[-71.08989810460584,42.36165716227012],[-71.08990994473882,42.36165726030607],[-71.08992944188262,42.361657438758705],[-71.08992474314131,42.36172048091214],[-71.08984208671784,42.36172578416572],[-71.089960225308,42.36191863756865],[-71.08990279494806,42.36195606396188],[-71.08992273769744,42.36196785322358],[-71.08988323774861,42.362007263851424],[-71.08990461934754,42.3620220012896],[-71.08990695685043,42.362032386348666],[-71.08991605341046,42.362029881770454],[-71.08992730981795,42.36203764007776],[-71.08990593862781,42.36205930764378],[-71.08996463280562,42.362086491351945],[-71.08997907474686,42.36207306822175],[-71.08998300366581,42.36208927211468]]]},"properties":{"FACILITY":"32","Address":"32 VASSAR ST","BLDG_NAME":"STATA CENTER","Ownership":"Owned by MIT","Type":"ACADEMIC","Floor_Count":18,"DATE_BUILT":1079654400000,"DATE_BUILT_YEAR":2004}},{"type":"Feature","geometry":{"type":"Polygon","coordinates":[[[-71.09049784278889,42.36113701302815],[-71.09050703821282,42.361134027100874],[-71.0904754035371,42.361082409853296],[-71.09048960680043,42.36107730087256],[-71.09048447203259,42.361070339563966],[-71.09041870575957,42.36107847625723],[-71.09038508591219,42.361024873980064],[-71.09030761674076,42.36105223240413],[-71.09025645773563,42.36096983759913],[-71.09020184192838,42.3609876451805],[-71.09020055612294,42.36098618573262],[-71.08981771858008,42.36111670427502],[-71.08995702867614,42.36134562315235],[-71.09039519516304,42.361199278776716],[-71.09038119387141,42.361176565947204],[-71.09049784278889,42.36113701302815]]]},"properties":{"FACILITY":"57","Address":"6  VASSAR ST","BLDG_NAME":"MIT ALUMNI POOL","Ownership":"Owned by MIT","Type":"SERVICE","Floor_Count":4,"DATE_BUILT":-962668800000,"DATE_BUILT_YEAR":1939}},{"type":"Feature","geometry":{"type":"Polygon","coordinates":[[[-71.09392461977724,42.36074245784577],[-71.09410420196158,42.36094176292151],[-71.09439214435778,42.36080197635588],[-71.09426580777466,42.36066021245567],[-71.09423851299279,42.36062951985774],[-71.09421294421227,42.36060075365822],[-71.09392461977724,42.36074245784577]]]},"properties":{"FACILITY":"41","Address":"77  VASSAR ST","BLDG_NAME":"BUILDING 41","Ownership":"Owned by MIT","Type":"ACADEMIC","Floor_Count":5,"DATE_BUILT":-1704240000000,"DATE_BUILT_YEAR":1915}},{"type":"Feature","geometry":{"type":"Polygon","coordinates":[[[-71.09339698346683,42.36099840568598],[-71.09347846569399,42.3610866501044],[-71.09337996245547,42.36113672974603],[-71.0931302086352,42.36126034466109],[-71.09314100405287,42.36127111518906],[-71.09314383581653,42.36127362170636],[-71.09306741383278,42.361310623276495],[-71.09303960194471,42.36127902917972],[-71.09296524515327,42.36131503146732],[-71.09299305702585,42.36134662468152],[-71.09278351386415,42.36144808009119],[-71.09282194382523,42.36149063954107],[-71.09281203306516,42.361495571344484],[-71.09286457174467,42.36155374041296],[-71.09371695261817,42.361134133160505],[-71.0939804041154,42.36100444066878],[-71.09401448825362,42.360985982637885],[-71.09410420196158,42.36094176292151],[-71.09392461977724,42.36074245784577],[-71.09392123382248,42.360739483041364],[-71.09339698346683,42.36099840568598]]]},"properties":{"FACILITY":"42","Address":"59  VASSAR ST","BLDG_NAME":"COGENERATION PLANT","Ownership":"Owned by MIT","Type":"SERVICE","Floor_Count":6,"DATE_BUILT":-1704240000000,"DATE_BUILT_YEAR":1915}},{"type":"Feature","geometry":{"type":"Polygon","coordinates":[[[-71.09046623416022,42.362639942802865],[-71.09100200956645,42.36237676662674],[-71.09094297510435,42.3623106717813],[-71.09100229017385,42.36228154683146],[-71.09094395507243,42.36221619720963],[-71.09088656894106,42.36224439359162],[-71.09088285928108,42.36224023726904],[-71.09029760410648,42.36252771458821],[-71.09030282169908,42.362533523828546],[-71.0903006309146,42.362534585567104],[-71.0903824035926,42.362626171460455],[-71.09038648687188,42.36262418286139],[-71.0903969567696,42.362635882482934],[-71.09042943640853,42.36261991810022],[-71.09044401980117,42.36263621303248],[-71.09045716021168,42.36262975704152],[-71.09046623416022,42.362639942802865]]]},"properties":{"FACILITY":"48","Address":"15  VASSAR ST","BLDG_NAME":"PARSONS LABORATORY","Ownership":"Owned by MIT","Type":"ACADEMIC","Floor_Count":7,"DATE_BUILT":-631238400000,"DATE_BUILT_YEAR":1949}},{"type":"Feature","geometry":{"type":"Polygon","coordinates":[[[-71.09007563837658,42.359159691981596],[-71.09011067209546,42.359212587286535],[-71.09014609537695,42.359198993126164],[-71.09017192377505,42.3592386537688],[-71.09040738831045,42.35915866465782],[-71.09041181666441,42.35916596466709],[-71.09066574115234,42.35908020869775],[-71.09056927183403,42.35892119927143],[-71.09025984853595,42.35902443358962],[-71.09003574048518,42.35865296702415],[-71.09039400670247,42.35853188258632],[-71.09040096665359,42.35854263611981],[-71.09057895021718,42.35848248685748],[-71.09055694346162,42.35844146696427],[-71.0905667671119,42.3584383194158],[-71.09053082331137,42.35838369334543],[-71.0905208171091,42.358386539544334],[-71.09050471835256,42.358358272564146],[-71.09049964526233,42.358359819203066],[-71.09049455452373,42.3583509656389],[-71.0903341809076,42.35840568843859],[-71.09033505984918,42.35840717344541],[-71.09032455117666,42.35841094333461],[-71.09032775450044,42.358415269831255],[-71.08974465561433,42.35860928953294],[-71.0898038801857,42.35871385779705],[-71.08979394249788,42.35871716962658],[-71.09002816456561,42.35909240441435],[-71.09003410270603,42.35908962748386],[-71.09004870855375,42.35911374247271],[-71.09007563837658,42.359159691981596]]]},"properties":{"FACILITY":"2","Address":"182  MEMORIAL DR","BLDG_NAME":"THE SIMONS BUILDING","Ownership":"Owned by MIT","Type":"ACADEMIC","Floor_Count":5,"DATE_BUILT":-1783123200000,"DATE_BUILT_YEAR":1913}},{"type":"Feature","geometry":{"type":"Polygon","coordinates":[[[-71.09109857826198,42.359790985214026],[-71.09119014983118,42.35994358649695],[-71.0912779504657,42.359914281758606],[-71.091323121569,42.359899369645206],[-71.0917272922028,42.359763845097895],[-71.09169513378508,42.35971282950532],[-71.0917039623676,42.359709652219045],[-71.09162790313952,42.35958456613236],[-71.09160629574039,42.35959246056401],[-71.09161527960633,42.35960527926744],[-71.09131230805248,42.35970565479121],[-71.09086709543442,42.358970747815846],[-71.09087462545921,42.35896770191699],[-71.09084990128477,42.358928429782736],[-71.09086113749494,42.35892479117532],[-71.09082789095,42.35887083381264],[-71.09081611268796,42.3588747630822],[-71.09079134294872,42.358835415147865],[-71.09061422622769,42.35889279673303],[-71.090620440788,42.3589045100077],[-71.09061662462965,42.358905401214095],[-71.09056927183403,42.35892119927143],[-71.09066574115234,42.35908020869775],[-71.09089949996113,42.359464075579574],[-71.09109857826198,42.359790985214026]]]},"properties":{"FACILITY":"4","Address":"182  MEMORIAL DR (REAR)","BLDG_NAME":"MACLAURIN BUILDINGS (4)","Ownership":"Owned by MIT","Type":"ACADEMIC","Floor_Count":6,"DATE_BUILT":-1783123200000,"DATE_BUILT_YEAR":1913}},{"type":"Feature","geometry":{"type":"Polygon","coordinates":[[[-71.0917039623676,42.359709652219045],[-71.0917634406941,42.35968903157716],[-71.09194837772696,42.35999178247792],[-71.09197318558618,42.35998286850631],[-71.09234872755522,42.359857558418],[-71.09237253567389,42.359849300728435],[-71.09218966591979,42.359547052094804],[-71.09224699473206,42.359527277955195],[-71.09217202101652,42.35940370946048],[-71.09214278909978,42.35941426521784],[-71.09212914817813,42.35939511811437],[-71.09164673049494,42.359553197598004],[-71.09165970098393,42.35957294737209],[-71.09162790313952,42.35958456613236],[-71.0917039623676,42.359709652219045]]]},"properties":{"FACILITY":"10","Address":"222  MEMORIAL DR","BLDG_NAME":"MACLAURIN BUILDINGS (10)","Ownership":"Owned by MIT","Type":"ACADEMIC","Floor_Count":9,"DATE_BUILT":-1783123200000,"DATE_BUILT_YEAR":1913}},{"type":"Feature","geometry":{"type":"Polygon","coordinates":[[[-71.09260462971304,42.35947001038898],[-71.09272299976685,42.359664518387554],[-71.09294184073998,42.35959150278836],[-71.09282358323395,42.35939677664202],[-71.09260462971304,42.35947001038898]]]},"properties":{"FACILITY":"11","Address":"77  MASSACHUSETTS AVE (REAR)","BLDG_NAME":"HOMBERG BUILDING","Ownership":"Owned by MIT","Type":"ACADEMIC","Floor_Count":6,"DATE_BUILT":-1343952000000,"DATE_BUILT_YEAR":1927}},{"type":"Feature","geometry":{"type":"Polygon","coordinates":[[[-71.09224699473206,42.359527277955195],[-71.09224857178977,42.35952950635961],[-71.09225935461858,42.359526717681774],[-71.09228934855052,42.35957479140304],[-71.09250915888164,42.35950057187388],[-71.09254808359506,42.359488909697816],[-71.09260462971304,42.35947001038898],[-71.09282358323395,42.35939677664202],[-71.09273227465093,42.3592456396526],[-71.09229969634698,42.3585348215521],[-71.09220290718842,42.35837577364211],[-71.09215542556376,42.35839266124453],[-71.09214706869678,42.35838069467602],[-71.09196864690905,42.35843999493261],[-71.09205191524528,42.35857496816636],[-71.09205888987844,42.35857219480812],[-71.09250633993534,42.35930576009219],[-71.09220117044876,42.359409148834885],[-71.09219163102952,42.359396628903546],[-71.09217202101652,42.35940370946048],[-71.09224699473206,42.359527277955195]]]},"properties":{"FACILITY":"3","Address":"33  MASSACHUSETTS AVE (REAR)","BLDG_NAME":"MACLAURIN BUILDINGS (3)","Ownership":"Owned by MIT","Type":"ACADEMIC","Floor_Count":6,"DATE_BUILT":-1783123200000,"DATE_BUILT_YEAR":1913}},{"type":"Feature","geometry":{"type":"Polygon","coordinates":[[[-71.09060499581159,42.35995595826382],[-71.09057321756639,42.359966739534066],[-71.09073876783565,42.36023842912094],[-71.09074373435953,42.360236864986845],[-71.09087302784282,42.36019374652246],[-71.09096131499999,42.36016530893394],[-71.0908865093316,42.360044932634196],[-71.09119014983118,42.35994358649695],[-71.09109857826198,42.359790985214026],[-71.09074179701135,42.359908120348194],[-71.09060499581159,42.35995595826382]]]},"properties":{"FACILITY":"8","Address":"21  AMES ST","BLDG_NAME":"BUILDING 8","Ownership":"Owned by MIT","Type":"ACADEMIC","Floor_Count":6,"DATE_BUILT":-1783123200000,"DATE_BUILT_YEAR":1913}},{"type":"Feature","geometry":{"type":"Polygon","coordinates":[[[-71.09064442880273,42.359549195977834],[-71.09065124800823,42.35956015065693],[-71.09058502072443,42.35958274624148],[-71.09074478563511,42.35985220684273],[-71.09071304243996,42.359863398807995],[-71.09074179701135,42.359908120348194],[-71.09109857826198,42.359790985214026],[-71.09089949996113,42.359464075579574],[-71.09082786498327,42.359487979993865],[-71.09081116377537,42.359460454560185],[-71.09075717931776,42.35947846901799],[-71.09077388049528,42.35950599625986],[-71.09075026166191,42.359513878872534],[-71.09074418895177,42.35950386855784],[-71.09071044863065,42.359515128139826],[-71.09071652134233,42.35952513755601],[-71.09064442880273,42.359549195977834]]]},"properties":{"FACILITY":"6C","Address":"182  MEMORIAL DR (REAR)","BLDG_NAME":"BUILDING 6C","Ownership":"Owned by MIT","Type":"ACADEMIC","Floor_Count":6,"DATE_BUILT":1177977600000,"DATE_BUILT_YEAR":2007}},{"type":"Feature","geometry":{"type":"Polygon","coordinates":[[[-71.09017192377505,42.3592386537688],[-71.09013681706979,42.3592492862143],[-71.09020922812634,42.35936904770437],[-71.09020555365096,42.35937073615774],[-71.09047146315713,42.35980733132442],[-71.09047536017891,42.35980539607573],[-71.09054655791826,42.35992413838812],[-71.09057922402187,42.35991327835963],[-71.09060499581159,42.35995595826382],[-71.09074179701135,42.359908120348194],[-71.09071304243996,42.359863398807995],[-71.09074478563511,42.35985220684273],[-71.09058502072443,42.35958274624148],[-71.09065124800823,42.35956015065693],[-71.09064442880273,42.359549195977834],[-71.09057277201214,42.35943408474676],[-71.0905475957842,42.35944233719407],[-71.09053939576027,42.359428669523304],[-71.09050080328633,42.359440523965326],[-71.0903990993516,42.35927310417763],[-71.09047755605113,42.35924736792494],[-71.090444483122,42.35919530528095],[-71.09043413610559,42.35919883627873],[-71.09041181666441,42.35916596466709],[-71.09040738831045,42.35915866465782],[-71.09017192377505,42.3592386537688]]]},"properties":{"FACILITY":"6","Address":"182  MEMORIAL DR (REAR)","BLDG_NAME":"EASTMAN LABORATORIES","Ownership":"Owned by MIT","Type":"ACADEMIC","Floor_Count":6,"DATE_BUILT":-1199318400000,"DATE_BUILT_YEAR":1931}},{"type":"Feature","geometry":{"type":"Polygon","coordinates":[[[-71.08869100533991,42.36038238146332],[-71.08868603571732,42.36038403912785],[-71.08884700376264,42.36064974613547],[-71.08898987218608,42.360602150760876],[-71.08883384825809,42.36034461194236],[-71.08883588840449,42.36034393321592],[-71.08867488373515,42.36007819813165],[-71.08866798725029,42.36008047910636],[-71.08851211083666,42.35982324193643],[-71.08837291290992,42.359869613761155],[-71.08853245037865,42.36013295557137],[-71.08853864260166,42.360130892656024],[-71.08869100533991,42.36038238146332]]]},"properties":{"FACILITY":"62","Address":"3  AMES ST (REAR)","BLDG_NAME":"ALUMNI HOUSES: MUNROE HAYDEN WOOD","Ownership":"Owned by MIT","Type":"RESIDENTIAL","Floor_Count":6,"DATE_BUILT":-1257206400000,"DATE_BUILT_YEAR":1930}},{"type":"Feature","geometry":{"type":"Polygon","coordinates":[[[-71.09220290718842,42.35837577364211],[-71.09229969634698,42.3585348215521],[-71.09261668454512,42.35842842873124],[-71.09260853008475,42.358414988240284],[-71.09278364149664,42.35835654675139],[-71.09276548716207,42.35832574840217],[-71.092803383838,42.35831262853234],[-71.09272948178634,42.35818838984417],[-71.09273534022823,42.35818627060344],[-71.09251914410738,42.35783130045447],[-71.09251243483303,42.357833033146406],[-71.09243716331225,42.35770881730967],[-71.09185880800204,42.35790357665411],[-71.09185721539174,42.35790395542557],[-71.09185271306052,42.35789625637948],[-71.09167484511215,42.35795605240703],[-71.09169764213937,42.35799564703595],[-71.09168655633965,42.35799914761454],[-71.09171871861776,42.358054883461705],[-71.09173140037467,42.35805067551668],[-71.09175462080097,42.358087308784775],[-71.09193296423092,42.35802836599513],[-71.09192852216475,42.35801715513828],[-71.09228659399267,42.35789666551661],[-71.09251387126643,42.358271679787045],[-71.09220290718842,42.35837577364211]]]},"properties":{"FACILITY":"1","Address":"33  MASSACHUSETTS AVE","BLDG_NAME":"PIERCE LABORATORY","Ownership":"Owned by MIT","Type":"ACADEMIC","Floor_Count":5,"DATE_BUILT":-1767312000000,"DATE_BUILT_YEAR":1913}},{"type":"Feature","geometry":{"type":"Polygon","coordinates":[[[-71.09261668454512,42.35842842873124],[-71.09302030975427,42.35909109477712],[-71.09324835864808,42.35901498447429],[-71.09324398045473,42.359008518419955],[-71.09323597141126,42.35901150876199],[-71.09282594030822,42.35834333262602],[-71.09278364149664,42.35835654675139],[-71.09260853008475,42.358414988240284],[-71.09261668454512,42.35842842873124]]]},"properties":{"FACILITY":"5","Address":"55  MASSACHUSETTS AVE","BLDG_NAME":"PRATT SCHOOL","Ownership":"Owned by MIT","Type":"ACADEMIC","Floor_Count":5,"DATE_BUILT":-1580601600000,"DATE_BUILT_YEAR":1919}},{"type":"Feature","geometry":{"type":"Polygon","coordinates":[[[-71.09332799143979,42.35962274855538],[-71.09333059303916,42.35962668121295],[-71.09339826144438,42.359604281807655],[-71.0934942318541,42.35957225118064],[-71.0934963447361,42.3595757319627],[-71.09356515522684,42.35955391178065],[-71.0933956257152,42.35927081093166],[-71.09340211370493,42.35926877580928],[-71.09338856023977,42.3592474882782],[-71.09341385529954,42.35923786359017],[-71.09328233772241,42.35902179739191],[-71.09325768983378,42.35902876308623],[-71.09324835864808,42.35901498447429],[-71.09302030975427,42.35909109477712],[-71.09290835636035,42.35913013120264],[-71.09293721937159,42.359175922123896],[-71.09293636459145,42.35917633053046],[-71.09273227465093,42.3592456396526],[-71.09282358323395,42.35939677664202],[-71.09302934185368,42.359326650399694],[-71.09305564062547,42.35937424359579],[-71.09305562315303,42.359376959705294],[-71.09315810655977,42.359342756598785],[-71.09332799143979,42.35962274855538]]]},"properties":{"FACILITY":"7","Address":"77  MASSACHUSETTS AVE","BLDG_NAME":"WILLIAM BARTON ROGERS BUILDING","Ownership":"Owned by MIT","Type":"ACADEMIC","Floor_Count":7,"DATE_BUILT":-1031011200000,"DATE_BUILT_YEAR":1937}},{"type":"Feature","geometry":{"type":"Polygon","coordinates":[[[-71.09305562315303,42.359376959705294],[-71.09323142997366,42.35966757365738],[-71.09331849008974,42.35963882202375],[-71.09331275068413,42.35962807208739],[-71.09332799143979,42.35962274855538],[-71.09315810655977,42.359342756598785],[-71.09305562315303,42.359376959705294]]]},"properties":{"FACILITY":"7A","Address":"77  MASSACHUSETTS AVE","BLDG_NAME":"ROTCH LIBRARY EXTENSION","Ownership":"Owned by MIT","Type":"ACADEMIC","Floor_Count":6,"DATE_BUILT":631065600000,"DATE_BUILT_YEAR":1989}},{"type":"Feature","geometry":{"type":"Polygon","coordinates":[[[-71.09321810354402,42.359784083302124],[-71.09332082247816,42.35974826486655],[-71.09332994091953,42.35976286648181],[-71.09334054043943,42.35976007795488],[-71.0933947853419,42.3598461311796],[-71.0933818100982,42.359850257243636],[-71.09341514079499,42.35990306087441],[-71.0934248950289,42.359899583331455],[-71.09343101320049,42.359908824816266],[-71.09350513933065,42.35988348352652],[-71.09350001085336,42.35987550684812],[-71.09355137211921,42.35985741341363],[-71.09361165132813,42.359954298524436],[-71.09361205513154,42.35995493195393],[-71.09370966785941,42.35992487228147],[-71.09364781514448,42.35982498910275],[-71.09370316997446,42.359807099671485],[-71.09370807756974,42.359814882898775],[-71.0937382625575,42.35980447955938],[-71.09374311980096,42.35981462226391],[-71.09373129227289,42.35981828517166],[-71.09376335736515,42.3598725661053],[-71.09377555849898,42.35986819148523],[-71.09378157029086,42.35987699323469],[-71.09388647169456,42.35984116849953],[-71.09388145452535,42.35983286452617],[-71.0938922849858,42.35982870382379],[-71.09385818112412,42.3597750738372],[-71.09384628532078,42.35977840701004],[-71.09384074613756,42.35977067737607],[-71.09377956732617,42.35979079522387],[-71.09377496031492,42.35978232704139],[-71.09378431139416,42.3597782979676],[-71.09375278998974,42.359725555751886],[-71.09374107536922,42.35972921905944],[-71.09369001430048,42.3596427658133],[-71.09370140194424,42.35963822357423],[-71.09366702725502,42.35958673345762],[-71.09365702510455,42.359588563517114],[-71.09365030839105,42.359580280536946],[-71.09357988626546,42.35960505792482],[-71.09358571490192,42.35961364026779],[-71.09353062035954,42.35963128208301],[-71.0934963447361,42.3595757319627],[-71.0934942318541,42.35957225118064],[-71.09339826144438,42.359604281807655],[-71.09343200871054,42.35965571396927],[-71.09343595613522,42.35966310849071],[-71.09338285353805,42.35968169177656],[-71.09337647353304,42.359672586206784],[-71.09330453592919,42.359697412985774],[-71.09330885232318,42.35970500327865],[-71.09329612578968,42.35971066520486],[-71.09330614302225,42.35972348742885],[-71.09320333030058,42.35975973765823],[-71.09321810354402,42.359784083302124]]]},"properties":{"FACILITY":"9","Address":"105  MASSACHUSETTS AVE","BLDG_NAME":"SAMUEL TAK LEE BUILDING","Ownership":"Owned by MIT","Type":"ACADEMIC","Floor_Count":8,"DATE_BUILT":-118454400000,"DATE_BUILT_YEAR":1966}},{"type":"Feature","geometry":{"type":"Polygon","coordinates":[[[-71.09421396512329,42.35901264897922],[-71.09444170068427,42.35938807234091],[-71.09465738674946,42.35931592013935],[-71.09473098862591,42.359291317150216],[-71.09533681482426,42.3590887085266],[-71.09510932566887,42.35871452389133],[-71.09421396512329,42.35901264897922]]]},"properties":{"FACILITY":"W20","Address":"84  MASSACHUSETTS AVE","BLDG_NAME":"STRATTON STUDENT CENTER","Ownership":"Owned by MIT","Type":"SERVICE","Floor_Count":7,"DATE_BUILT":-199929600000,"DATE_BUILT_YEAR":1963}},{"type":"Feature","geometry":{"type":"Polygon","coordinates":[[[-71.09548885660898,42.35909256456233],[-71.09539349274723,42.35912436130871],[-71.09541868193793,42.359165968538754],[-71.09539543479904,42.35917373457293],[-71.0951368874982,42.35925992312872],[-71.09503418169628,42.35929416592419],[-71.09478575580202,42.35937698713974],[-71.09471041224757,42.359402105293185],[-71.09460243849455,42.359438113511466],[-71.0947026812587,42.359603460924674],[-71.09483508939235,42.35955917951537],[-71.09485568959403,42.35959305522479],[-71.0955425358295,42.35936353138553],[-71.09555824780496,42.359389460936335],[-71.09562216942712,42.35936814630134],[-71.0956595435898,42.35935568446804],[-71.09549469726393,42.35917105967209],[-71.0955261582865,42.359155399064825],[-71.09548885660898,42.35909256456233]]]},"properties":{"FACILITY":"W32","Address":"100  MASSACHUSETTS AVE","BLDG_NAME":"DU PONT ATHLETIC CENTER","Ownership":"Owned by MIT","Type":"SERVICE","Floor_Count":3,"DATE_BUILT":-376012800000,"DATE_BUILT_YEAR":1958}},{"type":"Feature","geometry":{"type":"Polygon","coordinates":[[[-71.10627020690924,42.35394134244236],[-71.1062753856961,42.35394141599133],[-71.10627200894501,42.35404419765265],[-71.10700489917745,42.3540575089364],[-71.10700476587996,42.35406118616211],[-71.10701542069138,42.35406135941733],[-71.1070211120894,42.35388902210274],[-71.10674204374499,42.35388373592162],[-71.10673935678592,42.35388172358949],[-71.10671984814711,42.35387166906521],[-71.10669839913987,42.3538640764944],[-71.10667560347093,42.35385911446026],[-71.10665201480884,42.35385694870835],[-71.10662825824411,42.35385758047616],[-71.106604965786,42.35386106954415],[-71.10658273062131,42.35386727749688],[-71.10656210481505,42.35387604237099],[-71.10655475332503,42.35388046194733],[-71.10655331066954,42.35388037508523],[-71.1062723904082,42.3538754379426],[-71.10627020690924,42.35394134244236]]]},"properties":{"FACILITY":"W98","Address":"600 MEMORIAL DR","BLDG_NAME":"BUILDING W98","Ownership":"Owned by MIT","Type":"ACADEMIC","Floor_Count":8,"DATE_BUILT":null,"DATE_BUILT_YEAR":null}},{"type":"Feature","geometry":{"type":"Polygon","coordinates":[[[-71.0867182800096,42.3613935199452],[-71.08680449375848,42.36077965451442],[-71.08677563353903,42.36077748736347],[-71.0868037657535,42.36057219653812],[-71.08655401159396,42.36065429120728],[-71.0864417723329,42.36147652115047],[-71.0867182800096,42.3613935199452]]]},"properties":{"FACILITY":"E23","Address":"25  CARLETON ST","BLDG_NAME":"MIT HEALTH","Ownership":"Owned by MIT","Type":"SERVICE","Floor_Count":7,"DATE_BUILT":304041600000,"DATE_BUILT_YEAR":1979}},{"type":"Feature","geometry":{"type":"Polygon","coordinates":[[[-71.08246232927223,42.361147438069295],[-71.08241650450768,42.36107205705397],[-71.08241642164,42.361071921709744],[-71.08238168966751,42.36101477309423],[-71.08187930186583,42.361182645947004],[-71.08195920636605,42.36131418413952],[-71.0819724834469,42.36130973185336],[-71.08198751939882,42.36133560859111],[-71.08209602104432,42.3612995609951],[-71.08208072074311,42.36127437023133],[-71.08212592291645,42.3612592763769],[-71.08229460864322,42.36120319434558],[-71.08240061113003,42.36116795574862],[-71.08246232927223,42.361147438069295]]]},"properties":{"FACILITY":"E60","Address":"30  MEMORIAL DR","BLDG_NAME":"ARTHUR D LITTLE BUILDING","Ownership":"Owned by MIT","Type":"ACADEMIC","Floor_Count":4,"DATE_BUILT":-1641081600000,"DATE_BUILT_YEAR":1917}},{"type":"Feature","geometry":{"type":"Polygon","coordinates":[[[-71.08860516069431,42.361014255389435],[-71.08861784079066,42.36114911897496],[-71.08861490790251,42.361150617368125],[-71.08861100149429,42.36115378771618],[-71.08860786978552,42.36115767206323],[-71.08860371211827,42.36116550500759],[-71.08859275310209,42.361212115163696],[-71.0885925589456,42.36121359724458],[-71.08856123192318,42.361211591873335],[-71.08853405067994,42.36139189086879],[-71.08852971404232,42.36139308174069],[-71.08849351569144,42.36138916741708],[-71.08848262271556,42.36143157885096],[-71.08848125382563,42.36143692436824],[-71.08849057085139,42.36143821990934],[-71.08849227239233,42.36143828091497],[-71.08844026734843,42.36184597597141],[-71.08843767789156,42.36184599371395],[-71.08842269620824,42.36184530990036],[-71.08841560752111,42.36189426473045],[-71.08843028661681,42.36189574511771],[-71.08843243315009,42.361895888742595],[-71.0884093750755,42.36207356819362],[-71.08853222300704,42.362081585485186],[-71.0885277731629,42.36211435627122],[-71.08862768716631,42.36214105612191],[-71.08863571161919,42.362090429192065],[-71.08863722777211,42.36209062637631],[-71.08872845264348,42.36209954137263],[-71.08875406484022,42.36192154148894],[-71.08875768388909,42.36192243221064],[-71.08876341499862,42.361923167531856],[-71.0887708271373,42.36186979342156],[-71.08876247085377,42.36186896858848],[-71.0887608400055,42.36186923554466],[-71.0888217826254,42.361470474359294],[-71.08884978419307,42.36147089406657],[-71.08885428473985,42.36143290447237],[-71.08885624156726,42.361416473998446],[-71.08885731844414,42.361415709001584],[-71.08888176662823,42.36123441254785],[-71.08886356871946,42.36123196263184],[-71.08886623271405,42.3612049697978],[-71.08876150258891,42.36117948631869],[-71.08875998573755,42.36117939986901],[-71.08875989439638,42.36117627103932],[-71.08866061079888,42.36114973920021],[-71.08866029969819,42.36115165750296],[-71.0886581563317,42.361151404058354],[-71.08864711388722,42.36114812622583],[-71.088637459513,42.3610167053664],[-71.08860513800884,42.36101401042974],[-71.08860516069431,42.361014255389435]]]},"properties":{"FACILITY":"68","Address":"31  AMES ST","BLDG_NAME":"KOCH BIOLOGY BUILDING","Ownership":"Owned by MIT","Type":"ACADEMIC","Floor_Count":9,"DATE_BUILT":670464000000,"DATE_BUILT_YEAR":1991}},{"type":"Feature","geometry":{"type":"Polygon","coordinates":[[[-71.08758684302211,42.361589048338615],[-71.08805264028048,42.36162401393586],[-71.08814786611623,42.36163116295597],[-71.08815541502496,42.3615773662342],[-71.08818838283163,42.3615798412388],[-71.08821175511359,42.361408600899864],[-71.08761756726621,42.36136399991624],[-71.08758684302211,42.361589048338615]]]},"properties":{"FACILITY":"E17","Address":"40  AMES ST","BLDG_NAME":"MUDD BUILDING","Ownership":"Owned by MIT","Type":"ACADEMIC","Floor_Count":8,"DATE_BUILT":-1167696000000,"DATE_BUILT_YEAR":1932}},{"type":"Feature","geometry":{"type":"Polygon","coordinates":[[[-71.08744108038692,42.3620061991552],[-71.08748617464083,42.36200958393546],[-71.08749088894838,42.36197506037349],[-71.08762295262675,42.361984975287974],[-71.08761773599703,42.36202319543931],[-71.08767049986679,42.36202715772289],[-71.0876757164767,42.361988935768714],[-71.08783074656175,42.362000574003254],[-71.08783716654271,42.36195352632439],[-71.0877659379273,42.36194817901354],[-71.08778185132778,42.361831595564794],[-71.0879656859756,42.361845583074334],[-71.08797313708924,42.36179098655991],[-71.08815783168129,42.36180488951546],[-71.08818120280971,42.36163366539182],[-71.08805264028048,42.36162401393586],[-71.08758684302211,42.361589048338615],[-71.08756645586688,42.36173841413911],[-71.08755654914141,42.36178138449914],[-71.08755479047088,42.36181242644496],[-71.0875413613196,42.36191080773628],[-71.08744170154812,42.36190332540937],[-71.08743675857359,42.36194238110267],[-71.08745047287685,42.36194437311927],[-71.08744108038692,42.3620061991552]]]},"properties":{"FACILITY":"E18","Address":"50  AMES ST","BLDG_NAME":"FORD BUILDING (E18)","Ownership":"Owned by MIT","Type":"ACADEMIC","Floor_Count":8,"DATE_BUILT":-1546387200000,"DATE_BUILT_YEAR":1920}},{"type":"Feature","geometry":{"type":"Polygon","coordinates":[[[-71.08783074656175,42.362000574003254],[-71.08777090570749,42.36243898459179],[-71.08806645637951,42.36246116878525],[-71.08814859466246,42.36185935360559],[-71.08814485147407,42.361859072815754],[-71.0881477105199,42.36184263298148],[-71.08813408247086,42.36184119053289],[-71.08813995299907,42.361803543482345],[-71.08797313708924,42.36179098655991],[-71.0879656859756,42.361845583074334],[-71.08778185132778,42.361831595564794],[-71.0877659379273,42.36194817901354],[-71.08783716654271,42.36195352632439],[-71.08783074656175,42.362000574003254]]]},"properties":{"FACILITY":"E19","Address":"400  MAIN ST","BLDG_NAME":"FORD BUILDING (E19)","Ownership":"Owned by MIT","Type":"SERVICE","Floor_Count":9,"DATE_BUILT":-1546387200000,"DATE_BUILT_YEAR":1920}},{"type":"Feature","geometry":{"type":"Polygon","coordinates":[[[-71.0864417723329,42.36147652115047],[-71.08640736122287,42.36172860518302],[-71.08734356312326,42.361800526799065],[-71.08733379312967,42.36188596784424],[-71.08721529066062,42.36192460881799],[-71.08720608719466,42.36198719805863],[-71.08744108038692,42.3620061991552],[-71.08745047287685,42.36194437311927],[-71.08743675857359,42.36194238110267],[-71.08744170154812,42.36190332540937],[-71.0875413613196,42.36191080773628],[-71.08754181133989,42.36190751069281],[-71.08755479047088,42.36181242644496],[-71.08755654914141,42.36178138449914],[-71.08756645586688,42.36173841413911],[-71.08743635833507,42.361728646655145],[-71.08744975050521,42.3616305569325],[-71.08741123408147,42.361627663883944],[-71.08741438691845,42.361604548579855],[-71.08669922388147,42.36155085794339],[-71.0867090904677,42.36146692077208],[-71.08674548076156,42.36145408017392],[-71.08675437795763,42.36138268413697],[-71.0867182800096,42.3613935199452],[-71.0864417723329,42.36147652115047]]]},"properties":{"FACILITY":"E25","Address":"45  CARLETON ST","BLDG_NAME":"WHITAKER COLLEGE","Ownership":"Owned by MIT","Type":"ACADEMIC","Floor_Count":8,"DATE_BUILT":304041600000,"DATE_BUILT_YEAR":1979}},{"type":"Feature","geometry":{"type":"Polygon","coordinates":[[[-71.09014837150752,42.36051988972775],[-71.09017688128846,42.360510004419325],[-71.09010611082658,42.36039370589964],[-71.09013903276217,42.36038350411876],[-71.08971409794877,42.359683899629765],[-71.08949173377859,42.35975766447091],[-71.08991762641732,42.36045752167188],[-71.09007888883514,42.36040362458986],[-71.09014837150752,42.36051988972775]]]},"properties":{"FACILITY":"18","Address":"21  AMES ST","BLDG_NAME":"DREYFUS BUILDING","Ownership":"Owned by MIT","Type":"ACADEMIC","Floor_Count":8,"DATE_BUILT":-84326400000,"DATE_BUILT_YEAR":1967}},{"type":"Feature","geometry":{"type":"Polygon","coordinates":[[[-71.088637459513,42.3610167053664],[-71.08934290000174,42.3610697370617],[-71.08939307795264,42.361051750191145],[-71.08940610770239,42.36107353057665],[-71.08944730717724,42.361076530667496],[-71.0894598522814,42.36107067585736],[-71.08934280451909,42.36087875038417],[-71.08934499016952,42.3608780991769],[-71.08948872985047,42.360821972459014],[-71.08947370432392,42.360800022005456],[-71.08932641000175,42.36085039937256],[-71.08932485489606,42.36085097090471],[-71.08928947829659,42.36086300117626],[-71.0892380470281,42.36077714782857],[-71.08924689137264,42.36071979951482],[-71.08924022846257,42.36070890923359],[-71.08838113408214,42.36099726753683],[-71.08860516069431,42.361014255389435],[-71.08860513800884,42.36101401042974],[-71.088637459513,42.3610167053664]]]},"properties":{"FACILITY":"66","Address":"25  AMES ST","BLDG_NAME":"LANDAU BUILDING","Ownership":"Owned by MIT","Type":"ACADEMIC","Floor_Count":8,"DATE_BUILT":113011200000,"DATE_BUILT_YEAR":1973}},{"type":"Feature","geometry":{"type":"Polygon","coordinates":[[[-71.08948872985047,42.360821972459014],[-71.08952428271594,42.360879861875055],[-71.08952187261083,42.360880868798944],[-71.08954025786363,42.36091018569428],[-71.08956875822797,42.360897116181896],[-71.09027822625717,42.36066427885878],[-71.09026767477009,42.36064723751659],[-71.09018172646441,42.36050843897679],[-71.09014837150752,42.36051988972775],[-71.09014828999027,42.36051991824647],[-71.0894457613003,42.360755276043726],[-71.08947370432392,42.360800022005456],[-71.08948872985047,42.360821972459014]]]},"properties":{"FACILITY":"56","Address":"21  AMES ST","BLDG_NAME":"WHITAKER BUILDING","Ownership":"Owned by MIT","Type":"ACADEMIC","Floor_Count":11,"DATE_BUILT":-199929600000,"DATE_BUILT_YEAR":1963}},{"type":"Feature","geometry":{"type":"Polygon","coordinates":[[[-71.09018172646441,42.36050843897679],[-71.09026767477009,42.36064723751659],[-71.09026793998756,42.36064714753229],[-71.09081532147412,42.360464465111235],[-71.09081462362943,42.36046331476035],[-71.09090141784738,42.36043434883875],[-71.09090311734053,42.36043378410089],[-71.09090342107748,42.36043430734875],[-71.09090373696493,42.360434828839274],[-71.0909342381024,42.360424648830126],[-71.09093392220888,42.36042412823998],[-71.09093359658682,42.36042361031604],[-71.09093979000295,42.36042154277453],[-71.09084820157992,42.360270595079335],[-71.090907622196,42.36025076422766],[-71.09088902060189,42.36022010624866],[-71.09088373932092,42.36021140237659],[-71.09087302784282,42.36019374652246],[-71.09074373435953,42.360236864986845],[-71.09078328079434,42.3603020434624],[-71.09072797930263,42.36032049886245],[-71.09072727775533,42.36031935840096],[-71.09017966373092,42.360502112500114],[-71.09018042041522,42.360503360295695],[-71.09017662599993,42.360504626985445],[-71.09017937169645,42.360509152617496],[-71.09018172646441,42.36050843897679]]]},"properties":{"FACILITY":"16","Address":"21  AMES ST","BLDG_NAME":"DORRANCE BUILDING","Ownership":"Owned by MIT","Type":"ACADEMIC","Floor_Count":10,"DATE_BUILT":-604886400000,"DATE_BUILT_YEAR":1950}},{"type":"Feature","geometry":{"type":"Polygon","coordinates":[[[-71.09090373696493,42.360434828839274],[-71.09094643062323,42.36050519240856],[-71.09088521781347,42.360525620998466],[-71.09088295860076,42.360526389010815],[-71.09088838023014,42.36053516900571],[-71.09088003708852,42.360537966233856],[-71.09055410675585,42.360646269755925],[-71.09066065738904,42.36081979884916],[-71.09099135805042,42.36070640735493],[-71.09099339539667,42.36070578439822],[-71.09099596381704,42.36070938838467],[-71.0913991641494,42.3613684895363],[-71.09145971115069,42.36134900181166],[-71.09147602201601,42.36137318027827],[-71.09147712233573,42.36137441938237],[-71.09153478277018,42.36135527877968],[-71.09153401136957,42.361354424367136],[-71.0915177787604,42.36132977983729],[-71.09158155680954,42.36130865689647],[-71.09151052320755,42.361190273271504],[-71.09164851338474,42.36114397439868],[-71.09153247425117,42.36095534801789],[-71.09139564091649,42.36100076227749],[-71.09117928148939,42.36064537602763],[-71.09121438387696,42.360633437831254],[-71.09110959352674,42.36046308722333],[-71.09110755581702,42.360463767799295],[-71.09110790293579,42.360464340716675],[-71.09098352490625,42.360505850103465],[-71.0909342381024,42.360424648830126],[-71.09090373696493,42.360434828839274]]]},"properties":{"FACILITY":"26","Address":"60  VASSAR ST","BLDG_NAME":"COMPTON LABORATORIES","Ownership":"Owned by MIT","Type":"ACADEMIC","Floor_Count":8,"DATE_BUILT":-460339200000,"DATE_BUILT_YEAR":1955}},{"type":"Feature","geometry":{"type":"Polygon","coordinates":[[[-71.0914730098919,42.36159936345132],[-71.09149266053588,42.3616299080126],[-71.0914928227861,42.36163016066966],[-71.09150371058577,42.361647082449785],[-71.09192519609607,42.361507694361606],[-71.09189577185167,42.361457208916626],[-71.09189511194445,42.3614563828111],[-71.09192421576033,42.36144701954564],[-71.09192767695187,42.361443591824205],[-71.09192647061536,42.36143959116363],[-71.09196642605606,42.36136789260567],[-71.09190582541106,42.361268890740895],[-71.09188659874457,42.361237343030574],[-71.09153478277018,42.36135527877968],[-71.09147712233573,42.36137441938237],[-71.09136120887781,42.3614132772812],[-71.09137811982144,42.36144190171732],[-71.09139034446588,42.36146252574346],[-71.09139096756985,42.36146359840019],[-71.0913552460308,42.361475853151994],[-71.09143807548763,42.36160908761302],[-71.09143994753859,42.36160868733276],[-71.09147246204763,42.361598291062435],[-71.0914730098919,42.36159936345132]]]},"properties":{"FACILITY":"36","Address":"50  VASSAR ST","BLDG_NAME":"FAIRCHILD BUILDING (36)","Ownership":"Owned by MIT","Type":"ACADEMIC","Floor_Count":10,"DATE_BUILT":40262400000,"DATE_BUILT_YEAR":1971}},{"type":"Feature","geometry":{"type":"Polygon","coordinates":[[[-71.09199794222093,42.36097584504952],[-71.09191866809046,42.36084297290108],[-71.09192000203444,42.360842621119914],[-71.0924856506894,42.36065453893312],[-71.09232359442997,42.36038899706805],[-71.0917592038412,42.36057730259833],[-71.09175739096726,42.36057737898988],[-71.09165872389917,42.36060968398597],[-71.09161604301427,42.36062426926506],[-71.0915720251388,42.36063986350532],[-71.09161667328033,42.360710352598424],[-71.09162464369295,42.360707938416766],[-71.09182000705407,42.36102968744424],[-71.0919185285968,42.3609966957746],[-71.0919870370213,42.36097366367608],[-71.09198991087936,42.360978480511825],[-71.09199794222093,42.36097584504952]]]},"properties":{"FACILITY":"24","Address":"60  VASSAR ST","BLDG_NAME":"BUILDING 24","Ownership":"Owned by MIT","Type":"ACADEMIC","Floor_Count":8,"DATE_BUILT":-883699200000,"DATE_BUILT_YEAR":1941}},{"type":"Feature","geometry":{"type":"Polygon","coordinates":[[[-71.09340232693307,42.36021976322589],[-71.09341813806007,42.36021448671299],[-71.0934447790185,42.3602580486254],[-71.09344741400422,42.360257169355066],[-71.09350096153278,42.36034566973821],[-71.09354594855137,42.360330656171314],[-71.09354702920446,42.36033212566023],[-71.09355152821581,42.36033057595815],[-71.09361301143102,42.36043190823542],[-71.09380235988411,42.360368669257625],[-71.09356065757918,42.359972806517],[-71.09355615869761,42.35997434001475],[-71.09354705551023,42.35995942967331],[-71.09337492232353,42.36001683491068],[-71.09338381827091,42.36003149875415],[-71.09330437636963,42.36005794832957],[-71.09340232693307,42.36021976322589]]]},"properties":{"FACILITY":"17","Address":"76  VASSAR ST","BLDG_NAME":"WRIGHT BROTHERS WIND TUNNEL","Ownership":"Owned by MIT","Type":"ACADEMIC","Floor_Count":3,"DATE_BUILT":-1012521600000,"DATE_BUILT_YEAR":1937}},{"type":"Feature","geometry":{"type":"Polygon","coordinates":[[[-71.09361205513154,42.35995493195393],[-71.09356065757918,42.359972806517],[-71.09380235988411,42.360368669257625],[-71.09401804652526,42.36029668481196],[-71.09377316616548,42.359894991830885],[-71.09375725137728,42.35990149421955],[-71.0937595566434,42.35990545462954],[-71.09370966785941,42.35992487228147],[-71.09361205513154,42.35995493195393]]]},"properties":{"FACILITY":"33","Address":"125  MASSACHUSETTS AVE","BLDG_NAME":"GUGGENHEIM LABORATORY","Ownership":"Owned by MIT","Type":"ACADEMIC","Floor_Count":6,"DATE_BUILT":-1349222400000,"DATE_BUILT_YEAR":1927}},{"type":"Feature","geometry":{"type":"Polygon","coordinates":[[[-71.09365167223488,42.36056853848245],[-71.09365314016517,42.36057038115773],[-71.09371417442792,42.36063639977178],[-71.0943586391179,42.360319202723836],[-71.0943602344122,42.36031841249539],[-71.09446531368586,42.36026664465184],[-71.09436129810463,42.360152151856425],[-71.09435971778191,42.36015041862883],[-71.09435721774678,42.3601480501548],[-71.09406230000333,42.36029115749555],[-71.09406092666799,42.36029197641227],[-71.09405758084488,42.36028842556844],[-71.09402390992315,42.36030592266378],[-71.09402335852249,42.36030539945027],[-71.09401804652526,42.36029668481196],[-71.09380235988411,42.360368669257625],[-71.09382900859981,42.36040748208363],[-71.09360340647046,42.360519277009054],[-71.09363145759194,42.360547447122734],[-71.09365167223488,42.36056853848245]]]},"properties":{"FACILITY":"35","Address":"127  MASSACHUSETTS AVE","BLDG_NAME":"SLOAN LABORATORY","Ownership":"Owned by MIT","Type":"ACADEMIC","Floor_Count":6,"DATE_BUILT":-612835200000,"DATE_BUILT_YEAR":1950}},{"type":"Feature","geometry":{"type":"Polygon","coordinates":[[[-71.09288153183456,42.36068115445132],[-71.09295677231523,42.36065504951394],[-71.09297156555584,42.36065008095979],[-71.09301075719777,42.360637404047154],[-71.09301361450314,42.360636124044795],[-71.09324675293227,42.360555283640146],[-71.09324961073673,42.36055411346894],[-71.09327723862087,42.36054405772138],[-71.09327805841289,42.360543429518245],[-71.09328356033075,42.3605509132674],[-71.09329683383389,42.36054667843406],[-71.09329835335348,42.360545970778894],[-71.09347852684537,42.36047965061112],[-71.09340849231448,42.36036878998703],[-71.0934072489953,42.36036675454051],[-71.09323358583336,42.360081581736026],[-71.09303887174725,42.3601480958507],[-71.09303816766959,42.360148286021044],[-71.09277028790706,42.36024050238475],[-71.09276833156646,42.36023967259385],[-71.09266510562928,42.36027374578151],[-71.09272257442233,42.36036466869059],[-71.09269516836933,42.36037439468505],[-71.09288153183456,42.36068115445132]]]},"properties":{"FACILITY":"31","Address":"70  VASSAR ST (REAR)","BLDG_NAME":"SLOAN LABORATORIES","Ownership":"Owned by MIT","Type":"ACADEMIC","Floor_Count":5,"DATE_BUILT":-1293926400000,"DATE_BUILT_YEAR":1928}},{"type":"Feature","geometry":{"type":"Polygon","coordinates":[[[-71.09260121525249,42.36102709881975],[-71.09262340711696,42.361062905375285],[-71.09300841372566,42.360933536658415],[-71.09298739872452,42.360898558105525],[-71.09286826930692,42.36070083912735],[-71.09284539919756,42.36066667594258],[-71.09246096398971,42.360793850337856],[-71.09253276442492,42.36091174364054],[-71.09251663097427,42.36091783365086],[-71.09251466930002,42.36091801756181],[-71.09248759983845,42.36092689572705],[-71.09250939452342,42.36096253344477],[-71.09255422193911,42.36094790322289],[-71.09260121525249,42.36102709881975]]]},"properties":{"FACILITY":"39","Address":"60  VASSAR ST","BLDG_NAME":"BROWN BUILDING","Ownership":"Owned by MIT","Type":"ACADEMIC","Floor_Count":8,"DATE_BUILT":-107913600000,"DATE_BUILT_YEAR":1966}},{"type":"Feature","geometry":{"type":"Polygon","coordinates":[[[-71.09221155545937,42.361034064459574],[-71.09221249691956,42.361035655906576],[-71.09217875795166,42.36104774958942],[-71.092178640226,42.36104887543288],[-71.09212532652651,42.36115757176606],[-71.09208652269436,42.361170271359626],[-71.09210527938365,42.361202613224904],[-71.09215160685746,42.36127694958454],[-71.09260739116547,42.361125578044636],[-71.09255859635769,42.36104335830339],[-71.09255808280035,42.36104261464632],[-71.09258471141356,42.36103283011298],[-71.09258541791861,42.361032641754555],[-71.09260121525249,42.36102709881975],[-71.09255422193911,42.36094790322289],[-71.09250939452342,42.36096253344477],[-71.09248759983845,42.36092689572705],[-71.09246419858734,42.360889273477824],[-71.09218227397527,42.36098459421386],[-71.09220281567774,42.36101929934939],[-71.09221155545937,42.361034064459574]]]},"properties":{"FACILITY":"38","Address":"50  VASSAR ST","BLDG_NAME":"FAIRCHILD BUILDING (38)","Ownership":"Owned by MIT","Type":"ACADEMIC","Floor_Count":8,"DATE_BUILT":40262400000,"DATE_BUILT_YEAR":1971}},{"type":"Feature","geometry":{"type":"Polygon","coordinates":[[[-71.09190582541106,42.361268890740895],[-71.0919074212363,42.361268403045244],[-71.09194596198762,42.36128201170863],[-71.09204002043361,42.36130451678773],[-71.09210481618749,42.361205355661454],[-71.09210527938365,42.361202613224904],[-71.09208652269436,42.361170271359626],[-71.09207564111462,42.36117383391909],[-71.09207513249126,42.36117251409276],[-71.09205597615042,42.36114228828327],[-71.09210031770107,42.36105356547206],[-71.09197853895154,42.36102061688522],[-71.09194275400885,42.361032783366234],[-71.0919185285968,42.3609966957746],[-71.0918432444934,42.36102190589247],[-71.09186626284875,42.36105767591605],[-71.09186681300098,42.36105839089684],[-71.09180406647506,42.361080369329756],[-71.09175969462088,42.36116807729502],[-71.09187639613779,42.361202270299664],[-71.0918956939616,42.361233511266065],[-71.09188659874457,42.361237343030574],[-71.09190582541106,42.361268890740895]]]},"properties":{"FACILITY":"34","Address":"50  VASSAR ST","BLDG_NAME":"EG&G EDUCATION CENTER","Ownership":"Owned by MIT","Type":"ACADEMIC","Floor_Count":6,"DATE_BUILT":410140800000,"DATE_BUILT_YEAR":1982}},{"type":"Feature","geometry":{"type":"Polygon","coordinates":[[[-71.09286826930692,42.36070083912735],[-71.09298739872452,42.360898558105525],[-71.09361649871666,42.36068780866627],[-71.09356377060479,42.360600746300975],[-71.09364955701517,42.36056957264285],[-71.09364992813099,42.360569437110215],[-71.09365167223488,42.36056853848245],[-71.09363145759194,42.360547447122734],[-71.09362989801765,42.360548154640774],[-71.0935500231285,42.360577671938415],[-71.09349532307084,42.36049128949017],[-71.09298239222159,42.360664087252204],[-71.092966007263,42.36066871976857],[-71.09286826930692,42.36070083912735]]]},"properties":{"FACILITY":"37","Address":"70  VASSAR ST","BLDG_NAME":"MCNAIR BUILDING","Ownership":"Owned by MIT","Type":"ACADEMIC","Floor_Count":8,"DATE_BUILT":-123552000000,"DATE_BUILT_YEAR":1966}},{"type":"Feature","geometry":{"type":"Polygon","coordinates":[[[-71.10086882426398,42.3593067159397],[-71.10101462994162,42.35923415265197],[-71.10107966615175,42.3593060349133],[-71.10164574423233,42.35902431435766],[-71.101603343263,42.35897745151711],[-71.10169727445806,42.35893070348322],[-71.1017396754656,42.35897756628967],[-71.10232668953475,42.35868541931695],[-71.10231850777664,42.358676374636545],[-71.10231562671139,42.35867780963706],[-71.10228226918137,42.358640940907605],[-71.10228596609221,42.35863910089856],[-71.10221180114439,42.35855712971351],[-71.10217961636467,42.35857314795622],[-71.10214700396635,42.35853710282681],[-71.10216375572652,42.35852876648644],[-71.1020178122514,42.358367463704454],[-71.10203464678588,42.35835908625583],[-71.10191910282022,42.358231383767055],[-71.1013057498381,42.358536637405386],[-71.10135658506087,42.35859282327634],[-71.1013842231671,42.35857906903509],[-71.10139737500842,42.35859360476295],[-71.10146180880031,42.35859112900152],[-71.1015253589601,42.358582859486546],[-71.1015870802992,42.35856891898556],[-71.10164605745578,42.35854951319786],[-71.10170141338727,42.35852493168395],[-71.10184808329537,42.358451937290766],[-71.10199323210824,42.35861236245534],[-71.10202470096058,42.35859669920182],[-71.10205611625327,42.358631422201],[-71.10145300460637,42.358931577699636],[-71.10136842496432,42.3588380948048],[-71.10127531313495,42.35873518325237],[-71.10137984185542,42.35868316231472],[-71.10132970814045,42.35862775043455],[-71.10132490796113,42.35863014026589],[-71.10130854591642,42.35861205796802],[-71.10125752468045,42.358614467611396],[-71.10120704880057,42.358620483878454],[-71.10115757988495,42.35863005255307],[-71.10110294753837,42.358643402515],[-71.10105100651691,42.35866172957919],[-71.10067453172093,42.35884908837022],[-71.10072690240897,42.35890697239045],[-71.10078890747398,42.358910473691104],[-71.10085095171526,42.35890738228152],[-71.100911768615,42.35889776398932],[-71.10097011512208,42.35888181346732],[-71.10102480076914,42.35885985699524],[-71.10110612286822,42.35881938572405],[-71.10119936473507,42.358922441909115],[-71.10128381526474,42.35901578043324],[-71.10094890208701,42.35918245602043],[-71.10090734473798,42.35915798332358],[-71.10092340746489,42.35914308437089],[-71.10081959261981,42.359082947633546],[-71.10077756550932,42.359059452772236],[-71.10073171892017,42.359040286726746],[-71.10068285796766,42.35902578449446],[-71.10063184046585,42.35901620113129],[-71.10057956240168,42.35901170539914],[-71.1005535027328,42.35901111523098],[-71.10052760722468,42.35901336333638],[-71.1005024357825,42.359018401244356],[-71.10047853049626,42.3590261183024],[-71.10045640708718,42.359036350649866],[-71.10043654401711,42.35904887577834],[-71.10086882426398,42.3593067159397]]]},"properties":{"FACILITY":"NW35","Address":"235  ALBANY ST","BLDG_NAME":"ASHDOWN HOUSE","Ownership":"Owned by MIT","Type":"RESIDENTIAL","Floor_Count":5,"DATE_BUILT":1199145600000,"DATE_BUILT_YEAR":2008}},{"type":"Feature","geometry":{"type":"Polygon","coordinates":[[[-71.09762009848309,42.36250856748031],[-71.09761681143577,42.36255546008142],[-71.09783624375166,42.36257054934931],[-71.09784668998904,42.362486891509306],[-71.09785134955594,42.36248720939817],[-71.09786324059243,42.36239186726833],[-71.09764306857261,42.36237674755256],[-71.09763808022163,42.36241666957618],[-71.09761338307096,42.36241483571457],[-71.09764593068802,42.36218080088303],[-71.0978914361608,42.36219894140779],[-71.09790270285549,42.36211929990861],[-71.09772935519102,42.36201461414028],[-71.09748626030874,42.36199664105357],[-71.09741011889845,42.36254411967384],[-71.09759344022713,42.362558150299996],[-71.09760073692622,42.36250573315678],[-71.09762009848309,42.36250856748031]]]},"properties":{"FACILITY":"N51","Address":"275  MASSACHUSETTS AVE","BLDG_NAME":"BUILDING N51","Ownership":"Owned by MIT","Type":"ACADEMIC","Floor_Count":4,"DATE_BUILT":-1420156800000,"DATE_BUILT_YEAR":1924}},{"type":"Feature","geometry":{"type":"Polygon","coordinates":[[[-71.09516905237403,42.3611019168483],[-71.09522026802674,42.361076685573366],[-71.09537834737861,42.36099881140213],[-71.0952133886299,42.360814709855354],[-71.09505504753275,42.360892741331284],[-71.09509466038338,42.36093692110559],[-71.09504278371186,42.36096283151603],[-71.0950550520744,42.36097641865099],[-71.09500994001692,42.360998622969234],[-71.09502956021346,42.36102050784419],[-71.09505417133941,42.361008376687444],[-71.09507069604814,42.361026846665894],[-71.09509154292637,42.36101658925241],[-71.09516905237403,42.3611019168483]]]},"properties":{"FACILITY":"N9","Address":"68  ALBANY ST","BLDG_NAME":"SUPERCONDUCTING TEST FACILITY","Ownership":"Owned by MIT","Type":"ACADEMIC","Floor_Count":1,"DATE_BUILT":null,"DATE_BUILT_YEAR":null}},{"type":"Feature","geometry":{"type":"Polygon","coordinates":[[[-71.09825655500342,42.359775162314065],[-71.09835627666325,42.359891864792],[-71.09829112314408,42.359920472577315],[-71.09861167325282,42.360109290187744],[-71.09872844695977,42.36017944841496],[-71.09890654718288,42.36028722379135],[-71.09905480323617,42.36022254185461],[-71.09906378169694,42.360230144579646],[-71.09909529181164,42.360217023785786],[-71.09909006461815,42.36020612017841],[-71.09916219452766,42.36017404583939],[-71.09872625962547,42.359913999757936],[-71.09885304473092,42.35982690970802],[-71.0988292644926,42.35981099969059],[-71.09870217583332,42.35989963264998],[-71.09854802644709,42.35980768659318],[-71.09838862988538,42.3598776811937],[-71.09828876216677,42.35976084319014],[-71.09825655500342,42.359775162314065]]]},"properties":{"FACILITY":"NW16","Address":"167  ALBANY ST","BLDG_NAME":"PLASMA SCIENCE & FUSION CENTER (NW16)","Ownership":"Owned by MIT","Type":"ACADEMIC","Floor_Count":4,"DATE_BUILT":328665600000,"DATE_BUILT_YEAR":1980}},{"type":"Feature","geometry":{"type":"Polygon","coordinates":[[[-71.09548885660898,42.35909256456233],[-71.0955261582865,42.359155399064825],[-71.09612674673035,42.35885632803673],[-71.09616842261397,42.358902986900794],[-71.09632859917878,42.35884924741145],[-71.0960157380899,42.35833492931637],[-71.09598302931167,42.358345904173134],[-71.0959628981566,42.35831287117451],[-71.09562749643916,42.358448953100705],[-71.095407599984,42.358548227015056],[-71.09517329164369,42.35866817532914],[-71.09531788899011,42.35881357310448],[-71.09532020790635,42.35884975486784],[-71.0953268327552,42.35888532428083],[-71.09533828889879,42.358914818438386],[-71.09535388685293,42.358939755500984],[-71.09538108187614,42.35897235070589],[-71.09540492164072,42.35899376331748],[-71.09545132820885,42.359021346660505],[-71.09548885660898,42.35909256456233]]]},"properties":{"FACILITY":"W35","Address":"120  VASSAR ST","BLDG_NAME":"SPORTS & FITNESS CENTER","Ownership":"Owned by MIT","Type":"SERVICE","Floor_Count":6,"DATE_BUILT":970358400000,"DATE_BUILT_YEAR":2000}},{"type":"Feature","geometry":{"type":"Polygon","coordinates":[[[-71.08711316948065,42.360735303887395],[-71.08723967737897,42.36069304107606],[-71.08725968637376,42.3607259833297],[-71.0877353497522,42.360567074242844],[-71.08771534177387,42.36053413207519],[-71.08775413688726,42.360521170136956],[-71.08755316565298,42.36019029115501],[-71.08717479083775,42.36031673772049],[-71.0871656535582,42.360301693504766],[-71.08688284282316,42.36039617433691],[-71.08698085686848,42.36055754933173],[-71.08700109819982,42.360550787026554],[-71.08711316948065,42.360735303887395]]]},"properties":{"FACILITY":"E14","Address":"75  AMHERST ST","BLDG_NAME":"BUILDING E14","Ownership":"Owned by MIT","Type":"ACADEMIC","Floor_Count":8,"DATE_BUILT":1258588800000,"DATE_BUILT_YEAR":2009}},{"type":"Feature","geometry":{"type":"Polygon","coordinates":[[[-71.08220583272167,42.36188342548743],[-71.08236177569307,42.3618945117343],[-71.08242111491101,42.36190512012803],[-71.08252588226449,42.36190876040722],[-71.08252426408558,42.36190121731549],[-71.08251819210213,42.36185796610637],[-71.08249706510198,42.3618549499729],[-71.08251539503168,42.36169538719436],[-71.08253378015034,42.36169833305306],[-71.0825420367183,42.36164839879038],[-71.08250238062686,42.36164053666787],[-71.08256649502368,42.36145121806189],[-71.08260276964997,42.361458242326215],[-71.08259628517511,42.36143960441921],[-71.08283944454439,42.361384644422195],[-71.0828494450096,42.361402858427965],[-71.08291282011015,42.3613589804191],[-71.08290468250323,42.36134415916106],[-71.08317680167752,42.36126198780649],[-71.08309345213551,42.361129509781414],[-71.08311295388255,42.36112362145946],[-71.08308440797404,42.36104318339955],[-71.08330771582223,42.36089801982062],[-71.08330773899303,42.360898003699354],[-71.08327951194646,42.360850589440155],[-71.08319230936858,42.36088011172271],[-71.08317606517063,42.36087026400907],[-71.08311430057253,42.36091356461579],[-71.08309267721263,42.36089767805997],[-71.08299168847796,42.3609556587671],[-71.08300757581203,42.36097415608961],[-71.08288581875819,42.36102536055165],[-71.08275038899721,42.36106202963268],[-71.08272787205186,42.36106530871987],[-71.08271983210274,42.361043792352596],[-71.08268424790884,42.3610493593699],[-71.08262840898422,42.361057919258485],[-71.0826067389628,42.36105978614117],[-71.08259326408806,42.36106093012084],[-71.0825968712893,42.361084384937],[-71.08257732523701,42.36108723183463],[-71.08252056177189,42.36108927472461],[-71.08252030893497,42.36112758560456],[-71.08246232927223,42.361147438069295],[-71.08240061113003,42.36116795574862],[-71.08241034568051,42.36118560344707],[-71.0825062470338,42.3611836450708],[-71.08250784325334,42.36123037946361],[-71.0825134456167,42.361246371826496],[-71.08236872626597,42.36128375847891],[-71.08231560905688,42.36140000445798],[-71.08230028624486,42.3613971417087],[-71.0822319111477,42.361609474084965],[-71.08224504983438,42.361611646490715],[-71.08220583272167,42.36188342548743]]]},"properties":{"FACILITY":"E62","Address":"100 MAIN ST","BLDG_NAME":"BUILDING E62","Ownership":"Owned by MIT","Type":"ACADEMIC","Floor_Count":11,"DATE_BUILT":1280275200000,"DATE_BUILT_YEAR":2010}},{"type":"Feature","geometry":{"type":"Polygon","coordinates":[[[-71.08978005607878,42.36252783064194],[-71.08978750062869,42.36247626347045],[-71.08988153499678,42.362483728201894],[-71.0898424449832,42.36241436743741],[-71.08975528507871,42.36240787969948],[-71.0897859565573,42.362181228063726],[-71.08968157768246,42.36217315376416],[-71.08968982182702,42.362114541989676],[-71.08952615270769,42.362103647879195],[-71.08952787028929,42.36208945375975],[-71.0892718840093,42.36207241391421],[-71.08927016516269,42.3620866071253],[-71.08899395240947,42.36206822141922],[-71.08899063959929,42.362094370162616],[-71.08893560589685,42.36209053541597],[-71.08872883087916,42.362327041113495],[-71.08859882372174,42.362317724517816],[-71.0886295942832,42.36238820832479],[-71.08865389830758,42.36238997248797],[-71.08864718593591,42.36244081387572],[-71.0892158696014,42.3624846773971],[-71.08921409154591,42.36249732910099],[-71.0894650262157,42.36251674130167],[-71.08946635549611,42.362503835011275],[-71.08978005607878,42.36252783064194]]]},"properties":{"FACILITY":"76","Address":"500 MAIN ST","BLDG_NAME":"D H KOCH IN FICR","Ownership":"Owned by MIT","Type":"ACADEMIC","Floor_Count":9,"DATE_BUILT":1285632000000,"DATE_BUILT_YEAR":2010}},{"type":"Feature","geometry":{"type":"Polygon","coordinates":[[[-71.09410546780346,42.36155705146726],[-71.09443201704588,42.36140595028711],[-71.09430345773715,42.36125849779439],[-71.09428176340788,42.361269310254485],[-71.09422866378969,42.36129577416256],[-71.09417386781125,42.36122618389668],[-71.09422436835854,42.361204452662605],[-71.09418620917789,42.36116497902475],[-71.09417997922209,42.3611670709195],[-71.09401448825362,42.360985982637885],[-71.09371695261817,42.361134133160505],[-71.09410546780346,42.36155705146726]]]},"properties":{"FACILITY":"N16","Address":"60  ALBANY ST","BLDG_NAME":"COOLING TOWER & OIL RESERVE","Ownership":"Owned by MIT","Type":"SERVICE","Floor_Count":6,"DATE_BUILT":54172800000,"DATE_BUILT_YEAR":1971}},{"type":"Feature","geometry":{"type":"Polygon","coordinates":[[[-71.09728739761475,42.35629481944916],[-71.09738876506832,42.356260872451706],[-71.09734507356909,42.35618908347127],[-71.09729501969066,42.35620551494272],[-71.09727316845282,42.3561696339214],[-71.09728769747002,42.35616476651973],[-71.09724530447431,42.356095149942796],[-71.09709926023841,42.356144061559654],[-71.09714138826989,42.35621333155083],[-71.09716728354648,42.35620466874819],[-71.0971833588149,42.35623109542757],[-71.09720141433472,42.35622503850281],[-71.09721584017883,42.356248771136684],[-71.09723374830246,42.35624279651724],[-71.09724810099729,42.35626639114646],[-71.09726638141952,42.35626028098185],[-71.09728739761475,42.35629481944916]]]},"properties":{"FACILITY":"W51C","Address":"405  MEMORIAL DR","BLDG_NAME":"405 MEMORIAL DRIVE","Ownership":"Owned by MIT","Type":"RESIDENTIAL","Floor_Count":7,"DATE_BUILT":null,"DATE_BUILT_YEAR":null}},{"type":"Feature","geometry":{"type":"Polygon","coordinates":[[[-71.09241925108525,42.363640878535726],[-71.09240244990912,42.363761034447315],[-71.09271142289951,42.36378527538234],[-71.09273088602951,42.363639810056284],[-71.09279274385428,42.363187847727374],[-71.09248584536157,42.363164270657535],[-71.09241925108525,42.363640878535726]]]},"properties":{"FACILITY":"NE47","Address":"500  TECHNOLOGY SQ","BLDG_NAME":"500 TECHNOLOGY SQUARE","Ownership":"Leased to MIT","Type":"ACADEMIC","Floor_Count":6,"DATE_BUILT":null,"DATE_BUILT_YEAR":null}},{"type":"Feature","geometry":{"type":"Polygon","coordinates":[[[-71.09288131934109,42.3636425078318],[-71.09286078616277,42.36379207020563],[-71.09296988875852,42.36380041220414],[-71.09296674653879,42.363822930788956],[-71.0930777736403,42.36383141813981],[-71.09318517226583,42.36364358026928],[-71.09330065668915,42.36344155713839],[-71.09333112471374,42.36345066594947],[-71.09337835063673,42.363368152273544],[-71.09334833119249,42.363358196089116],[-71.09347047533025,42.36314450608475],[-71.09349479027348,42.36310326610434],[-71.09343442731658,42.36309962264616],[-71.09296085261046,42.363063403582125],[-71.0929291056754,42.36329456801917],[-71.09290633673561,42.36329282369911],[-71.09289387222647,42.363382336630266],[-71.09291680986115,42.36338409325349],[-71.09288131934109,42.3636425078318]]]},"properties":{"FACILITY":"NE49","Address":"600  TECHNOLOGY SQ","BLDG_NAME":"600 TECHNOLOGY SQUARE","Ownership":"Leased to MIT","Type":"SERVICE","Floor_Count":4,"DATE_BUILT":null,"DATE_BUILT_YEAR":null}},{"type":"Feature","geometry":{"type":"Polygon","coordinates":[[[-71.09428026888362,42.361242650144995],[-71.09430345773715,42.36125849779439],[-71.09443201704588,42.36140595028711],[-71.09456340604484,42.361342311202336],[-71.09435659428935,42.36110756911488],[-71.09434957763104,42.36109964163559],[-71.09421904692243,42.361161994293795],[-71.09419448694338,42.361172362688016],[-71.09422436835854,42.361204452662605],[-71.09428026888362,42.361242650144995]]]},"properties":{"FACILITY":"N16A","Address":"60  ALBANY ST","BLDG_NAME":"BUILDING N16A","Ownership":"Owned by MIT","Type":"SERVICE","Floor_Count":3,"DATE_BUILT":1024963200000,"DATE_BUILT_YEAR":2002}},{"type":"Feature","geometry":{"type":"Polygon","coordinates":[[[-71.09435659428935,42.36110756911488],[-71.09443759198427,42.361199478912205],[-71.09455057265913,42.361144720191476],[-71.09455986552592,42.361155289926266],[-71.09460937772249,42.361131289013485],[-71.0945987250664,42.36111923261494],[-71.09463053292092,42.36110381295457],[-71.09455089346223,42.36101341696326],[-71.09435659428935,42.36110756911488]]]},"properties":{"FACILITY":"N16C","Address":"60  ALBANY ST","BLDG_NAME":"BUILDING N16C","Ownership":"Owned by MIT","Type":"SERVICE","Floor_Count":1,"DATE_BUILT":1304553600000,"DATE_BUILT_YEAR":2011}},{"type":"Feature","geometry":{"type":"Polygon","coordinates":[[[-71.09422436835854,42.361204452662605],[-71.09417386781125,42.36122618389668],[-71.09422866378969,42.36129577416256],[-71.0943034613731,42.36125849870752],[-71.09422436835854,42.361204452662605]]]},"properties":{"FACILITY":"N16B","Address":"60  ALBANY ST","BLDG_NAME":"FIRE PUMP ROOM","Ownership":"Owned by MIT","Type":"SERVICE","Floor_Count":2,"DATE_BUILT":1288569600000,"DATE_BUILT_YEAR":2010}},{"type":"Feature","geometry":{"type":"Polygon","coordinates":[[[-71.10130628718699,42.35809409070399],[-71.10140881217255,42.358208294783644],[-71.10153199799272,42.35814746332066],[-71.10142947288337,42.35803325934926],[-71.10130628718699,42.35809409070399]]]},"properties":{"FACILITY":"NW36","Address":"250 ALBANY ST","BLDG_NAME":"BUILDING NW36","Ownership":"Owned by MIT","Type":"SERVICE","Floor_Count":1,"DATE_BUILT":1520553600000,"DATE_BUILT_YEAR":2018}},{"type":"Feature","geometry":{"type":"Polygon","coordinates":[[[-71.07947232168813,42.36235181648946],[-71.080419855297,42.36242279964887],[-71.08044204156754,42.362259900394534],[-71.08055255469844,42.36226762013066],[-71.08057583159986,42.36209671225274],[-71.08023211003795,42.36207153309326],[-71.08017820301419,42.36211019280303],[-71.08013164816047,42.3621056060412],[-71.08013492180653,42.362063962524324],[-71.07993922484857,42.362048241032284],[-71.0798527435088,42.36204271067111],[-71.07980028050272,42.362042135486355],[-71.07976056668275,42.36204937185403],[-71.0797188454059,42.36206933455912],[-71.0796894415138,42.362095405709084],[-71.07967164916785,42.36212821473656],[-71.07966742762227,42.362156628632036],[-71.07966437787086,42.36219248229586],[-71.0794941050825,42.36218030917142],[-71.07947232168813,42.36235181648946]]]},"properties":{"FACILITY":"E90","Address":"1 MAIN ST","BLDG_NAME":"BUILDING E90","Ownership":"Leased to MIT","Type":"ACADEMIC","Floor_Count":2,"DATE_BUILT":1395360000000,"DATE_BUILT_YEAR":2014}},{"type":"Feature","geometry":{"type":"Polygon","coordinates":[[[-71.10019195458675,42.357891542901115],[-71.1003246590353,42.357826461341446],[-71.10033894333192,42.35784248390533],[-71.10072470953347,42.35765329304819],[-71.10062471557086,42.35754113718102],[-71.10010624663303,42.357795409173846],[-71.10019195458675,42.357891542901115]]]},"properties":{"FACILITY":"W64","Address":"219 VASSAR ST","BLDG_NAME":"BUILDING W64","Ownership":"Owned by MIT","Type":"SERVICE","Floor_Count":2,"DATE_BUILT":1378080000000,"DATE_BUILT_YEAR":2013}},{"type":"Feature","geometry":{"type":"Polygon","coordinates":[[[-71.0913613353478,42.363683493179074],[-71.09173888784055,42.36371241158191],[-71.09177718073386,42.3634523885721],[-71.09180523394976,42.363454537193036],[-71.09187507944561,42.36308037415332],[-71.09168517598502,42.36307664095397],[-71.09161929564436,42.362979923173825],[-71.09151154035162,42.36297166929921],[-71.0914950715844,42.36308992757465],[-71.09148352275778,42.36308904298548],[-71.09148497776205,42.36307860030973],[-71.09144778564925,42.36307575113354],[-71.09141184858392,42.36333379639319],[-71.09137558212159,42.363331018904574],[-71.09136379522465,42.363415651822066],[-71.09139827079447,42.36341829241016],[-71.0913613353478,42.363683493179074]]]},"properties":{"FACILITY":"NE45","Address":"300  TECHNOLOGY SQ","BLDG_NAME":"300 TECHNOLOGY SQUARE","Ownership":"Leased to MIT","Type":"ACADEMIC","Floor_Count":1,"DATE_BUILT":1395360000000,"DATE_BUILT_YEAR":2014}},{"type":"Feature","geometry":{"type":"Polygon","coordinates":[[[-71.09048338085843,42.366213696704676],[-71.0905148142763,42.36623960275347],[-71.09069706349513,42.366295981933064],[-71.09119743047277,42.365962155823674],[-71.09104707530129,42.365837618425466],[-71.09048338085843,42.366213696704676]]]},"properties":{"FACILITY":"NE83","Address":"1 KENDALL SQ","BLDG_NAME":"BUILDING 300","Ownership":"Leased to MIT","Type":"ACADEMIC","Floor_Count":2,"DATE_BUILT":1403654400000,"DATE_BUILT_YEAR":2014}},{"type":"Feature","geometry":{"type":"Polygon","coordinates":[[[-71.0797580545088,42.36394747024943],[-71.07977029352242,42.36389307181703],[-71.07984493943258,42.36390231769917],[-71.07991394282152,42.36359586303336],[-71.07992645181481,42.36356201915629],[-71.07985610925843,42.36355103348198],[-71.07986469453004,42.363500765717035],[-71.0795238890486,42.36346423528541],[-71.07951449892208,42.363513182961555],[-71.07950753322073,42.36350915121091],[-71.07950048680186,42.36356729940106],[-71.07944404154158,42.363564404760346],[-71.07944937794902,42.36356316206822],[-71.07945557079279,42.36353316368656],[-71.07948023081231,42.36353619059266],[-71.07950116770398,42.36335858706857],[-71.07907227395653,42.363325850227525],[-71.07903787285868,42.36332997728672],[-71.07901971312836,42.36339563189563],[-71.07900366382827,42.36338860311557],[-71.07900287273893,42.36334603997131],[-71.07889041418282,42.36333086624356],[-71.07889806788283,42.36331506088832],[-71.07877516758535,42.36330651725563],[-71.07870112114955,42.36359143860613],[-71.0786506407727,42.363815719958396],[-71.07916950164366,42.36387993215471],[-71.07917468737033,42.363856819113195],[-71.07916784736862,42.363855970322504],[-71.07919495620013,42.36373543983607],[-71.07923240821634,42.36374007649688],[-71.07921950464981,42.36379996060362],[-71.07932904384317,42.36381468398632],[-71.07934313869302,42.36375381660822],[-71.07936447148113,42.36375644694649],[-71.07934708594543,42.363833683943376],[-71.07950007492381,42.363852600258134],[-71.07948684553563,42.36391149468442],[-71.07955202660511,42.36391955288209],[-71.07955027302343,42.36392731236098],[-71.07968858510523,42.3639444183073],[-71.07968980463295,42.36393901653105],[-71.0797580545088,42.36394747024943]]]},"properties":{"FACILITY":"E94","Address":"245 FIRST STREET","BLDG_NAME":"BUILDING E94","Ownership":"Leased to MIT","Type":"ACADEMIC","Floor_Count":1,"DATE_BUILT":1430697600000,"DATE_BUILT_YEAR":2015}},{"type":"Feature","geometry":{"type":"Polygon","coordinates":[[[-71.09635212985555,42.36023828624609],[-71.0962929177554,42.36016161331418],[-71.09625535341999,42.36017756960457],[-71.09631456548951,42.360254242555534],[-71.09635212985555,42.36023828624609]]]},"properties":{"FACILITY":"NW12A","Address":"138 ALBANY ST (REAR)","BLDG_NAME":"BUILDING NW12A","Ownership":"Owned by MIT","Type":"ACADEMIC","Floor_Count":1,"DATE_BUILT":1395360000000,"DATE_BUILT_YEAR":2014}},{"type":"Feature","geometry":{"type":"Polygon","coordinates":[[[-71.09966136851514,42.35995547854969],[-71.09983039668555,42.35988310293109],[-71.09984712279054,42.35990157202458],[-71.09986953312057,42.35988999036053],[-71.09985540076401,42.35987196243303],[-71.09989409928636,42.359855769438525],[-71.09990908623462,42.359872262641765],[-71.09993079215461,42.35986303547023],[-71.09991766314995,42.359843940597685],[-71.09998851413148,42.35981395446218],[-71.09967920133411,42.35963543228559],[-71.09960770958487,42.359593670216185],[-71.09957048886676,42.359628401597774],[-71.09931168438393,42.35947638500097],[-71.09911979462758,42.35955864366892],[-71.09945909339282,42.35976175783984],[-71.09941304548104,42.35980637960514],[-71.09966136851514,42.35995547854969]]]},"properties":{"FACILITY":"NW22","Address":"185  ALBANY ST","BLDG_NAME":"PLASMA SCIENCE & FUSION CENTER (NW22)","Ownership":"Owned by MIT","Type":"ACADEMIC","Floor_Count":4,"DATE_BUILT":null,"DATE_BUILT_YEAR":null}},{"type":"Feature","geometry":{"type":"Polygon","coordinates":[[[-71.10022597517975,42.35858446930716],[-71.10048242784376,42.35873537645963],[-71.10083808885426,42.35856079497349],[-71.10068506919461,42.35847124684056],[-71.10063640969227,42.35849566566107],[-71.1005987470909,42.35845426474059],[-71.1005448955921,42.35848064072454],[-71.10056150325948,42.35849900127446],[-71.10050553735283,42.35852611083365],[-71.10049009260499,42.358516974171046],[-71.10048156946361,42.358519167375555],[-71.10036710980319,42.35845200789775],[-71.10022597517975,42.35858446930716]]]},"properties":{"FACILITY":"NW32","Address":"230 ALBANY STREET","BLDG_NAME":"BUILDING NW32","Ownership":"Owned by MIT","Type":"ACADEMIC","Floor_Count":5,"DATE_BUILT":-1640995200000,"DATE_BUILT_YEAR":1918}},{"type":"Feature","geometry":{"type":"Polygon","coordinates":[[[-71.10651355400287,42.354538278413926],[-71.10620228607043,42.35469143966957],[-71.10617783919497,42.35470346934208],[-71.10636214065445,42.35490952289916],[-71.10643531580823,42.3548735142093],[-71.10646231677903,42.354859887107104],[-71.10669895557682,42.35474377882222],[-71.10680288878655,42.35469263319393],[-71.1069787593497,42.354606088202075],[-71.10685287749484,42.35446479238797],[-71.10679441767887,42.35440007509839],[-71.10651355400287,42.354538278413926]]]},"properties":{"FACILITY":"W97","Address":"345 VASSAR ST","BLDG_NAME":"BUILDING W97","Ownership":"Owned by MIT","Type":"ACADEMIC","Floor_Count":2,"DATE_BUILT":null,"DATE_BUILT_YEAR":null}},{"type":"Feature","geometry":{"type":"Polygon","coordinates":[[[-71.10491821007969,42.35970419725665],[-71.10497888419282,42.35974059995424],[-71.10515240469408,42.35958143338248],[-71.10509112205192,42.3595423755362],[-71.10516090564809,42.359481852884564],[-71.10475297448446,42.359235475151344],[-71.10469214195913,42.359289791129456],[-71.1047548924892,42.359330278492884],[-71.10431634458894,42.359732511058915],[-71.10466159294846,42.35993955553777],[-71.10491821007969,42.35970419725665]]]},"properties":{"FACILITY":"NW98","Address":"12 EMILY ST","BLDG_NAME":"BUILDING NW98","Ownership":"Leased to MIT","Type":"ACADEMIC","Floor_Count":2,"DATE_BUILT":null,"DATE_BUILT_YEAR":null}},{"type":"Feature","geometry":{"type":"Polygon","coordinates":[[[-71.09812826237474,42.358439881402596],[-71.09811601310312,42.35841963251849],[-71.09801546629016,42.35845308786096],[-71.09802771432216,42.35847333675145],[-71.09812826237474,42.358439881402596]]]},"properties":{"FACILITY":"W55","Address":"130 VASSAR ST","BLDG_NAME":"BUILDING W55","Ownership":"Owned by MIT","Type":"SERVICE","Floor_Count":2,"DATE_BUILT":null,"DATE_BUILT_YEAR":null}},{"type":"Feature","geometry":{"type":"Polygon","coordinates":[[[-71.09753588082167,42.35872030159051],[-71.09765878489894,42.3586600449641],[-71.09762933145166,42.35862700035588],[-71.09752127810471,42.35866129958292],[-71.09738829332196,42.35870351319831],[-71.09737890560746,42.358706493600074],[-71.09737369359027,42.35870814808995],[-71.09740632681473,42.358744323394895],[-71.09753588082167,42.35872030159051]]]},"properties":{"FACILITY":"W36","Address":"130 VASSAR ST","BLDG_NAME":"BUILDING W36","Ownership":"Owned by MIT","Type":"SERVICE","Floor_Count":1,"DATE_BUILT":1472601600000,"DATE_BUILT_YEAR":2016}},{"type":"Feature","geometry":{"type":"Polygon","coordinates":[[[-71.09753251659984,42.35616327740811],[-71.09749298625599,42.35609812917397],[-71.0975294517209,42.35608275201614],[-71.09749847603871,42.35603179617098],[-71.09747978941792,42.356038042695],[-71.09744871955135,42.35604844391926],[-71.097445716206,42.35604944893264],[-71.09747830402107,42.35610304468092],[-71.09744456163371,42.356114341340536],[-71.09742991812092,42.35609028026761],[-71.09741178741125,42.35609633606467],[-71.09739717755795,42.35607232912262],[-71.0973790480583,42.356078385819096],[-71.09736447463567,42.35605437900025],[-71.09734652981403,42.35606040842926],[-71.09732576941406,42.35602630930729],[-71.09725895745318,42.35604865910466],[-71.09723756415043,42.35605582881017],[-71.09722410561255,42.3560603371382],[-71.09724530567668,42.35609515174757],[-71.09728769989192,42.356164767428474],[-71.09727317088046,42.356169633929895],[-71.09729502210678,42.356205516751764],[-71.097345075991,42.356189084380055],[-71.09736771276428,42.356226278958715],[-71.09752469492088,42.35617372940119],[-71.09752074044358,42.35616721187227],[-71.09753251659984,42.35616327740811]]]},"properties":{"FACILITY":"W51D","Address":"407 MEMORIAL DR","BLDG_NAME":"BUILDING W51D","Ownership":"Owned by MIT","Type":"RESIDENTIAL","Floor_Count":6,"DATE_BUILT":null,"DATE_BUILT_YEAR":null}},{"type":"Feature","geometry":{"type":"Polygon","coordinates":[[[-71.09695046615681,42.35954359287533],[-71.09688019558274,42.359465173631456],[-71.09677132708322,42.35934369236002],[-71.09676592604632,42.35933766399683],[-71.09676552220107,42.35933722324006],[-71.09660941265024,42.35941416993521],[-71.09657148057673,42.3594328619172],[-71.09641544477229,42.35950978159911],[-71.09641470186432,42.35951016251505],[-71.09642072729115,42.35951687910552],[-71.09638275850611,42.359535598805394],[-71.09610561245282,42.35967224395364],[-71.09609991736986,42.35966588502122],[-71.09585962642718,42.35978432822701],[-71.09585665753009,42.35978579966928],[-71.09586301307026,42.3597929018719],[-71.09582522899865,42.35981153830999],[-71.09554845234243,42.35994793673474],[-71.09554172921936,42.359940421790334],[-71.09549050837273,42.35996568020153],[-71.09549723149239,42.35997319514889],[-71.0952798015713,42.36008035680488],[-71.09527182966264,42.36007146541064],[-71.09513856437393,42.360139736992565],[-71.09513552772121,42.360157479992694],[-71.09539588071158,42.360310909585046],[-71.09562731699087,42.360194686940716],[-71.09565808758711,42.36022577495331],[-71.09572155464636,42.360194797670225],[-71.0956939724696,42.360162649539845],[-71.09606349544714,42.359981847516465],[-71.0960492412062,42.359965964077354],[-71.09603524800632,42.35997288496149],[-71.09601742991114,42.3599529836168],[-71.09624766270088,42.35983949867526],[-71.09627907323917,42.359874568045576],[-71.09695046615681,42.35954359287533]]]},"properties":{"FACILITY":"W41","Address":"134 MASSACHUSETTS AVE","BLDG_NAME":"BUILDING W41","Ownership":"Owned by MIT","Type":"ACADEMIC","Floor_Count":6,"DATE_BUILT":-2345760000000,"DATE_BUILT_YEAR":1895}},{"type":"Feature","geometry":{"type":"Polygon","coordinates":[[[-71.09199912696553,42.360284358287416],[-71.09185491435086,42.3600466853467],[-71.09185165242675,42.36004576808027],[-71.09183959906257,42.36004979100819],[-71.09183858650115,42.36004812278082],[-71.09177003996615,42.360070999807384],[-71.09177018290754,42.36007123438982],[-71.09176986660702,42.3600713404015],[-71.09176915072695,42.36007016118306],[-71.09175492329541,42.360046713077566],[-71.09175436126232,42.360046900143175],[-71.09173880178409,42.36002125690471],[-71.09173936382274,42.36002106893895],[-71.09173065441077,42.36000671532841],[-71.0917233102262,42.36000916685179],[-71.09172356367054,42.36000958368487],[-71.09171428642863,42.36001267925416],[-71.0917140329843,42.360012262421044],[-71.09168519151854,42.36002188854948],[-71.09168728749015,42.36002534319632],[-71.0916820711263,42.36002706673545],[-71.09168192818541,42.36002683215289],[-71.09168224448585,42.360026726141534],[-71.0916423021207,42.35996089745977],[-71.09164228284972,42.35996087398381],[-71.09164903336288,42.359958621122125],[-71.09164473212773,42.359951531381064],[-71.09163296707959,42.35993214150146],[-71.09163290096716,42.35993204043435],[-71.09163276351407,42.35993208406047],[-71.09161961285031,42.359936473087835],[-71.09160274690814,42.359942102122794],[-71.09158587974918,42.35994773115092],[-71.09156901258713,42.3599533601766],[-71.09153859085562,42.359963513627356],[-71.09154159202599,42.359968528991295],[-71.09148250276994,42.35998824971132],[-71.09134314433912,42.360034759596026],[-71.09123688270513,42.360070222467826],[-71.09105993907312,42.360129275385276],[-71.09108908171471,42.36017730497507],[-71.09108915733975,42.360177436686094],[-71.09108157102392,42.360179968333654],[-71.0910791039301,42.36017590286078],[-71.09107569519733,42.36017704040959],[-71.09107613841228,42.36017777031906],[-71.09103458640848,42.36019163736547],[-71.09103465006919,42.36019174202531],[-71.09099870384766,42.360203738386026],[-71.09100699033273,42.36021739462464],[-71.09090693668293,42.36025108589321],[-71.09084821600096,42.36027061763788],[-71.09090380102754,42.3603622279858],[-71.09093979000295,42.36042154277453],[-71.09093359658682,42.36042361031604],[-71.09093392220888,42.36042412823998],[-71.0909342381024,42.360424648830126],[-71.09094093191548,42.36043568136846],[-71.09096243669775,42.360471123893475],[-71.09097693178187,42.3604950132885],[-71.09098352490625,42.360505850103465],[-71.09105726074843,42.36048124183581],[-71.09110790293579,42.360464340716675],[-71.09110755581702,42.360463767799295],[-71.09110959352674,42.36046308722333],[-71.09110766452787,42.36045990774792],[-71.09109253872418,42.36043480523859],[-71.09120791524322,42.360396319319165],[-71.09121960495264,42.360392420305],[-71.09122078565564,42.36039436642423],[-71.09126540864027,42.360467910249575],[-71.09131322674526,42.360546717693815],[-71.09134039149335,42.36059148924338],[-71.09146065633347,42.360551352205725],[-71.0915388591728,42.36052525331473],[-71.0915737178913,42.36051361934128],[-71.09168379150002,42.36047688318093],[-71.09176870579061,42.36044854373517],[-71.09176881041742,42.36044850809499],[-71.09177184690157,42.36045351277413],[-71.09178231885247,42.36045001721124],[-71.09179918491408,42.360444388150576],[-71.091832919456,42.360433130030536],[-71.09186039735006,42.36042395907385],[-71.09185756986383,42.360419298148685],[-71.0918573620626,42.36041895620188],[-71.09186089367003,42.360417776752456],[-71.09191454043405,42.36039987221621],[-71.09190985956964,42.360392158139234],[-71.09195532266828,42.36037698573086],[-71.09196000353717,42.360384699806],[-71.09201685824435,42.360365724456464],[-71.09203729965047,42.360358902557486],[-71.09201656183711,42.36032472515999],[-71.09200025867406,42.36029785672903],[-71.09199264318309,42.36030039823616],[-71.0919857678262,42.360289067119666],[-71.09199756696722,42.360285129702376],[-71.09199912696553,42.360284358287416]]]},"properties":{"FACILITY":"12","Address":"60 VASSAR ST","BLDG_NAME":"SU BUILDING","Ownership":"Owned by MIT","Type":"ACADEMIC","Floor_Count":7,"DATE_BUILT":1527811200000,"DATE_BUILT_YEAR":2018}},{"type":"Feature","geometry":{"type":"Polygon","coordinates":[[[-71.09835450153255,42.35695312894148],[-71.0983425395467,42.356933549992064],[-71.09832175780882,42.35694053477426],[-71.09833371978954,42.356960113725776],[-71.09835450153255,42.35695312894148]]]},"properties":{"FACILITY":"W53G","Address":"410  MEMORIAL DR (REAR)","BLDG_NAME":"BUILDING W53G","Ownership":"Owned by MIT","Type":"SERVICE","Floor_Count":1,"DATE_BUILT":null,"DATE_BUILT_YEAR":null}},{"type":"Feature","geometry":{"type":"Polygon","coordinates":[[[-71.09834275559005,42.356931450372294],[-71.09831857694635,42.35689187654672],[-71.09827729570627,42.35690575075377],[-71.09830147432942,42.35694532458791],[-71.09834275559005,42.356931450372294]]]},"properties":{"FACILITY":"W53F","Address":"410  MEMORIAL DR (REAR)","BLDG_NAME":"BUILDING W53F","Ownership":"Owned by MIT","Type":"SERVICE","Floor_Count":1,"DATE_BUILT":null,"DATE_BUILT_YEAR":null}},{"type":"Feature","geometry":{"type":"Polygon","coordinates":[[[-71.09683086024424,42.35675749177901],[-71.09681835534245,42.35673709150199],[-71.09679758551847,42.35674409495729],[-71.09681009041496,42.356764495236526],[-71.09683086024424,42.35675749177901]]]},"properties":{"FACILITY":"W53E","Address":"410  MEMORIAL DR (REAR)","BLDG_NAME":"BUILDING W53E","Ownership":"Owned by MIT","Type":"SERVICE","Floor_Count":1,"DATE_BUILT":null,"DATE_BUILT_YEAR":null}},{"type":"Feature","geometry":{"type":"Polygon","coordinates":[[[-71.09821069034987,42.356815588200575],[-71.0981895267542,42.35678102598577],[-71.09815499786644,42.35679265681306],[-71.09817616144723,42.356827219034116],[-71.09821069034987,42.356815588200575]]]},"properties":{"FACILITY":"W53D","Address":"410  MEMORIAL DR (REAR)","BLDG_NAME":"CARR INDOOR TENNIS FACILITY(SVC)","Ownership":"Owned by MIT","Type":"SERVICE","Floor_Count":1,"DATE_BUILT":null,"DATE_BUILT_YEAR":null}},{"type":"Feature","geometry":{"type":"Polygon","coordinates":[[[-71.09815792226958,42.356652734200544],[-71.09812340066036,42.35666437584737],[-71.09816134121554,42.35672618722863],[-71.09819585564868,42.35671453294135],[-71.09815792226958,42.356652734200544]]]},"properties":{"FACILITY":"W53C","Address":"410  MEMORIAL DR (REAR)","BLDG_NAME":"BUILDING W53C","Ownership":"Owned by MIT","Type":"SERVICE","Floor_Count":1,"DATE_BUILT":1222819200000,"DATE_BUILT_YEAR":2008}},{"type":"Feature","geometry":{"type":"Polygon","coordinates":[[[-71.10386574095932,42.35475570802306],[-71.10382757700746,42.35469262473345],[-71.10368983489292,42.35473846730898],[-71.1037257907663,42.35479768349556],[-71.10383902438673,42.3547600832255],[-71.10384128654538,42.35476382631818],[-71.10386574095932,42.35475570802306]]]},"properties":{"FACILITY":"W83","Address":"11 AUDREY ST","BLDG_NAME":"BUILDING W83","Ownership":"Owned by MIT","Type":"SERVICE","Floor_Count":1,"DATE_BUILT":1490918400000,"DATE_BUILT_YEAR":2017}},{"type":"Feature","geometry":{"type":"Polygon","coordinates":[[[-71.10171780154589,42.35805570941435],[-71.10186562354808,42.357982710882226],[-71.10174259645997,42.357845666108794],[-71.10159477464171,42.357918663584755],[-71.10171780154589,42.35805570941435]]]},"properties":{"FACILITY":"NW38","Address":"250 ALBANY ST","BLDG_NAME":"BUILDING NW38","Ownership":"Owned by MIT","Type":"SERVICE","Floor_Count":1,"DATE_BUILT":1339977600000,"DATE_BUILT_YEAR":2012}},{"type":"Feature","geometry":{"type":"Polygon","coordinates":[[[-71.1016203403186,42.35810383798809],[-71.10149670717186,42.35796612284069],[-71.10145975251697,42.35798437237635],[-71.10158338440505,42.35812208755869],[-71.1016203403186,42.35810383798809]]]},"properties":{"FACILITY":"NW38A","Address":"250 ALBANY ST","BLDG_NAME":"BUILDING NW38A","Ownership":"Owned by MIT","Type":"SERVICE","Floor_Count":1,"DATE_BUILT":1520553600000,"DATE_BUILT_YEAR":2018}},{"type":"Feature","geometry":{"type":"Polygon","coordinates":[[[-71.08766838233748,42.36465873415739],[-71.08767537466815,42.36464965371133],[-71.08772994075407,42.36457878957855],[-71.08773460433916,42.36457273295169],[-71.08789305303586,42.364366957465194],[-71.0876063446005,42.36424554420949],[-71.08758995123024,42.36423860182708],[-71.08741399723179,42.36416408864035],[-71.08731789999821,42.36412339386872],[-71.08730533715466,42.364118074904496],[-71.08730400627475,42.36411980318377],[-71.0873014975636,42.36412306042748],[-71.08712806494303,42.36434829237249],[-71.0870806646293,42.36440985046492],[-71.08734772999362,42.364522947016276],[-71.08757525634556,42.36461929805945],[-71.08761178178894,42.364634765431106],[-71.08763767648651,42.36464573105011],[-71.08766838233748,42.36465873415739]]]},"properties":{"FACILITY":"NE36","Address":"BUILDING NE36","BLDG_NAME":"BUILDING NE36","Ownership":"Leased to MIT","Type":"ACADEMIC","Floor_Count":2,"DATE_BUILT":null,"DATE_BUILT_YEAR":null}},{"type":"Feature","geometry":{"type":"Polygon","coordinates":[[[-71.09315867623971,42.36160882455727],[-71.09342732953873,42.36191099393014],[-71.09398435197951,42.36163441607967],[-71.09385797516748,42.36150636391003],[-71.09399494149118,42.36143690589826],[-71.09395705078376,42.36139475477633],[-71.09382235324094,42.361462150993034],[-71.09368490985295,42.361311013060345],[-71.09358715908289,42.36119802810111],[-71.09346247266977,42.36125940933679],[-71.09358549905278,42.36140123802963],[-71.09315867623971,42.36160882455727]]]},"properties":{"FACILITY":"42C","Address":"37 ALBANY ST","BLDG_NAME":"BUILDING 42C","Ownership":"Owned by MIT","Type":"SERVICE","Floor_Count":5,"DATE_BUILT":1577664000000,"DATE_BUILT_YEAR":2019}},{"type":"Feature","geometry":{"type":"Polygon","coordinates":[[[-71.09857600182832,42.35846883997144],[-71.0984066505455,42.35855232579645],[-71.09838688741782,42.35854008127923],[-71.09813285601533,42.358665310840664],[-71.09813499507496,42.35866699915412],[-71.09821273152654,42.35871238062458],[-71.09817007351192,42.35873393574616],[-71.09814881994191,42.35879217048096],[-71.09806891458966,42.35883156067152],[-71.09805947111187,42.35882153986536],[-71.09800044191785,42.35885063884399],[-71.09795697853643,42.35887206503099],[-71.09795154139218,42.35886674062259],[-71.0979107949704,42.35882127493972],[-71.0978140277431,42.35882623477897],[-71.09780555479468,42.35882757628798],[-71.09779958264765,42.3588300320966],[-71.09766830031896,42.35889445850875],[-71.09767050119497,42.35889692399608],[-71.0977311544576,42.35896465691191],[-71.09772924741438,42.35896504276734],[-71.09768872021421,42.358958989709585],[-71.09765840629296,42.35898448787247],[-71.0976802492647,42.35900887658056],[-71.09764550926839,42.35902600997967],[-71.09764689394079,42.359027595730836],[-71.09765850891424,42.359040307027385],[-71.09756973332765,42.35908404214222],[-71.09739886069573,42.35907365166441],[-71.09731664664655,42.359068650821364],[-71.09721825939523,42.35911826510704],[-71.09721598469628,42.35911729113084],[-71.09721382450927,42.359120066357505],[-71.09735310050723,42.35917971922138],[-71.09734087596574,42.35919603196547],[-71.0972702889353,42.359231564078435],[-71.09732552593573,42.35932099949988],[-71.09780245944802,42.35908589338607],[-71.09781483586751,42.35909970388096],[-71.09784681979792,42.359083799590906],[-71.09783433046867,42.35907018226664],[-71.09824087851226,42.35886976928638],[-71.09843325990254,42.35877493135799],[-71.0989559713578,42.35851724800476],[-71.09890538395588,42.35846080264529],[-71.09887286204842,42.35847683499511],[-71.09885361864339,42.358455362611174],[-71.09857600182832,42.35846883997144]]]},"properties":{"FACILITY":"W46","Address":"189 VASSAR ST","BLDG_NAME":"NEW VASSAR RESIDENCE HALL","Ownership":"Owned by MIT","Type":"RESIDENTIAL","Floor_Count":6,"DATE_BUILT":1594771200000,"DATE_BUILT_YEAR":2020}},{"type":"Feature","geometry":{"type":"Polygon","coordinates":[[[-71.08604838458577,42.36229712349114],[-71.08608149399477,42.362051110054765],[-71.08604150758119,42.36204835710485],[-71.08604569684559,42.362016460552596],[-71.08608429368138,42.36201729538694],[-71.08605852553411,42.36189165739821],[-71.08604004916617,42.36179948236614],[-71.08584452531196,42.36178504455483],[-71.08581576887468,42.36178290634796],[-71.08577764536267,42.36178044270488],[-71.08577654742507,42.36178033881853],[-71.08577657655404,42.36177996890478],[-71.08577469322603,42.361779860389255],[-71.08577476132503,42.36177910079085],[-71.0857713649186,42.36177888419288],[-71.0857709618618,42.36178185459419],[-71.08576597725857,42.361818583724535],[-71.08576407935821,42.361832564674074],[-71.08575920783666,42.361832188813494],[-71.08575901730674,42.361833662800095],[-71.08575101529658,42.361892750534004],[-71.08575047275053,42.361897371562165],[-71.08575265601523,42.361971801787156],[-71.08573532025348,42.361970226861885],[-71.08573458504878,42.36197590503509],[-71.08556495008624,42.36196338938379],[-71.08540417039231,42.361951510397674],[-71.08531427293303,42.361944832064424],[-71.0853125647265,42.36195800793206],[-71.08529784953359,42.361956857422484],[-71.08526030929112,42.362233135879436],[-71.08535720329797,42.36224479286488],[-71.0854112828312,42.3622502842161],[-71.08545301482913,42.36225399077993],[-71.0855047878184,42.36225782264421],[-71.08565958871459,42.362269280219174],[-71.08566090430317,42.362260806040666],[-71.08567785074547,42.362262152701604],[-71.08567678476021,42.36226958704582],[-71.08568904469804,42.36227029202211],[-71.08604838458577,42.36229712349114]]]},"properties":{"FACILITY":"E38","Address":"292 MAIN ST","BLDG_NAME":"MIT WELCOME CENTER","Ownership":"Owned by MIT","Type":"ACADEMIC","Floor_Count":8,"DATE_BUILT":1598486400000,"DATE_BUILT_YEAR":2020}},{"type":"Feature","geometry":{"type":"Polygon","coordinates":[[[-71.0857713649186,42.36177888419288],[-71.08577476132503,42.36177910079085],[-71.08577469322603,42.361779860389255],[-71.08577657655404,42.36177996890478],[-71.0857772377598,42.36178002890462],[-71.08575990350427,42.36172150622718],[-71.08575819080643,42.36172036749536],[-71.08564851132009,42.361738883873066],[-71.08565074777277,42.36161966039451],[-71.08555029711592,42.36161848820157],[-71.08545110114109,42.36160498648767],[-71.08542923182279,42.36169114991824],[-71.08542877218764,42.3616946008687],[-71.08533634429857,42.36168769555995],[-71.08533379386117,42.36170694714153],[-71.08532980476842,42.361736774629264],[-71.08532196480121,42.36179497253468],[-71.08531560145225,42.36184254245315],[-71.08531314742464,42.36186134423689],[-71.0853223266691,42.3618619913299],[-71.0853223317803,42.36186176717642],[-71.08536491520651,42.36186499428861],[-71.08538460555009,42.36186644991711],[-71.08538354422002,42.36187409584398],[-71.08538189163505,42.36192046015518],[-71.08536975611996,42.36222581592124],[-71.08546861033747,42.3622280754647],[-71.08556509051148,42.36224045911683],[-71.08564646024989,42.361887626681224],[-71.08564619778147,42.3618858125543],[-71.08573196388345,42.361892158845905],[-71.0857509266195,42.36189350105535],[-71.08575901730674,42.361833662800095],[-71.08575920783666,42.361832188813494],[-71.08576407935821,42.361832564674074],[-71.0857713649186,42.36177888419288]]]},"properties":{"FACILITY":"E37","Address":"45 HAYWARD ST","BLDG_NAME":"BUILDING E37","Ownership":"Owned by MIT","Type":"RESIDENTIAL","Floor_Count":30,"DATE_BUILT":1598486400000,"DATE_BUILT_YEAR":2020}},{"type":"Feature","geometry":{"type":"Polygon","coordinates":[[[-71.08636968667436,42.36232304189632],[-71.08699366636534,42.36236756091004],[-71.08704576751116,42.36195798256143],[-71.08635198471929,42.36190777233913],[-71.08636166180428,42.36210370454187],[-71.0863020319185,42.36228553922336],[-71.08637225476234,42.3622895360904],[-71.08636968667436,42.36232304189632]]]},"properties":{"FACILITY":"E28","Address":"314 MAIN ST","BLDG_NAME":"MIT MUSEUM","Ownership":"Leased to MIT","Type":"ACADEMIC","Floor_Count":4,"DATE_BUILT":1612483200000,"DATE_BUILT_YEAR":2021}},{"type":"Feature","geometry":{"type":"Polygon","coordinates":[[[-71.09575726543063,42.36287403961017],[-71.09577380473334,42.36275412536533],[-71.09540591639198,42.36272281800506],[-71.09539615549751,42.36279959714021],[-71.09539088205572,42.36284229905435],[-71.095385316374,42.36284186714285],[-71.09536099295767,42.36301520674331],[-71.09573322240648,42.36304393306764],[-71.09574925077763,42.36292970865507],[-71.09575726543063,42.36287403961017]]]},"properties":{"FACILITY":"N47","Address":"730 MAIN STREET","BLDG_NAME":"BUILDING N47","Ownership":"Leased to MIT","Type":"ACADEMIC","Floor_Count":1,"DATE_BUILT":null,"DATE_BUILT_YEAR":null}},{"type":"Feature","geometry":{"type":"Polygon","coordinates":[[[-71.09285514572947,42.3617185516428],[-71.09259702866336,42.36142967317672],[-71.09235885535698,42.36154747646449],[-71.09238031326869,42.36157059359731],[-71.09222111515192,42.36164947701519],[-71.09219739987056,42.36162703156675],[-71.09196178893572,42.3617431379716],[-71.09207990624428,42.36187516201668],[-71.09198868263451,42.361922305236604],[-71.09204240289098,42.36198091370742],[-71.09213335713271,42.36193564028929],[-71.09222017845566,42.36203149574727],[-71.09285514572947,42.3617185516428]]]},"properties":{"FACILITY":"45","Address":"51 VASSAR ST","BLDG_NAME":"SCHWARZMAN COLLEGE OF COMPUTING","Ownership":"Owned by MIT","Type":"ACADEMIC","Floor_Count":10,"DATE_BUILT":1688169600000,"DATE_BUILT_YEAR":2023}},{"type":"Feature","geometry":{"type":"Polygon","coordinates":[[[-71.08960140896994,42.36042955161584],[-71.08955367967071,42.36035143068715],[-71.08954795042156,42.360355667706095],[-71.08950740304007,42.36036879324832],[-71.08949942856111,42.360355740307845],[-71.089235947051,42.36044380482082],[-71.0892441872541,42.36045724405212],[-71.08920416608439,42.36047119423086],[-71.08919609335638,42.36047159573424],[-71.08924371227336,42.360549088915015],[-71.08960140896994,42.36042955161584]]]},"properties":{"FACILITY":"55","Address":"21  AMES ST","BLDG_NAME":"MOGHADAM BUILDING","Ownership":"Owned by MIT","Type":"ACADEMIC","Floor_Count":2,"DATE_BUILT":1702857600000,"DATE_BUILT_YEAR":2023}},{"type":"Feature","geometry":{"type":"Polygon","coordinates":[[[-71.08263282108359,42.36710571788345],[-71.08275306979941,42.36712044081887],[-71.08275837062706,42.367120394326655],[-71.08277592399793,42.36704685047238],[-71.08279628778288,42.366961534741954],[-71.08289603940835,42.36697462748383],[-71.08293702965403,42.36680294358973],[-71.08293909130839,42.366794256985806],[-71.0829866899411,42.36659246259445],[-71.08280562406411,42.366568694702266],[-71.08281528770604,42.366528210496746],[-71.082726720509,42.3665165852126],[-71.08272637664251,42.36651883828597],[-71.08271638250278,42.366558804520025],[-71.08265505306044,42.366551087111056],[-71.08253492914,42.36653564969167],[-71.08250145160453,42.36667220988646],[-71.0824318947424,42.36697249687819],[-71.08243505822036,42.36697291259186],[-71.08241039758319,42.36707622831903],[-71.08240987442048,42.36707842132129],[-71.08261656115874,42.36710372776463],[-71.08263282108359,42.36710571788345]]]},"properties":{"FACILITY":"NE106","Address":"101 ROGERS ST","BLDG_NAME":"101 ROGERS STREET","Ownership":"Leased to MIT","Type":"ACADEMIC","Floor_Count":1,"DATE_BUILT":null,"DATE_BUILT_YEAR":null}},{"type":"Feature","geometry":{"type":"Polygon","coordinates":[[[-71.09592484957577,42.35759332110766],[-71.09596164121281,42.35754512465738],[-71.09592280058921,42.35753098599952],[-71.09592797985661,42.35752471827364],[-71.09593205219446,42.357517680854855],[-71.09593490563086,42.35751006724209],[-71.09593646170852,42.35750208677713],[-71.09593667764194,42.35749395888864],[-71.09593554749391,42.35748590705879],[-71.09593310233863,42.35747815267845],[-71.09592940940743,42.35747090895995],[-71.09592457024014,42.35746437507455],[-71.09591871789314,42.35745873067615],[-71.09591201328095,42.357454130961585],[-71.09590464075175,42.35745070240333],[-71.09589680301855,42.35744853927206],[-71.0958887155855,42.35744770104465],[-71.09588060082241,42.357448210768766],[-71.09587268185058,42.35745005442917],[-71.09586517640786,42.35745318133309],[-71.09585829086183,42.35745750550405],[-71.09584627108028,42.35744312281839],[-71.09583197523601,42.35743099988012],[-71.09581582190233,42.35742149164123],[-71.09579828403866,42.35741487649696],[-71.09577987514261,42.357411348134555],[-71.09576113421501,42.35741100986224],[-71.0957426099784,42.35741387158442],[-71.09572484481076,42.35741984951167],[-71.09570835886498,42.35742876861406],[-71.09569363483917,42.35744036774588],[-71.09567676507918,42.35743346083923],[-71.09551740489633,42.35764058814272],[-71.09566965235567,42.357703833140846],[-71.09565155435705,42.357781966812595],[-71.09561625427696,42.35777602862878],[-71.09560691996083,42.35780940192999],[-71.09560143053851,42.357806864673535],[-71.09559559444854,42.35780527990804],[-71.09558957564681,42.35780469215505],[-71.09558354322222,42.357805117926546],[-71.09557766664638,42.35780654526116],[-71.09557211101254,42.35780893406014],[-71.09556703239764,42.357812217213876],[-71.09556257347747,42.357816302487265],[-71.09555885951846,42.35782107511089],[-71.09555599485854,42.35782640100531],[-71.09555405997588,42.35783213054778],[-71.095553109228,42.35783810277569],[-71.09555316932469,42.35784414990858],[-71.09555423857762,42.35785010206163],[-71.0955562869478,42.35785579201835],[-71.09555925688943,42.35786105992822],[-71.09556306496663,42.357865757797505],[-71.09556760419737,42.35786975364686],[-71.09557274705902,42.357872935219085],[-71.09557834907086,42.357875213132864],[-71.09558425285306,42.357876523393735],[-71.09557590628236,42.3579184898222],[-71.09575646602775,42.357944424550915],[-71.095772506836,42.35788408594897],[-71.09590508554673,42.357885200976305],[-71.09595406301223,42.357962877132756],[-71.0961578590451,42.35789485678425],[-71.09605556909096,42.357730195711916],[-71.09604200368507,42.35773445234551],[-71.09592484957577,42.35759332110766]]]},"properties":{"FACILITY":"W18","Address":"201 AMHERST ST","BLDG_NAME":"LINDE MUSIC BUILDING","Ownership":"Owned by MIT","Type":"ACADEMIC","Floor_Count":5,"DATE_BUILT":1722816000000,"DATE_BUILT_YEAR":2024}},{"type":"Feature","geometry":{"type":"Polygon","coordinates":[[[-71.10373907094571,42.35590365245583],[-71.10375066584692,42.355918896487715],[-71.10372602104368,42.35593233751038],[-71.10379285927269,42.35600386348483],[-71.10386495994766,42.35608405932244],[-71.10454614534866,42.35574715683911],[-71.1045299704944,42.355728228460386],[-71.10484245912974,42.355575240682384],[-71.1049838670436,42.355333395702154],[-71.10495327385581,42.355298427821474],[-71.1043802198047,42.35558185577779],[-71.10444579235298,42.355659016433094],[-71.10434263550611,42.35570909666103],[-71.10429128917156,42.355651514868484],[-71.10382421112179,42.35588565462064],[-71.1038069660848,42.355868821026974],[-71.10373907094571,42.35590365245583]]]},"properties":{"FACILITY":"W88","Address":"299 VASSAR ST","BLDG_NAME":"GRADUATE JUNCTION","Ownership":"Owned by MIT","Type":"RESIDENTIAL","Floor_Count":0,"DATE_BUILT":1722816000000,"DATE_BUILT_YEAR":2024}},{"type":"Feature","geometry":{"type":"Polygon","coordinates":[[[-71.10235781246223,42.356816602396925],[-71.10280980382119,42.356596198124045],[-71.10280347121397,42.356589623950335],[-71.1028261678172,42.35657683270805],[-71.10283250041982,42.356583407780796],[-71.10345856200533,42.35627534576684],[-71.10331981943187,42.356120083309136],[-71.10271236336406,42.35642019537996],[-71.10273574745673,42.356447144382216],[-71.10261680775015,42.35650596706464],[-71.10259517773407,42.356481908625454],[-71.10235071450712,42.35660195619037],[-71.10235825013831,42.356609857973524],[-71.10234360897391,42.356616778285215],[-71.1023365152746,42.35660847560016],[-71.10220007492721,42.35667636896599],[-71.10227285675282,42.35676155034878],[-71.1022983792086,42.35674955493566],[-71.10235781246223,42.356816602396925]]]},"properties":{"FACILITY":"W87","Address":"269 VASSAR ST","BLDG_NAME":"GRADUATE JUNCTION","Ownership":"Owned by MIT","Type":"RESIDENTIAL","Floor_Count":0,"DATE_BUILT":1722816000000,"DATE_BUILT_YEAR":2024}},{"type":"Feature","geometry":{"type":"Polygon","coordinates":[[[-71.08189260818838,42.361845790432966],[-71.08190029090818,42.36178908755871],[-71.081866973221,42.36178575330455],[-71.08187648260439,42.361717897991134],[-71.08187681440744,42.36171379748119],[-71.08187744665383,42.361708504280436],[-71.08187855126678,42.361700434505345],[-71.08183768597948,42.36163254639633],[-71.08171445192914,42.36143019497525],[-71.08169482888599,42.36143676863949],[-71.0816782918348,42.36141009054845],[-71.0816163054167,42.36130847452911],[-71.08161335782411,42.36130299275027],[-71.08150799892252,42.361338283380945],[-71.08147807879821,42.36128915377096],[-71.0813358090343,42.36133617302952],[-71.08119392684921,42.36138310979682],[-71.08105095632182,42.36143194653614],[-71.08107080799898,42.36146454718892],[-71.08071498037697,42.36158373261584],[-71.08070671580842,42.361644730375296],[-71.08069532541379,42.361728790243205],[-71.0807134005762,42.36173013725028],[-71.08073936245933,42.36173207298439],[-71.08075306123804,42.36175633439114],[-71.08106999261105,42.361779954152844],[-71.0810691553478,42.361786132486884],[-71.08115239317918,42.36179233614274],[-71.08115306707168,42.36178736270004],[-71.08123367559553,42.36179337036188],[-71.08123298768278,42.36179844548663],[-71.08131646579409,42.361804666103694],[-71.08131728770971,42.36179860204879],[-71.0817090441036,42.36182779601252],[-71.08170846593539,42.36183206848134],[-71.08189260818838,42.361845790432966]]]},"properties":{"FACILITY":"E66","Address":"1 MEMORIAL DRIVE","BLDG_NAME":"1 MEMORIAL DRIVE","Ownership":"Leased to MIT","Type":"ACADEMIC","Floor_Count":0,"DATE_BUILT":null,"DATE_BUILT_YEAR":null}},{"type":"Feature","geometry":{"type":"Polygon","coordinates":[[[-71.0898059805312,42.361335448743404],[-71.08981979343466,42.36132784195293],[-71.08982922019524,42.36131783195307],[-71.0898322571781,42.36130008909334],[-71.08982708720026,42.36128714611267],[-71.08980731106894,42.361272724081935],[-71.08977798598255,42.36127012208873],[-71.08975596215106,42.361277151310595],[-71.08974180145037,42.361292714503584],[-71.0897419231242,42.3613140094633],[-71.08975385215355,42.36132884195541],[-71.08978357903108,42.36133800308968],[-71.0898059805312,42.361335448743404]]]},"properties":{"FACILITY":null,"Address":null,"BLDG_NAME":null,"Ownership":null,"Type":null,"Floor_Count":null,"DATE_BUILT":null,"DATE_BUILT_YEAR":null}},{"type":"Feature","geometry":{"type":"Polygon","coordinates":[[[-71.0907511569775,42.361095571412186],[-71.09074878241172,42.3610620029056],[-71.09072491177464,42.36106293348827],[-71.09072728511389,42.36109650199102],[-71.0907511569775,42.361095571412186]]]},"properties":{"FACILITY":null,"Address":null,"BLDG_NAME":null,"Ownership":null,"Type":null,"Floor_Count":null,"DATE_BUILT":null,"DATE_BUILT_YEAR":null}},{"type":"Feature","geometry":{"type":"Polygon","coordinates":[[[-71.09662403466592,42.36006475801938],[-71.09663170384707,42.36004557636248],[-71.09661515292953,42.360024141862986],[-71.09658204716513,42.36001691886538],[-71.09655626282319,42.360027915471534],[-71.09654708205998,42.360051893959685],[-71.09656145303191,42.36007290848979],[-71.09659056516972,42.36007973396222],[-71.09662403466592,42.36006475801938]]]},"properties":{"FACILITY":null,"Address":null,"BLDG_NAME":null,"Ownership":null,"Type":null,"Floor_Count":null,"DATE_BUILT":null,"DATE_BUILT_YEAR":null}},{"type":"Feature","geometry":{"type":"Polygon","coordinates":[[[-71.08692132917787,42.35985924069553],[-71.08688357341455,42.35979821943557],[-71.08684137656297,42.35981258051406],[-71.08687913230004,42.359873600887454],[-71.08692132917787,42.35985924069553]]]},"properties":{"FACILITY":null,"Address":null,"BLDG_NAME":null,"Ownership":null,"Type":null,"Floor_Count":null,"DATE_BUILT":null,"DATE_BUILT_YEAR":null}},{"type":"Feature","geometry":{"type":"Polygon","coordinates":[[[-71.09872845667658,42.36017944754859],[-71.09861168420062,42.360109286624805],[-71.09852570619866,42.360189498413845],[-71.09864319760227,42.36026057842589],[-71.09872845667658,42.36017944754859]]]},"properties":{"FACILITY":null,"Address":null,"BLDG_NAME":null,"Ownership":null,"Type":null,"Floor_Count":null,"DATE_BUILT":null,"DATE_BUILT_YEAR":null}},{"type":"Feature","geometry":{"type":"Polygon","coordinates":[[[-71.08330250304138,42.361460300693594],[-71.08329696054416,42.36145158832348],[-71.0833111526021,42.36144662333265],[-71.08327400246893,42.361388215732795],[-71.08316286601557,42.361424797762425],[-71.08317053991884,42.3614368633374],[-71.08315563362757,42.361442077803105],[-71.0831918477353,42.3614990118769],[-71.08330250304138,42.361460300693594]]]},"properties":{"FACILITY":null,"Address":null,"BLDG_NAME":null,"Ownership":null,"Type":null,"Floor_Count":null,"DATE_BUILT":null,"DATE_BUILT_YEAR":null}},{"type":"Feature","geometry":{"type":"Polygon","coordinates":[[[-71.09306741625475,42.361310624185386],[-71.09303960436674,42.36127903008859],[-71.09296524757525,42.361315032376176],[-71.09299305944202,42.36134662649067],[-71.09306741625475,42.361310624185386]]]},"properties":{"FACILITY":null,"Address":null,"BLDG_NAME":null,"Ownership":null,"Type":null,"Floor_Count":null,"DATE_BUILT":null,"DATE_BUILT_YEAR":null}},{"type":"Feature","geometry":{"type":"Polygon","coordinates":[[[-71.10103473469412,42.35492900866414],[-71.10110893859603,42.354904165107584],[-71.10101835004534,42.35475531212114],[-71.10094414628243,42.354780155620034],[-71.10103473469412,42.35492900866414]]]},"properties":{"FACILITY":null,"Address":null,"BLDG_NAME":null,"Ownership":null,"Type":null,"Floor_Count":null,"DATE_BUILT":null,"DATE_BUILT_YEAR":null}},{"type":"Feature","geometry":{"type":"Polygon","coordinates":[[[-71.09400692435882,42.35756057684128],[-71.09411068961802,42.3577309158894],[-71.0941721770085,42.35771043073431],[-71.09406873713183,42.35753987141872],[-71.09400692435882,42.35756057684128]]]},"properties":{"FACILITY":null,"Address":null,"BLDG_NAME":null,"Ownership":null,"Type":null,"Floor_Count":null,"DATE_BUILT":null,"DATE_BUILT_YEAR":null}},{"type":"Feature","geometry":{"type":"Polygon","coordinates":[[[-71.0962010451914,42.35809409471434],[-71.09626037204804,42.3580742940821],[-71.09624579866488,42.358050275428695],[-71.09618619933342,42.35807016782649],[-71.0962010451914,42.35809409471434]]]},"properties":{"FACILITY":null,"Address":null,"BLDG_NAME":null,"Ownership":null,"Type":null,"Floor_Count":null,"DATE_BUILT":null,"DATE_BUILT_YEAR":null}},{"type":"Feature","geometry":{"type":"Polygon","coordinates":[[[-71.08390474782517,42.362036101899456],[-71.08390299541509,42.36204654070936],[-71.08411636547855,42.36206178188779],[-71.0841675466713,42.36168543828367],[-71.08414227435819,42.36168348240954],[-71.08415078276904,42.361613695777855],[-71.08417898613284,42.36161555601328],[-71.0841913063298,42.36152378190092],[-71.08371941538532,42.361488457195485],[-71.08370291202385,42.36161239874377],[-71.0833936806251,42.36159061380619],[-71.0833478687295,42.36193604171909],[-71.08364929958523,42.36196006816205],[-71.08364124504536,42.362027756923105],[-71.08380178710637,42.36203957179299],[-71.08380296384777,42.362027883101256],[-71.08390474782517,42.362036101899456]]]},"properties":{"FACILITY":"Site 2","Address":null,"BLDG_NAME":null,"Ownership":null,"Type":null,"Floor_Count":null,"DATE_BUILT":null,"DATE_BUILT_YEAR":null}}],"metadata":{"source":"MIT Department of Facilities public GIS","source_url":"https://maps.mit.edu/pub/rest/services/demos/Map/MapServer/24","retrieved_at":"2026-08-31T20:38:20.013589+00:00"}}
