wikipedia_page_id,wikipedia_title,wikipedia_url,latitude,longitude,match_method,match_distance_meters,candidate_count,candidate_bldgids,matched_bldgid,confidence_status,decision_status,review_reason,previous_title,previous_latitude,previous_longitude
5685,"Cambridge, Massachusetts","https://en.wikipedia.org/wiki/Cambridge,_Massachusetts",42.37361111111111,-71.11055555555555,nearest,21.19,1,328-8,328-8,ambiguous,rejected,Preserved human rejected decision.,,42.37361111111111,-71.11055555555555
18879,Massachusetts Institute of Technology,https://en.wikipedia.org/wiki/Massachusetts_Institute_of_Technology,42.3597,-71.0919,contained,0.00,1,668-10,668-10,strong,rejected,Preserved human rejected decision.,,42.3597,-71.0919
33149,World Wide Web Consortium,https://en.wikipedia.org/wiki/World_Wide_Web_Consortium,42.36194444444445,-71.09055555555555,contained,0.00,1,668-32,668-32,strong,rejected,Preserved human rejected decision.,,42.36194444444445,-71.09055555555555
78027,Whirlwind I,https://en.wikipedia.org/wiki/Whirlwind_I,42.361666666666665,-71.09666666666666,contained,0.00,1,673-2,673-2,strong,rejected,Preserved human rejected decision.,,42.361666666666665,-71.09666666666666
102602,Harvard Bridge,https://en.wikipedia.org/wiki/Harvard_Bridge,42.35457,-71.09132,none,,0,,,unmatched,rejected,Preserved human rejected decision.,,42.35457,-71.09132
145664,Stata Center,https://en.wikipedia.org/wiki/Stata_Center,42.36164,-71.090255,contained,0.00,1,668-32,668-32,strong,approved,Preserved human approved decision.,,42.36164,-71.090255
152738,Infinite Corridor,https://en.wikipedia.org/wiki/Infinite_Corridor,42.3594,-71.0925,contained,0.00,1,668-3,668-3,strong,rejected,Preserved human rejected decision.,,42.3594,-71.0925
206795,The Rowland Institute at Harvard,https://en.wikipedia.org/wiki/The_Rowland_Institute_at_Harvard,42.3637,-71.0779,contained,0.00,1,552-7,552-7,strong,approved,Preserved human approved decision.,,42.3637,-71.0779
231988,MIT Sloan School of Management,https://en.wikipedia.org/wiki/MIT_Sloan_School_of_Management,42.360732,-71.083774,contained,0.00,1,680-13,680-13,strong,approved,Preserved human approved decision.,,42.360732,-71.083774
242977,Radcliffe College,https://en.wikipedia.org/wiki/Radcliffe_College,42.38194444444444,-71.12472222222222,contained,0.00,1,206-10,206-10,strong,approved,Preserved human approved decision.,,42.38194444444444,-71.12472222222222
260879,Harvard College,https://en.wikipedia.org/wiki/Harvard_College,42.374,-71.117,contained,0.00,1,318-22,318-22,strong,rejected,Preserved human rejected decision.,,42.374,-71.117
320200,Harvard Yard,https://en.wikipedia.org/wiki/Harvard_Yard,42.37447,-71.11719,nearest,1.61,1,318-16,318-16,ambiguous,rejected,Preserved human rejected decision.,,42.37447,-71.11719
345924,Carpenter Center for the Visual Arts,https://en.wikipedia.org/wiki/Carpenter_Center_for_the_Visual_Arts,42.37361111111111,-71.11430555555555,contained,0.00,1,333-2,333-2,strong,approved,Preserved human approved decision.,,42.37361111111111,-71.11430555555555
360816,Harvard Kennedy School,https://en.wikipedia.org/wiki/Harvard_Kennedy_School,42.37138888888889,-71.12194444444444,nearest,6.90,1,398-8,398-1,ambiguous,approved,Preserved human approved decision.,,42.37138888888889,-71.12194444444444
378554,Whitehead Institute,https://en.wikipedia.org/wiki/Whitehead_Institute,42.363471,-71.089361,contained,0.00,1,625-3,625-3,strong,rejected,Preserved human rejected decision.,,42.363471,-71.089361
380532,Biogen,https://en.wikipedia.org/wiki/Biogen,42.366194444444446,-71.08699999999999,nearest,16.64,1,591-3,591-3,ambiguous,rejected,Preserved human rejected decision.,,42.366194444444446,-71.08699999999999
380649,Kendall Square,https://en.wikipedia.org/wiki/Kendall_Square,42.36222222222222,-71.08416666666666,nearest,15.68,1,677-1,677-1,ambiguous,rejected,Preserved human rejected decision.,,42.36222222222222,-71.08416666666666
386540,MIT Media Lab,https://en.wikipedia.org/wiki/MIT_Media_Lab,42.36045,-71.08737,contained,0.00,1,672-6,672-6,strong,rejected,Preserved human rejected decision.,,42.36045,-71.08737
391882,American Academy of Arts and Sciences,https://en.wikipedia.org/wiki/American_Academy_of_Arts_and_Sciences,42.380833333333335,-71.11027777777777,contained,0.00,1,223-7,223-7,strong,approved,Preserved human approved decision.,,42.380833333333335,-71.11027777777777
414193,Harvard Radcliffe Institute,https://en.wikipedia.org/wiki/Harvard_Radcliffe_Institute,42.37581,-71.12233,nearest,24.59,1,307-6,307-2,ambiguous,approved,Preserved human approved decision.,,42.37581,-71.12233
417027,American Repertory Theater,https://en.wikipedia.org/wiki/American_Repertory_Theater,,,none,,0,,321-3,unmatched,stale_decision,Previously reviewed article is missing from the latest Cambridge snapshot.,American Repertory Theater,42.37495555555556,-71.12265
593247,Harvard Square,https://en.wikipedia.org/wiki/Harvard_Square,42.37361111111111,-71.11888888888888,nearest,0.23,1,357-1,357-1,ambiguous,rejected,Preserved human rejected decision.,,42.37361111111111,-71.11888888888888
594169,Harvard College Observatory,https://en.wikipedia.org/wiki/Harvard_College_Observatory,42.3815,-71.1284,contained,0.00,1,201-13,201-13,strong,approved,Preserved human approved decision.,,42.3815,-71.1284
598285,Wiesner Building,https://en.wikipedia.org/wiki/Wiesner_Building,42.36086111111111,-71.08772222222221,contained,0.00,1,672-5,672-5,strong,approved,Preserved human approved decision.,,42.36086111111111,-71.08772222222221
650179,Porter Square,https://en.wikipedia.org/wiki/Porter_Square,42.3886,-71.1194,none,,0,,,unmatched,rejected,Preserved human rejected decision.,,42.3886,-71.1194
678794,Widener Library,https://en.wikipedia.org/wiki/Widener_Library,42.373444444444445,-71.11649999999999,contained,0.00,1,318-24,318-24,strong,approved,Preserved human approved decision.,,42.373444444444445,-71.11649999999999
719601,MIT Press,https://en.wikipedia.org/wiki/MIT_Press,42.36213888888889,-71.08555555555554,contained,0.00,1,674-11,674-11,strong,rejected,Preserved human rejected decision.,,42.36213888888889,-71.08555555555554
743808,Longfellow Bridge,https://en.wikipedia.org/wiki/Longfellow_Bridge,42.361635,-71.07541,none,,0,,,unmatched,rejected,Preserved human rejected decision.,,42.361635,-71.07541
840573,Inman Square,https://en.wikipedia.org/wiki/Inman_Square,42.37372222222222,-71.10083333333333,nearest,10.13,1,368-13,368-13,ambiguous,rejected,Preserved human rejected decision.,,42.37372222222222,-71.10083333333333
895905,Dunster House,https://en.wikipedia.org/wiki/Dunster_House,42.3686,-71.1162,nearest,12.60,1,513-1,513-1,ambiguous,approved,Preserved human approved decision.,,42.3686,-71.1162
897777,National Bureau of Economic Research,https://en.wikipedia.org/wiki/National_Bureau_of_Economic_Research,42.3697,-71.1127,contained,0.00,1,489-4,489-4,strong,rejected,Preserved human rejected decision.,,42.3697,-71.1127
966229,Alewife station,https://en.wikipedia.org/wiki/Alewife_station,42.3961,-71.1413,contained,0.00,1,35-1,35-1,strong,approved,Preserved human approved decision.,,42.3961,-71.1413
966261,Harvard station,https://en.wikipedia.org/wiki/Harvard_station,42.3735,-71.1191,nearest,3.63,1,999-878,999-878,ambiguous,approved,Preserved human approved decision.,,42.3735,-71.1191
966328,Porter station,https://en.wikipedia.org/wiki/Porter_station,42.388333333333335,-71.11902777777777,nearest,3.36,1,999-2464,999-2464,ambiguous,approved,Preserved human approved decision.,,42.388333333333335,-71.11902777777777
966450,Central station (MBTA),https://en.wikipedia.org/wiki/Central_station_(MBTA),42.3653,-71.1036,nearest,12.14,1,999-3888,999-3888,ambiguous,approved,Preserved human approved decision.,,42.3653,-71.1036
966483,Kendall/MIT station,https://en.wikipedia.org/wiki/Kendall/MIT_station,42.3624,-71.0857,nearest,13.34,1,643-6,643-6,ambiguous,rejected,Preserved human rejected decision.,,42.3624,-71.0857
983950,"Central Square, Cambridge","https://en.wikipedia.org/wiki/Central_Square,_Cambridge",42.365,-71.1036111111111,contained,0.00,1,608-2,608-2,strong,rejected,Preserved human rejected decision.,,42.365,-71.1036111111111
1014446,Lechmere Square,https://en.wikipedia.org/wiki/Lechmere_Square,42.37083333333334,-71.07666666666667,none,,0,,,unmatched,rejected,Preserved human rejected decision.,,42.37083333333334,-71.07666666666667
1074613,Harvard Divinity School,https://en.wikipedia.org/wiki/Harvard_Divinity_School,42.37972222222222,-71.11305555555555,contained,0.00,1,241-5,241-5,strong,approved,Preserved human approved decision.,,42.37972222222222,-71.11305555555555
1159376,Riverside Boat Club,https://en.wikipedia.org/wiki/Riverside_Boat_Club,42.35808333333333,-71.1158611111111,contained,0.00,1,721-2,721-2,strong,approved,Preserved human approved decision.,,42.35808333333333,-71.1158611111111
1251937,Harvard University Press,https://en.wikipedia.org/wiki/Harvard_University_Press,42.383,-71.12702777777777,contained,0.00,1,188-3,188-3,strong,approved,Preserved human approved decision.,,42.383,-71.12702777777777
1274446,Harvard Kenneth C. Griffin Graduate School of Arts and Sciences,https://en.wikipedia.org/wiki/Harvard_Kenneth_C._Griffin_Graduate_School_of_Arts_and_Sciences,42.37363888888889,-71.11841666666666,contained,0.00,1,318-25,318-25,strong,rejected,Preserved human rejected decision.,,42.37363888888889,-71.11841666666666
1277059,Museum of Science (Boston),https://en.wikipedia.org/wiki/Museum_of_Science_(Boston),42.3675,-71.07111111111111,contained,0.00,1,512-4,512-4,strong,approved,Preserved human approved decision.,,42.3675,-71.07111111111111
1286088,Zimmer Hall,https://en.wikipedia.org/wiki/Zimmer_Hall,42.3764,-71.1166,contained,0.00,1,266-18,266-18,strong,approved,Preserved human approved decision.,,42.3764,-71.1166
1334374,Harvard Extension School,https://en.wikipedia.org/wiki/Harvard_Extension_School,42.3743,-71.1216,nearest,2.92,1,319-21,319-21,ambiguous,rejected,Preserved human rejected decision.,,42.3743,-71.1216
1389867,Smithsonian Astrophysical Observatory,https://en.wikipedia.org/wiki/Smithsonian_Astrophysical_Observatory,42.38146,-71.12837,contained,0.00,1,201-13,201-13,strong,approved,Preserved human approved decision.,,42.38146,-71.12837
1417402,WMBR,https://en.wikipedia.org/wiki/WMBR,42.36222222222222,-71.08388888888888,nearest,21.71,1,680-6,680-6,ambiguous,rejected,Preserved human rejected decision.,,42.36222222222222,-71.08388888888888
1446327,Hasty Pudding Club,https://en.wikipedia.org/wiki/Hasty_Pudding_Club,42.371944444444445,-71.11944444444444,nearest,1.95,1,405-18,405-18,ambiguous,approved,Preserved human approved decision.,,42.371944444444445,-71.11944444444444
1503200,Hasty Pudding Theatricals,https://en.wikipedia.org/wiki/Hasty_Pudding_Theatricals,42.37255555555556,-71.1181111111111,contained,0.00,1,389-9,389-9,strong,rejected,Preserved human rejected decision.,,42.37255555555556,-71.1181111111111
1505128,Harvard–Smithsonian Center for Astrophysics,https://en.wikipedia.org/wiki/Harvard%E2%80%93Smithsonian_Center_for_Astrophysics,42.38146,-71.12837,contained,0.00,1,201-13,201-13,strong,approved,Preserved human approved decision.,,42.38146,-71.12837
1526346,Longy School of Music of Bard College,https://en.wikipedia.org/wiki/Longy_School_of_Music_of_Bard_College,42.37846,-71.12335,contained,0.00,1,252-30,252-30,strong,approved,Preserved human approved decision.,,42.37846,-71.12335
1528987,CfA 1.2 m Millimeter-Wave Telescope,https://en.wikipedia.org/wiki/CfA_1.2_m_Millimeter-Wave_Telescope,42.38167,-71.12853,contained,0.00,1,201-15,201-15,strong,rejected,Preserved human rejected decision.,,42.38167,-71.12853
1563010,Harvard Graduate School of Design,https://en.wikipedia.org/wiki/Harvard_Graduate_School_of_Design,42.3758,-71.1139,contained,0.00,1,299-6,299-6,strong,approved,Preserved human approved decision.,,42.3758,-71.1139
1563021,Harvard Graduate School of Education,https://en.wikipedia.org/wiki/Harvard_Graduate_School_of_Education,42.37542,-71.12177,nearest,0.17,1,307-14,307-14,ambiguous,approved,Preserved human approved decision.,,42.37542,-71.12177
1575662,Porcellian Club,https://en.wikipedia.org/wiki/Porcellian_Club,42.372930555555556,-71.11780555555555,contained,0.00,1,389-4,389-4,strong,approved,Preserved human approved decision.,,42.372930555555556,-71.11780555555555
1578416,Pforzheimer House,https://en.wikipedia.org/wiki/Pforzheimer_House,42.38195,-71.12467,contained,0.00,1,206-10,206-10,strong,approved,Preserved human approved decision.,,42.38195,-71.12467
1591937,Lechmere station,https://en.wikipedia.org/wiki/Lechmere_station,42.37125,-71.0761,none,,0,,,unmatched,rejected,Preserved human rejected decision.,,42.37125,-71.0761
1636859,Mather House (Harvard College),https://en.wikipedia.org/wiki/Mather_House_(Harvard_College),42.3682,-71.1154,contained,0.00,1,513-3,513-3,strong,approved,Preserved human approved decision.,,42.3682,-71.1154
1658385,Berkman Klein Center for Internet & Society,https://en.wikipedia.org/wiki/Berkman_Klein_Center_for_Internet_%26_Society,42.37955,-71.11957,contained,0.00,1,253-6,253-6,strong,approved,Preserved human approved decision.,,42.37955,-71.11957
1694353,Radcliffe Quadrangle (Harvard),https://en.wikipedia.org/wiki/Radcliffe_Quadrangle_(Harvard),42.3814,-71.12424,none,,0,,,unmatched,rejected,Preserved human rejected decision.,,42.3814,-71.12424
1750628,"Fresh Pond (Cambridge, Massachusetts)","https://en.wikipedia.org/wiki/Fresh_Pond_(Cambridge,_Massachusetts)",42.38333333333333,-71.15,none,,0,,,unmatched,rejected,Preserved human rejected decision.,,42.38333333333333,-71.15
1828266,Harvard Library,https://en.wikipedia.org/wiki/Harvard_Library,42.3733923,-71.1186862,nearest,16.31,1,318-25,318-25,ambiguous,rejected,Preserved human rejected decision.,,42.3733923,-71.1186862
1852841,Meigs Elevated Railway,https://en.wikipedia.org/wiki/Meigs_Elevated_Railway,42.37294444444444,-71.07997222222222,contained,0.00,1,358-1,358-1,strong,rejected,Preserved human rejected decision.,,42.37294444444444,-71.07997222222222
1865654,Great Bridge (Cambridge),https://en.wikipedia.org/wiki/Great_Bridge_(Cambridge),42.369,-71.123,none,,0,,,unmatched,rejected,Preserved human rejected decision.,,42.369,-71.123
1887587,Eliot House,https://en.wikipedia.org/wiki/Eliot_House,42.37022,-71.12082,contained,0.00,1,437-13,437-13,strong,approved,Preserved human approved decision.,,42.37022,-71.12082
1892262,Leverett House,https://en.wikipedia.org/wiki/Leverett_House,42.3701,-71.1174,contained,0.00,1,438-2,438-2,strong,approved,Preserved human approved decision.,,42.3701,-71.1174
1907855,Winthrop House,https://en.wikipedia.org/wiki/Winthrop_House,42.3702,-71.1192,nearest,3.10,1,437-10,437-10,ambiguous,approved,Preserved human approved decision.,,42.3702,-71.1192
1907859,Cabot House,https://en.wikipedia.org/wiki/Cabot_House,42.3814,-71.1242,none,,0,,206-12,unmatched,approved,Preserved human approved decision.,,42.3814,-71.1242
1947549,Charles River Dam Bridge,https://en.wikipedia.org/wiki/Charles_River_Dam_Bridge,42.368,-71.0708,none,,0,,,unmatched,rejected,Preserved human rejected decision.,,42.368,-71.0708
1951546,Prospect Hill Academy Charter School,https://en.wikipedia.org/wiki/Prospect_Hill_Academy_Charter_School,42.367075,-71.10068333333332,contained,0.00,1,551-7,551-7,strong,rejected,Preserved human rejected decision.,,42.367075,-71.10068333333332
1983910,"Cambridgeport, Cambridge, Massachusetts","https://en.wikipedia.org/wiki/Cambridgeport,_Cambridge,_Massachusetts",42.36,-71.1075,nearest,4.28,1,700-28,700-28,ambiguous,rejected,Preserved human rejected decision.,,42.36,-71.1075
2004698,Cambridge Rindge and Latin School,https://en.wikipedia.org/wiki/Cambridge_Rindge_and_Latin_School,42.37416666666667,-71.11194444444443,contained,0.00,1,328-1,328-1,strong,approved,Preserved human approved decision.,,42.37416666666667,-71.11194444444443
2083771,Buckingham Browne & Nichols School,https://en.wikipedia.org/wiki/Buckingham_Browne_%26_Nichols_School,42.3791,-71.1296,nearest,11.08,1,249-15,249-15,ambiguous,approved,Preserved human approved decision.,,42.3791,-71.1296
2155384,Currier House (Harvard College),https://en.wikipedia.org/wiki/Currier_House_(Harvard_College),42.38169166666667,-71.12577222222221,contained,0.00,1,206-13,206-13,strong,approved,Preserved human approved decision.,,42.38169166666667,-71.12577222222221
2167652,"Divinity Hall, Harvard Divinity School","https://en.wikipedia.org/wiki/Divinity_Hall,_Harvard_Divinity_School",42.3786,-71.1143,contained,0.00,1,241-28,241-28,strong,approved,Preserved human approved decision.,,42.3786,-71.1143
2182062,Tasty Sandwich Shop,https://en.wikipedia.org/wiki/Tasty_Sandwich_Shop,42.37339,-71.11938,nearest,4.69,1,357-4,357-4,ambiguous,rejected,Preserved human rejected decision.,,42.37339,-71.11938
2208221,Longfellow House–Washington's Headquarters National Historic Site,https://en.wikipedia.org/wiki/Longfellow_House%E2%80%93Washington%27s_Headquarters_National_Historic_Site,42.376666666666665,-71.12638888888888,nearest,17.76,1,288-1,288-1,ambiguous,approved,Preserved human approved decision.,,42.376666666666665,-71.12638888888888
2226387,Lowell House,https://en.wikipedia.org/wiki/Lowell_House,42.37078,-71.11818,contained,0.00,1,424-3,424-3,strong,approved,Preserved human approved decision.,,42.37078,-71.11818
2338242,Adolphus Busch Hall,https://en.wikipedia.org/wiki/Adolphus_Busch_Hall,42.376805555555556,-71.11413888888889,contained,0.00,1,241-54,241-54,strong,approved,Preserved human approved decision.,,42.376805555555556,-71.11413888888889
2373670,Grolier Poetry Bookshop,https://en.wikipedia.org/wiki/Grolier_Poetry_Bookshop,42.37232,-71.11656,nearest,5.65,1,401-2,401-2,ambiguous,approved,Preserved human approved decision.,,42.37232,-71.11656
2374643,Café Pamplona,https://en.wikipedia.org/wiki/Caf%C3%A9_Pamplona,42.3717,-71.1155,contained,0.00,1,407-4,407-4,strong,approved,Preserved human approved decision.,,42.3717,-71.1155
2401057,Kresge Auditorium,https://en.wikipedia.org/wiki/Kresge_Auditorium,42.35812,-71.09507,contained,0.00,1,708-13,708-13,strong,approved,Preserved human approved decision.,,42.35812,-71.09507
2408383,John A. Volpe National Transportation Systems Center,https://en.wikipedia.org/wiki/John_A._Volpe_National_Transportation_Systems_Center,42.364075,-71.0856,contained,0.00,1,591-21,591-21,strong,rejected,Preserved human rejected decision.,,42.364075,-71.0856
2444826,Electronics Research Center,https://en.wikipedia.org/wiki/Electronics_Research_Center,42.364075,-71.0856,contained,0.00,1,591-21,591-21,strong,rejected,Preserved human rejected decision.,,42.364075,-71.0856
2447768,Broad Institute,https://en.wikipedia.org/wiki/Broad_Institute,42.36805555555556,-71.08694444444444,contained,0.00,1,534-1,534-1,strong,approved,Preserved human approved decision.,,42.36805555555556,-71.08694444444444
2520054,McGovern Institute for Brain Research,https://en.wikipedia.org/wiki/McGovern_Institute_for_Brain_Research,42.362258,-71.091652,contained,0.00,1,667-2,667-2,strong,rejected,Preserved human rejected decision.,,42.362258,-71.091652
2577343,Cooper–Frost–Austin House,https://en.wikipedia.org/wiki/Cooper%E2%80%93Frost%E2%80%93Austin_House,42.38449,-71.12184,contained,0.00,1,156-9,156-9,strong,approved,Preserved human approved decision.,,42.38449,-71.12184
2614585,Holworthy Hall,https://en.wikipedia.org/wiki/Holworthy_Hall,42.37549,-71.11726,contained,0.00,1,318-6,318-6,strong,approved,Preserved human approved decision.,,42.37549,-71.11726
2614601,Massachusetts Hall (Harvard University),https://en.wikipedia.org/wiki/Massachusetts_Hall_(Harvard_University),42.37443888888889,-71.11828333333332,contained,0.00,1,318-18,318-18,strong,approved,Preserved human approved decision.,,42.37443888888889,-71.11828333333332
2620952,MIT Chapel,https://en.wikipedia.org/wiki/MIT_Chapel,42.358333333333334,-71.09416666666667,contained,0.00,1,708-12,708-12,strong,approved,Preserved human approved decision.,,42.358333333333334,-71.09416666666667
2621195,Hooper–Lee–Nichols House,https://en.wikipedia.org/wiki/Hooper%E2%80%93Lee%E2%80%93Nichols_House,42.377583333333334,-71.13422222222223,contained,0.00,1,264-46,264-46,strong,approved,Preserved human approved decision.,,42.377583333333334,-71.13422222222223
2621447,"Elmwood (Cambridge, Massachusetts)","https://en.wikipedia.org/wiki/Elmwood_(Cambridge,_Massachusetts)",42.37547222222222,-71.1383888888889,contained,0.00,1,306-16,306-16,strong,approved,Preserved human approved decision.,,42.37547222222222,-71.1383888888889
2621926,Green Building (MIT),https://en.wikipedia.org/wiki/Green_Building_(MIT),42.3603,-71.0893,contained,0.00,1,668-54,668-54,strong,approved,Preserved human approved decision.,,42.3603,-71.0893
2657253,Manray,https://en.wikipedia.org/wiki/Manray,42.3633,-71.1022,contained,0.00,1,640-23,640-23,strong,rejected,Preserved human rejected decision.,,42.3633,-71.1022
2685492,Alewife Brook Reservation,https://en.wikipedia.org/wiki/Alewife_Brook_Reservation,42.3973186,-71.1422757,none,,0,,,unmatched,rejected,Preserved human rejected decision.,,42.3973186,-71.1422757
2852088,"East Cambridge, Cambridge, Massachusetts","https://en.wikipedia.org/wiki/East_Cambridge,_Cambridge,_Massachusetts",42.36666666666667,-71.08,none,,0,,,unmatched,rejected,Preserved human rejected decision.,,42.36666666666667,-71.08
2997438,Club Passim,https://en.wikipedia.org/wiki/Club_Passim,42.37388888888889,-71.11999999999999,contained,0.00,1,345-7,345-7,strong,approved,Preserved human approved decision.,,42.37388888888889,-71.11999999999999
3285045,Schlesinger Library,https://en.wikipedia.org/wiki/Schlesinger_Library,42.375750000000004,-71.1231111111111,contained,0.00,1,307-12,307-12,strong,approved,Preserved human approved decision.,,42.375750000000004,-71.1231111111111
3372668,Cambridge College,https://en.wikipedia.org/wiki/Cambridge_College,42.36888888888889,-71.11088888888888,contained,0.00,1,489-18,489-18,strong,rejected,Preserved human rejected decision.,,42.36888888888889,-71.11088888888888
3372715,Lesley University,https://en.wikipedia.org/wiki/Lesley_University,42.37999444444444,-71.11711944444444,nearest,0.26,1,243-24,243-24,ambiguous,approved,Preserved human approved decision.,,42.37999444444444,-71.11711944444444
3473567,Adams House (Harvard College),https://en.wikipedia.org/wiki/Adams_House_(Harvard_College),42.3717,-71.1164,contained,0.00,1,401-10,401-10,strong,approved,Preserved human approved decision.,,42.3717,-71.1164
3494688,MIT Science Fiction Society,https://en.wikipedia.org/wiki/MIT_Science_Fiction_Society,42.35916666666667,-71.09444444444443,contained,0.00,1,708-18,708-18,strong,rejected,Preserved human rejected decision.,,42.35916666666667,-71.09444444444443
3514644,CambridgeSide,https://en.wikipedia.org/wiki/CambridgeSide,42.3675,-71.0761111111111,contained,0.00,1,468-8,468-8,strong,approved,Preserved human approved decision.,,42.3675,-71.0761111111111
3571478,Brattle Theatre,https://en.wikipedia.org/wiki/Brattle_Theatre,42.37361111111111,-71.12138888888889,contained,0.00,1,355-8,355-8,strong,approved,Preserved human approved decision.,,42.37361111111111,-71.12138888888889
3789783,WNTN,https://en.wikipedia.org/wiki/WNTN,42.38704166666667,-71.1386638888889,contained,0.00,1,126-6,126-6,strong,rejected,Preserved human rejected decision.,,42.38704166666667,-71.1386638888889
4027302,Mary Prentiss Inn,https://en.wikipedia.org/wiki/Mary_Prentiss_Inn,42.38431,-71.11885,contained,0.00,1,173-15,173-15,strong,approved,Preserved human approved decision.,,42.38431,-71.11885
4109017,Cambridge Common,https://en.wikipedia.org/wiki/Cambridge_Common,42.37651,-71.12049,none,,0,,,unmatched,rejected,Preserved human rejected decision.,,42.37651,-71.12049
4125254,Memorial Drive (Cambridge),https://en.wikipedia.org/wiki/Memorial_Drive_(Cambridge),42.363055555555555,-71.11611111111111,nearest,19.94,1,637-5,637-5,ambiguous,rejected,Preserved human rejected decision.,,42.363055555555555,-71.11611111111111
4132949,Asa Gray House,https://en.wikipedia.org/wiki/Asa_Gray_House,42.38297222222222,-71.128,contained,0.00,1,201-1,201-1,strong,approved,Preserved human approved decision.,,42.38297222222222,-71.128
4223459,Harvard–Yenching Institute,https://en.wikipedia.org/wiki/Harvard%E2%80%93Yenching_Institute,42.377552,-71.113923,nearest,1.36,1,241-49,241-49,ambiguous,approved,Preserved human approved decision.,,42.377552,-71.113923
4391324,Cambridge Center,https://en.wikipedia.org/wiki/Cambridge_Center,42.363,-71.08661111111111,contained,0.00,1,643-2,643-2,strong,approved,Preserved human approved decision.,,42.363,-71.08661111111111
4391692,Harvard–MIT Program in Health Sciences and Technology,https://en.wikipedia.org/wiki/Harvard%E2%80%93MIT_Program_in_Health_Sciences_and_Technology,42.36169,-71.08694,contained,0.00,1,672-8,672-8,strong,rejected,Preserved human rejected decision.,,42.36169,-71.08694
4529075,First Parish in Cambridge,https://en.wikipedia.org/wiki/First_Parish_in_Cambridge,42.374583333333334,-71.11925,contained,0.00,1,319-19,319-19,strong,approved,Preserved human approved decision.,,42.374583333333334,-71.11925
4888799,MIT Plasma Science and Fusion Center,https://en.wikipedia.org/wiki/MIT_Plasma_Science_and_Fusion_Center,42.359944444444444,-71.09844444444444,contained,0.00,1,702-3,702-3,strong,rejected,Preserved human rejected decision.,,42.359944444444444,-71.09844444444444
4895598,ImprovBoston,https://en.wikipedia.org/wiki/ImprovBoston,42.366083333333336,-71.1033611111111,nearest,2.84,1,596-4,596-4,ambiguous,rejected,Preserved human rejected decision.,,42.366083333333336,-71.1033611111111
4972477,Harvard Art Museums,https://en.wikipedia.org/wiki/Harvard_Art_Museums,42.3742,-71.1147,nearest,20.43,1,333-1,333-1,ambiguous,approved,Preserved human approved decision.,,42.3742,-71.1147
5135489,"City Hall (Cambridge, Massachusetts)","https://en.wikipedia.org/wiki/City_Hall_(Cambridge,_Massachusetts)",42.36712,-71.10563,contained,0.00,1,517-38,517-38,strong,approved,Preserved human approved decision.,,42.36712,-71.10563
5235054,"Christ Church (Cambridge, Massachusetts)","https://en.wikipedia.org/wiki/Christ_Church_(Cambridge,_Massachusetts)",42.375277777777775,-71.12055555555555,contained,0.00,1,319-8,319-8,strong,approved,Preserved human approved decision.,,42.375277777777775,-71.12055555555555
5536866,Alvan Clark & Sons,https://en.wikipedia.org/wiki/Alvan_Clark_%26_Sons,42.35528,-71.10927,contained,0.00,1,749-1,749-1,strong,rejected,Preserved human rejected decision.,,42.35528,-71.10927
5616612,Joint Center for Housing Studies,https://en.wikipedia.org/wiki/Joint_Center_for_Housing_Studies,42.37,-71.12,nearest,4.81,1,437-5,437-5,ambiguous,rejected,Preserved human rejected decision.,,42.37,-71.12
5756234,MIT Museum,https://en.wikipedia.org/wiki/MIT_Museum,42.362119444444446,-71.08665833333333,contained,0.00,1,674-1,674-1,strong,rejected,Preserved human rejected decision.,,42.362119444444446,-71.08665833333333
5774724,Charles River Reservation,https://en.wikipedia.org/wiki/Charles_River_Reservation,42.3539862,-71.1119968,nearest,5.59,1,999-3393,999-3393,ambiguous,rejected,Preserved human rejected decision.,,42.3539862,-71.1119968
6029406,Institute of Politics at Harvard Kennedy School,https://en.wikipedia.org/wiki/Institute_of_Politics_at_Harvard_Kennedy_School,42.37145,-71.1221,nearest,10.49,1,398-8,398-1,ambiguous,approved,Preserved human approved decision.,,42.37145,-71.1221
6046830,University Park at MIT,https://en.wikipedia.org/wiki/University_Park_at_MIT,42.3618,-71.1008,nearest,9.10,1,687-1,687-1,ambiguous,rejected,Preserved human rejected decision.,,42.3618,-71.1008
6098995,Lumen Eclipse,https://en.wikipedia.org/wiki/Lumen_Eclipse,42.3734,-71.1191,nearest,2.67,1,999-878,999-878,ambiguous,rejected,Preserved human rejected decision.,,42.3734,-71.1191
6200247,"The Port, Cambridge","https://en.wikipedia.org/wiki/The_Port,_Cambridge",42.36694444444444,-71.09777777777778,nearest,5.13,1,579-30,579-30,ambiguous,rejected,Preserved human rejected decision.,,42.36694444444444,-71.09777777777778
6222330,Harvard Book Store,https://en.wikipedia.org/wiki/Harvard_Book_Store,42.3725,-71.1164,contained,0.00,1,401-2,401-2,strong,approved,Preserved human approved decision.,,42.3725,-71.1164
6250722,MIT Department of Physics,https://en.wikipedia.org/wiki/MIT_Department_of_Physics,42.3597177,-71.0908492,contained,0.00,1,999-5042,999-5042,strong,rejected,Preserved human rejected decision.,,42.3597177,-71.0908492
6315034,Kerry Corner,https://en.wikipedia.org/wiki/Kerry_Corner,42.36833333333333,-71.11472222222221,nearest,6.88,1,513-3,513-3,ambiguous,rejected,Preserved human rejected decision.,,42.36833333333333,-71.11472222222221
6326343,Picower Institute for Learning and Memory,https://en.wikipedia.org/wiki/Picower_Institute_for_Learning_and_Memory,42.362294,-71.091626,contained,0.00,1,667-2,667-2,strong,rejected,Preserved human rejected decision.,,42.362294,-71.091626
6473235,Orson Welles Cinema,https://en.wikipedia.org/wiki/Orson_Welles_Cinema,42.36972222222222,-71.11138888888888,contained,0.00,1,453-3,453-3,strong,rejected,Preserved human rejected decision.,,42.36972222222222,-71.11138888888888
6719465,Schoenhof's Foreign Books,https://en.wikipedia.org/wiki/Schoenhof%27s_Foreign_Books,42.372,-71.11894444444444,nearest,0.16,1,405-15,405-15,ambiguous,rejected,Preserved human rejected decision.,,42.372,-71.11894444444444
6908619,Museum of Comparative Zoology,https://en.wikipedia.org/wiki/Museum_of_Comparative_Zoology,42.37847222222222,-71.11555555555555,contained,0.00,1,241-17,241-17,strong,approved,Preserved human approved decision.,,42.37847222222222,-71.11555555555555
7341483,Housing at the Massachusetts Institute of Technology,https://en.wikipedia.org/wiki/Housing_at_the_Massachusetts_Institute_of_Technology,42.35804,-71.0995,contained,0.00,1,703-3,703-3,strong,rejected,Preserved human rejected decision.,,42.35804,-71.0995
7586188,"North Point (Cambridge, Massachusetts)","https://en.wikipedia.org/wiki/North_Point_(Cambridge,_Massachusetts)",42.37238888888889,-71.07505555555555,contained,0.00,1,378-6,378-6,strong,rejected,Preserved human rejected decision.,,42.37238888888889,-71.07505555555555
7742379,Holden Chapel,https://en.wikipedia.org/wiki/Holden_Chapel,42.37524,-71.118,nearest,2.65,1,318-3,318-3,ambiguous,approved,Preserved human approved decision.,,42.37524,-71.118
8071866,Campus of the Massachusetts Institute of Technology,https://en.wikipedia.org/wiki/Campus_of_the_Massachusetts_Institute_of_Technology,42.3591,-71.0934,nearest,4.98,1,668-7,668-7,ambiguous,rejected,Preserved human rejected decision.,,42.3591,-71.0934
8099878,Harvard Film Archive,https://en.wikipedia.org/wiki/Harvard_Film_Archive,42.37365277777778,-71.11473888888888,nearest,7.81,1,333-2,333-2,ambiguous,rejected,Preserved human rejected decision.,,42.37365277777778,-71.11473888888888
8218664,Zesiger Sports and Fitness Center,https://en.wikipedia.org/wiki/Zesiger_Sports_and_Fitness_Center,42.3587,-71.0957,contained,0.00,1,708-20,708-20,strong,approved,Preserved human approved decision.,,42.3587,-71.0957
8259851,Weld Boathouse,https://en.wikipedia.org/wiki/Weld_Boathouse,42.3694,-71.1221,contained,0.00,1,437-11,437-11,strong,approved,Preserved human approved decision.,,42.3694,-71.1221
8370206,Harvard Museum of Natural History,https://en.wikipedia.org/wiki/Harvard_Museum_of_Natural_History,42.378413888888886,-71.11555277777778,contained,0.00,1,241-17,241-17,strong,approved,Preserved human approved decision.,,42.378413888888886,-71.11555277777778
8370551,Harvard University Herbaria,https://en.wikipedia.org/wiki/Harvard_University_Herbaria,42.378819444444446,-71.11458888888889,nearest,10.42,1,241-28,241-59,ambiguous,approved,Preserved human approved decision.,,42.378819444444446,-71.11458888888889
8370901,Harvard Mineralogical Museum,https://en.wikipedia.org/wiki/Harvard_Mineralogical_Museum,42.37831944444444,-71.11556944444443,contained,0.00,1,241-17,241-17,strong,approved,Preserved human approved decision.,,42.37831944444444,-71.11556944444443
8455460,Cambridge School of Culinary Arts,https://en.wikipedia.org/wiki/Cambridge_School_of_Culinary_Arts,42.3907,-71.1217,nearest,11.38,1,82-15,82-15,ambiguous,rejected,Preserved human rejected decision.,,42.3907,-71.1217
8489044,The Middle East (nightclub),https://en.wikipedia.org/wiki/The_Middle_East_(nightclub),42.363835,-71.10142,contained,0.00,1,644-4,644-4,strong,rejected,Preserved human rejected decision.,,42.363835,-71.10142
8716125,President's House (Harvard),https://en.wikipedia.org/wiki/President%27s_House_(Harvard),42.373416666666664,-71.11530555555555,contained,0.00,1,318-27,318-27,strong,approved,Preserved human approved decision.,,42.373416666666664,-71.11530555555555
8815249,Lechmere Canal,https://en.wikipedia.org/wiki/Lechmere_Canal,42.36888888888889,-71.07444444444444,nearest,21.84,1,468-4,468-4,ambiguous,rejected,Preserved human rejected decision.,,42.36888888888889,-71.07444444444444
8815819,Broad Canal,https://en.wikipedia.org/wiki/Broad_Canal,42.362511,-71.079211,nearest,19.40,1,999-3849,999-3849,ambiguous,rejected,Preserved human rejected decision.,,42.362511,-71.079211
8881290,Toscanini's,https://en.wikipedia.org/wiki/Toscanini%27s,42.3635,-71.09930555555555,nearest,0.35,1,639-1,639-1,ambiguous,approved,Preserved human approved decision.,,42.3635,-71.09930555555555
8977608,Amigos School,https://en.wikipedia.org/wiki/Amigos_School,42.363,-71.1083,contained,0.00,1,642-26,642-26,strong,approved,Preserved human approved decision.,,42.363,-71.1083
9115050,MIT Department of Electrical Engineering and Computer Science,https://en.wikipedia.org/wiki/MIT_Department_of_Electrical_Engineering_and_Computer_Science,42.36116666666667,-71.0923611111111,contained,0.00,1,668-38,668-38,strong,rejected,Preserved human rejected decision.,,42.36116666666667,-71.0923611111111
9454178,Murder of Yngve Raustein,https://en.wikipedia.org/wiki/Murder_of_Yngve_Raustein,42.35868055555556,-71.08931666666666,nearest,20.85,1,668-14,668-14,ambiguous,rejected,Preserved human rejected decision.,,42.35868055555556,-71.08931666666666
9462579,St. Paul's Choir School,https://en.wikipedia.org/wiki/St._Paul%27s_Choir_School,42.3708,-71.1154,nearest,8.38,1,457-5,439-6,ambiguous,approved,Preserved human approved decision.,,42.3708,-71.1154
9768381,Harvard Museum of the Ancient Near East,https://en.wikipedia.org/wiki/Harvard_Museum_of_the_Ancient_Near_East,42.378055555555555,-71.11388888888888,contained,0.00,1,241-43,241-43,strong,approved,Preserved human approved decision.,,42.378055555555555,-71.11388888888888
9968010,Harvard Asia Pacific Review,https://en.wikipedia.org/wiki/Harvard_Asia_Pacific_Review,42.377833333333335,-71.11319444444445,contained,0.00,1,241-38,241-38,strong,rejected,Preserved human rejected decision.,,42.377833333333335,-71.11319444444445
10306321,Harvard John A. Paulson School of Engineering and Applied Sciences,https://en.wikipedia.org/wiki/Harvard_John_A._Paulson_School_of_Engineering_and_Applied_Sciences,42.372686111111115,-71.1185361111111,contained,0.00,1,357-3,357-3,strong,rejected,Preserved human rejected decision.,,42.372686111111115,-71.1185361111111
10394308,George D. Birkhoff House,https://en.wikipedia.org/wiki/George_D._Birkhoff_House,42.378194444444446,-71.1286111111111,contained,0.00,1,265-22,265-22,strong,approved,Preserved human approved decision.,,42.378194444444446,-71.1286111111111
10402984,Percy W. Bridgman House,https://en.wikipedia.org/wiki/Percy_W._Bridgman_House,42.379080555555554,-71.12897777777778,nearest,1.26,1,249-27,249-24,ambiguous,approved,Preserved human approved decision.,,42.379080555555554,-71.12897777777778
10410693,Sever Hall,https://en.wikipedia.org/wiki/Sever_Hall,42.374361111111114,-71.11547222222222,contained,0.00,1,318-17,318-17,strong,approved,Preserved human approved decision.,,42.374361111111114,-71.11547222222222
10411034,Margaret Fuller House,https://en.wikipedia.org/wiki/Margaret_Fuller_House,42.36461111111111,-71.09741666666666,contained,0.00,1,618-7,618-7,strong,approved,Preserved human approved decision.,,42.36461111111111,-71.09741666666666
10436279,Reginald A. Daly House,https://en.wikipedia.org/wiki/Reginald_A._Daly_House,42.37538888888889,-71.12627777777777,contained,0.00,1,305-20,305-20,strong,approved,Preserved human approved decision.,,42.37538888888889,-71.12627777777777
10436889,Memorial Hall (Harvard University),https://en.wikipedia.org/wiki/Memorial_Hall_(Harvard_University),42.37588888888889,-71.11491666666666,contained,0.00,1,266-20,266-20,strong,approved,Preserved human approved decision.,,42.37588888888889,-71.11491666666666
10448220,University Hall (Harvard University),https://en.wikipedia.org/wiki/University_Hall_(Harvard_University),42.37444444444444,-71.11705555555555,contained,0.00,1,318-16,318-16,strong,approved,Preserved human approved decision.,,42.37444444444444,-71.11705555555555
10454810,Oliver Hastings House,https://en.wikipedia.org/wiki/Oliver_Hastings_House,42.376666666666665,-71.12666666666667,none,,0,,288-12,unmatched,approved,Preserved human approved decision.,,42.376666666666665,-71.12666666666667
10505967,Maria Baldwin House,https://en.wikipedia.org/wiki/Maria_Baldwin_House,42.37016666666667,-71.10016666666667,contained,0.00,1,462-19,462-19,strong,approved,Preserved human approved decision.,,42.37016666666667,-71.10016666666667
10840089,Austin Hall (Harvard University),https://en.wikipedia.org/wiki/Austin_Hall_(Harvard_University),42.37705555555556,-71.11877777777777,contained,0.00,1,266-15,266-15,strong,approved,Preserved human approved decision.,,42.37705555555556,-71.11877777777777
10988118,Washington Elm,https://en.wikipedia.org/wiki/Washington_Elm,42.37657222222222,-71.12222222222222,none,,0,,,unmatched,rejected,Preserved human rejected decision.,,42.37657222222222,-71.12222222222222
10997087,Memorial Church of Harvard University,https://en.wikipedia.org/wiki/Memorial_Church_of_Harvard_University,42.3749095,-71.1161574,contained,0.00,1,318-13,318-13,strong,approved,Preserved human approved decision.,,42.3749095,-71.1161574
11093723,Harvard-Epworth United Methodist Church,https://en.wikipedia.org/wiki/Harvard-Epworth_United_Methodist_Church,42.37793931764014,-71.11970779453276,contained,0.00,1,266-11,266-11,strong,approved,Preserved human approved decision.,,42.37793931764014,-71.11970779453276
11212102,"William Dean Howells House (Cambridge, Massachusetts)","https://en.wikipedia.org/wiki/William_Dean_Howells_House_(Cambridge,_Massachusetts)",42.380250000000004,-71.12666666666667,contained,0.00,1,233-1,233-1,strong,approved,Preserved human approved decision.,,42.380250000000004,-71.12666666666667
11689168,"St. Paul Church (Cambridge, Massachusetts)","https://en.wikipedia.org/wiki/St._Paul_Church_(Cambridge,_Massachusetts)",42.3712,-71.1156,contained,0.00,1,439-6,439-6,strong,approved,Preserved human approved decision.,,42.3712,-71.1156
12297557,Houghton Library,https://en.wikipedia.org/wiki/Houghton_Library,42.373194444444444,-71.11594444444444,contained,0.00,1,318-30,318-30,strong,approved,Preserved human approved decision.,,42.373194444444444,-71.11594444444444
12638003,Globe Corner Bookstore,https://en.wikipedia.org/wiki/Globe_Corner_Bookstore,42.37236111111111,-71.1198611111111,contained,0.00,1,405-8,405-8,strong,approved,Preserved human approved decision.,,42.37236111111111,-71.1198611111111
12751706,MIT School of Engineering,https://en.wikipedia.org/wiki/MIT_School_of_Engineering,42.35896,-71.09244,contained,0.00,1,668-3,668-3,strong,approved,Preserved human approved decision.,,42.35896,-71.09244
12756612,MIT School of Science,https://en.wikipedia.org/wiki/MIT_School_of_Science,42.3596,-71.09048,contained,0.00,1,668-6,668-6,strong,approved,Preserved human approved decision.,,42.3596,-71.09048
12758967,"MIT School of Humanities, Arts, and Social Sciences","https://en.wikipedia.org/wiki/MIT_School_of_Humanities,_Arts,_and_Social_Sciences",42.3597,-71.0919,contained,0.00,1,668-10,668-10,strong,approved,Preserved human approved decision.,,42.3597,-71.0919
12759325,MIT School of Architecture and Planning,https://en.wikipedia.org/wiki/MIT_School_of_Architecture_and_Planning,42.3593,-71.09331,contained,0.00,1,668-7,668-7,strong,approved,Preserved human approved decision.,,42.3593,-71.09331
12801530,Mugar Omni Theater,https://en.wikipedia.org/wiki/Mugar_Omni_Theater,42.36869166666667,-71.06986944444444,none,,0,,,unmatched,rejected,Preserved human rejected decision.,,42.36869166666667,-71.06986944444444
12850553,Cambridge Health Alliance,https://en.wikipedia.org/wiki/Cambridge_Health_Alliance,42.3748,-71.1048,nearest,8.54,1,324-3,324-3,ambiguous,rejected,Preserved human rejected decision.,,42.3748,-71.1048
12890732,Cambridge Hospital (Massachusetts),https://en.wikipedia.org/wiki/Cambridge_Hospital_(Massachusetts),42.3748,-71.1048,nearest,8.54,1,324-3,324-3,ambiguous,approved,Preserved human approved decision.,,42.3748,-71.1048
12897075,Langdell Hall,https://en.wikipedia.org/wiki/Langdell_Hall,42.377942,-71.118439,contained,0.00,1,266-6,266-6,strong,approved,Preserved human approved decision.,,42.377942,-71.118439
12900074,Fox Club,https://en.wikipedia.org/wiki/Fox_Club,42.37236111111111,-71.12008333333333,contained,0.00,1,405-6,405-6,strong,approved,Preserved human approved decision.,,42.37236111111111,-71.12008333333333
13419807,MIT Nuclear Research Reactor,https://en.wikipedia.org/wiki/MIT_Nuclear_Research_Reactor,42.36027777777778,-71.09638888888888,nearest,0.19,1,699-25,699-25,ambiguous,rejected,Preserved human rejected decision.,,42.36027777777778,-71.09638888888888
13555391,Massachusetts Institute of Technology Libraries,https://en.wikipedia.org/wiki/Massachusetts_Institute_of_Technology_Libraries,42.359,-71.0891,contained,0.00,1,668-14,668-14,strong,rejected,Preserved human rejected decision.,,42.359,-71.0891
13727927,Franklin Street Park,https://en.wikipedia.org/wiki/Franklin_Street_Park,42.367575,-71.11055277777777,nearest,8.44,1,562-6,562-6,ambiguous,rejected,Preserved human rejected decision.,,42.367575,-71.11055277777777
14527661,Harvard/MIT Cooperative Society,https://en.wikipedia.org/wiki/Harvard/MIT_Cooperative_Society,42.3737,-71.1196,contained,0.00,1,345-10,345-10,strong,approved,Preserved human approved decision.,,42.3737,-71.1196
14852205,Middlesex County Courthouse (Massachusetts),https://en.wikipedia.org/wiki/Middlesex_County_Courthouse_(Massachusetts),42.3699,-71.0797,contained,0.00,1,479-1,479-1,strong,approved,Preserved human approved decision.,,42.3699,-71.0797
14886117,Leverett Circle Connector Bridge,https://en.wikipedia.org/wiki/Leverett_Circle_Connector_Bridge,42.36909,-71.06459,none,,0,,,unmatched,rejected,Preserved human rejected decision.,,42.36909,-71.06459
15005459,Kirkland House,https://en.wikipedia.org/wiki/Kirkland_House,42.3709,-71.1204,contained,0.00,1,437-1,437-1,strong,approved,Preserved human approved decision.,,42.3709,-71.1204
15020534,Cambridge Zen Center,https://en.wikipedia.org/wiki/Cambridge_Zen_Center,42.364468,-71.106019,nearest,2.04,1,627-11,627-11,ambiguous,rejected,Preserved human rejected decision.,,42.364468,-71.106019
15854895,"Odd Fellows Hall (Cambridge, Massachusetts)","https://en.wikipedia.org/wiki/Odd_Fellows_Hall_(Cambridge,_Massachusetts)",42.364222222222224,-71.10222222222221,contained,0.00,1,631-5,631-5,strong,approved,Preserved human approved decision.,,42.364222222222224,-71.10222222222221
16658131,Le Cordon Bleu College of Culinary Arts in Boston,https://en.wikipedia.org/wiki/Le_Cordon_Bleu_College_of_Culinary_Arts_in_Boston,42.367041666666665,-71.07931111111111,contained,0.00,1,566-2,566-2,strong,rejected,Preserved human rejected decision.,,42.367041666666665,-71.07931111111111
17192481,Building 20,https://en.wikipedia.org/wiki/Building_20,42.3619,-71.0905,contained,0.00,1,668-32,668-32,strong,rejected,Preserved human rejected decision.,,42.3619,-71.0905
17483820,Richard McKinnon State Park,https://en.wikipedia.org/wiki/Richard_McKinnon_State_Park,42.369166666666665,-71.06952777777778,none,,0,,,unmatched,rejected,Preserved human rejected decision.,,42.369166666666665,-71.06952777777778
17501782,William M. Davis House,https://en.wikipedia.org/wiki/William_M._Davis_House,42.378416666666666,-71.11222222222221,contained,0.00,1,241-31,241-31,strong,approved,Preserved human approved decision.,,42.378416666666666,-71.11222222222221
17518237,Mary Fiske Stoughton House,https://en.wikipedia.org/wiki/Mary_Fiske_Stoughton_House,42.37583333333333,-71.125,nearest,2.57,1,312-3,312-4,ambiguous,approved,Preserved human approved decision.,,42.37583333333333,-71.125
17537761,Theodore W. Richards House,https://en.wikipedia.org/wiki/Theodore_W._Richards_House,42.37877777777778,-71.12211111111111,contained,0.00,1,252-26,252-26,strong,approved,Preserved human approved decision.,,42.37877777777778,-71.12211111111111
17538105,"Arthur D. Little Inc., Building","https://en.wikipedia.org/wiki/Arthur_D._Little_Inc.,_Building",42.36113888888889,-71.08219444444444,contained,0.00,1,680-10,680-10,strong,approved,Preserved human approved decision.,,42.36113888888889,-71.08219444444444
17601836,Grace Hopkinson Eliot Hall,https://en.wikipedia.org/wiki/Grace_Hopkinson_Eliot_Hall,42.381055555555555,-71.12347222222222,contained,0.00,1,206-17,206-17,strong,approved,Preserved human approved decision.,,42.381055555555555,-71.12347222222222
17647608,Edwin Abbot House,https://en.wikipedia.org/wiki/Edwin_Abbot_House,42.37861111111111,-71.12347222222222,contained,0.00,1,252-30,252-30,strong,approved,Preserved human approved decision.,,42.37861111111111,-71.12347222222222
17647630,John Aborn House,https://en.wikipedia.org/wiki/John_Aborn_House,42.39158333333333,-71.12038888888888,contained,0.00,1,75-25,75-25,strong,approved,Preserved human approved decision.,,42.39158333333333,-71.12038888888888
17647662,"Almshouse (Cambridge, Massachusetts)","https://en.wikipedia.org/wiki/Almshouse_(Cambridge,_Massachusetts)",42.40222222222222,-71.1325,nearest,6.49,1,2-5,2-5,ambiguous,approved,Preserved human approved decision.,,42.40222222222222,-71.1325
17647686,American Net and Twine Company Factory,https://en.wikipedia.org/wiki/American_Net_and_Twine_Company_Factory,42.36708333333333,-71.08055555555555,contained,0.00,1,559-3,559-3,strong,approved,Preserved human approved decision.,,42.36708333333333,-71.08055555555555
17647709,Ash Street Historic District,https://en.wikipedia.org/wiki/Ash_Street_Historic_District,42.38305555555556,-71.1261111111111,nearest,2.90,1,184-3,184-3,ambiguous,rejected,Preserved human rejected decision.,,42.38305555555556,-71.1261111111111
17647764,Athenaeum Press,https://en.wikipedia.org/wiki/Athenaeum_Press,42.3642,-71.0793,contained,0.00,1,620-13,620-13,strong,approved,Preserved human approved decision.,,42.3642,-71.0793
17647830,Ephraim Atwood House,https://en.wikipedia.org/wiki/Ephraim_Atwood_House,42.369194444444446,-71.10752777777778,contained,0.00,1,490-13,490-13,strong,approved,Preserved human approved decision.,,42.369194444444446,-71.10752777777778
17647933,Avon Hill Historic District,https://en.wikipedia.org/wiki/Avon_Hill_Historic_District,42.38583333333333,-71.12249999999999,nearest,4.86,1,137-18,137-18,ambiguous,rejected,Preserved human rejected decision.,,42.38583333333333,-71.12249999999999
17647962,B B Chemical Company,https://en.wikipedia.org/wiki/B_B_Chemical_Company,42.359722222222224,-71.11527777777778,contained,0.00,1,681-13,681-13,strong,approved,Preserved human approved decision.,,42.359722222222224,-71.11527777777778
17647978,James B. Barnes House,https://en.wikipedia.org/wiki/James_B._Barnes_House,42.36972222222222,-71.09566666666666,contained,0.00,1,443-42,443-42,strong,approved,Preserved human approved decision.,,42.36972222222222,-71.09566666666666
17648004,Beck-Warren House,https://en.wikipedia.org/wiki/Beck-Warren_House,42.37294444444444,-71.11422222222221,contained,0.00,1,333-6,333-6,strong,approved,Preserved human approved decision.,,42.37294444444444,-71.11422222222221
17648032,Bennink-Douglas Cottages,https://en.wikipedia.org/wiki/Bennink-Douglas_Cottages,42.38,-71.12302777777776,nearest,1.54,1,228-40,228-40,ambiguous,approved,Preserved human approved decision.,,42.38,-71.12302777777776
17648064,Berkeley Street Historic District,https://en.wikipedia.org/wiki/Berkeley_Street_Historic_District,42.37777777777778,-71.12555555555555,nearest,0.93,1,999-1350,999-1350,ambiguous,rejected,Preserved human rejected decision.,,42.37777777777778,-71.12555555555555
17648089,Bertram Hall (Radcliffe College),https://en.wikipedia.org/wiki/Bertram_Hall_(Radcliffe_College),42.3808,-71.1241,contained,0.00,1,206-18,206-18,strong,approved,Preserved human approved decision.,,42.3808,-71.1241
17648104,"Beth Israel Synagogue (Cambridge, Massachusetts)","https://en.wikipedia.org/wiki/Beth_Israel_Synagogue_(Cambridge,_Massachusetts)",42.369166666666665,-71.0961111111111,nearest,4.78,1,495-8,495-8,ambiguous,approved,Preserved human approved decision.,,42.369166666666665,-71.0961111111111
17648132,Bigelow Street Historic District,https://en.wikipedia.org/wiki/Bigelow_Street_Historic_District,42.36833333333333,-71.10555555555555,nearest,5.23,1,506-22,506-22,ambiguous,rejected,Preserved human rejected decision.,,42.36833333333333,-71.10555555555555
17648165,Frederick Billings House,https://en.wikipedia.org/wiki/Frederick_Billings_House,42.39169444444445,-71.12049999999999,contained,0.00,1,75-23,75-23,strong,approved,Preserved human approved decision.,,42.39169444444445,-71.12049999999999
17687172,Harvard Square Subway Kiosk,https://en.wikipedia.org/wiki/Harvard_Square_Subway_Kiosk,42.37358,-71.11896,contained,0.00,1,357-1,357-1,strong,approved,Preserved human approved decision.,,42.37358,-71.11896
17687695,Cambridge Common Historic District,https://en.wikipedia.org/wiki/Cambridge_Common_Historic_District,42.37638888888889,-71.12083333333332,none,,0,,,unmatched,rejected,Preserved human rejected decision.,,42.37638888888889,-71.12083333333332
17696201,Brattle Hall,https://en.wikipedia.org/wiki/Brattle_Hall,42.37352777777778,-71.12152777777777,contained,0.00,1,355-8,355-8,strong,approved,Preserved human approved decision.,,42.37352777777778,-71.12152777777777
17696220,Cambridge Public Library,https://en.wikipedia.org/wiki/Cambridge_Public_Library,42.37411111111111,-71.11080555555554,contained,0.00,1,328-8,328-8,strong,approved,Preserved human approved decision.,,42.37411111111111,-71.11080555555554
17696241,Cambridge Home for the Aged and Infirm,https://en.wikipedia.org/wiki/Cambridge_Home_for_the_Aged_and_Infirm,42.38847222222222,-71.14877777777778,contained,0.00,1,105-3,105-3,strong,approved,Preserved human approved decision.,,42.38847222222222,-71.14877777777778
17696254,Francis J. Child House,https://en.wikipedia.org/wiki/Francis_J._Child_House,42.37801,-71.10965,contained,0.00,1,275-14,275-14,strong,approved,Preserved human approved decision.,,42.37801,-71.10965
17696275,"Church of the New Jerusalem (Cambridge, Massachusetts)","https://en.wikipedia.org/wiki/Church_of_the_New_Jerusalem_(Cambridge,_Massachusetts)",42.376472222222226,-71.11352777777778,contained,0.00,1,299-4,299-4,strong,approved,Preserved human approved decision.,,42.376472222222226,-71.11352777777778
17696301,Conventual Church of St. Mary and St. John,https://en.wikipedia.org/wiki/Conventual_Church_of_St._Mary_and_St._John,42.37222222222222,-71.12472222222222,nearest,3.57,1,356-38,356-38,ambiguous,approved,Preserved human approved decision.,,42.37222222222222,-71.12472222222222
17696318,"First Baptist Church (Cambridge, Massachusetts)","https://en.wikipedia.org/wiki/First_Baptist_Church_(Cambridge,_Massachusetts)",42.36486111111111,-71.10499999999999,contained,0.00,1,604-5,604-5,strong,approved,Preserved human approved decision.,,42.36486111111111,-71.10499999999999
17696341,North Avenue Congregational Church,https://en.wikipedia.org/wiki/North_Avenue_Congregational_Church,42.38638888888889,-71.11861111111111,contained,0.00,1,131-1,131-1,strong,approved,Preserved human approved decision.,,42.38638888888889,-71.11861111111111
17696354,Old Cambridge Baptist Church,https://en.wikipedia.org/wiki/Old_Cambridge_Baptist_Church,42.37166666666667,-71.11422222222221,contained,0.00,1,408-5,408-5,strong,approved,Preserved human approved decision.,,42.37166666666667,-71.11422222222221
17696372,Christ the King Presbyterian Church,https://en.wikipedia.org/wiki/Christ_the_King_Presbyterian_Church,42.36783333333334,-71.10266666666666,contained,0.00,1,523-14,523-14,strong,approved,Preserved human approved decision.,,42.36783333333334,-71.10266666666666
17696397,"St. James Episcopal Church (Cambridge, Massachusetts)","https://en.wikipedia.org/wiki/St._James_Episcopal_Church_(Cambridge,_Massachusetts)",42.39066666666667,-71.12094444444443,contained,0.00,1,82-10,82-10,strong,approved,Preserved human approved decision.,,42.39066666666667,-71.12094444444443
17696418,"Sacred Heart Church, Rectory, School and Convent (Cambridge, Massachusetts)","https://en.wikipedia.org/wiki/Sacred_Heart_Church,_Rectory,_School_and_Convent_(Cambridge,_Massachusetts)",42.370694444444446,-71.08541666666666,nearest,2.72,1,452-2,452-2,ambiguous,approved,Preserved human approved decision.,,42.370694444444446,-71.08541666666666
17696442,"St. John the Evangelist Church (Cambridge, Massachusetts)","https://en.wikipedia.org/wiki/St._John_the_Evangelist_Church_(Cambridge,_Massachusetts)",42.394444444444446,-71.12722222222222,nearest,2.52,1,56-3,56-3,ambiguous,approved,Preserved human approved decision.,,42.394444444444446,-71.12722222222222
17696477,Robert Frost House,https://en.wikipedia.org/wiki/Robert_Frost_House,42.37872222222222,-71.13222222222221,contained,0.00,1,260-10,260-10,strong,approved,Preserved human approved decision.,,42.37872222222222,-71.13222222222221
17696503,Mount Auburn Cemetery Reception House (1870),https://en.wikipedia.org/wiki/Mount_Auburn_Cemetery_Reception_House_(1870),42.37555555555556,-71.14583333333334,nearest,11.36,1,270-92,270-94,ambiguous,approved,Preserved human approved decision.,,42.37555555555556,-71.14583333333334
17696546,Blake and Knowles Steam Pump Company National Register District,https://en.wikipedia.org/wiki/Blake_and_Knowles_Steam_Pump_Company_National_Register_District,42.36611111111111,-71.08388888888888,contained,0.00,1,585-2,585-2,strong,approved,Preserved human approved decision.,,42.36611111111111,-71.08388888888888
17696568,Bottle House Block,https://en.wikipedia.org/wiki/Bottle_House_Block,42.367472222222226,-71.08116666666666,contained,0.00,1,559-1,559-1,strong,approved,Preserved human approved decision.,,42.367472222222226,-71.08116666666666
17696594,William Brattle House,https://en.wikipedia.org/wiki/William_Brattle_House,42.373694444444446,-71.12155555555555,contained,0.00,1,355-6,355-6,strong,approved,Preserved human approved decision.,,42.373694444444446,-71.12155555555555
17696623,William F. Bradbury House,https://en.wikipedia.org/wiki/William_F._Bradbury_House,42.37155555555555,-71.11166666666666,contained,0.00,1,384-3,384-3,strong,approved,Preserved human approved decision.,,42.37155555555555,-71.11166666666666
17696664,Luther Brooks House,https://en.wikipedia.org/wiki/Luther_Brooks_House,42.376583333333336,-71.11308333333332,contained,0.00,1,299-1,299-1,strong,approved,Preserved human approved decision.,,42.376583333333336,-71.11308333333332
17696693,Building at 1707–1709 Cambridge Street,https://en.wikipedia.org/wiki/Building_at_1707%E2%80%931709_Cambridge_Street,42.37538888888889,-71.11213888888888,contained,0.00,1,320-10,320-10,strong,approved,Preserved human approved decision.,,42.37538888888889,-71.11213888888888
17696707,Building at 42 Edward J. Lopez Avenue,https://en.wikipedia.org/wiki/Building_at_42_Edward_J._Lopez_Avenue,42.367805555555556,-71.07983333333333,contained,0.00,1,544-8,544-8,strong,approved,Preserved human approved decision.,,42.367805555555556,-71.07983333333333
17696723,Building at 1715–1717 Cambridge Street,https://en.wikipedia.org/wiki/Building_at_1715%E2%80%931717_Cambridge_Street,42.375416666666666,-71.11247222222222,contained,0.00,1,320-12,320-12,strong,approved,Preserved human approved decision.,,42.375416666666666,-71.11247222222222
17696749,Building at 102–104 Inman Street,https://en.wikipedia.org/wiki/Building_at_102%E2%80%93104_Inman_Street,42.371972222222226,-71.10133333333333,contained,0.00,1,374-45,374-45,strong,approved,Preserved human approved decision.,,42.371972222222226,-71.10133333333333
17696779,Building at 10 Follen Street,https://en.wikipedia.org/wiki/Building_at_10_Follen_Street,42.378416666666666,-71.12194444444444,contained,0.00,1,269-8,269-8,strong,approved,Preserved human approved decision.,,42.378416666666666,-71.12194444444444
17696810,Building at 104–106 Hancock Street,https://en.wikipedia.org/wiki/Building_at_104%E2%80%93106_Hancock_Street,42.36911111111111,-71.10763888888889,contained,0.00,1,490-16,490-16,strong,approved,Preserved human approved decision.,,42.36911111111111,-71.10763888888889
17696832,Building at 106–108 Inman Street,https://en.wikipedia.org/wiki/Building_at_106%E2%80%93108_Inman_Street,42.37222222222222,-71.10111111111111,contained,0.00,1,374-17,374-17,strong,approved,Preserved human approved decision.,,42.37222222222222,-71.10111111111111
17696859,Buildings at 110–112 Inman Street,https://en.wikipedia.org/wiki/Buildings_at_110%E2%80%93112_Inman_Street,42.37247222222222,-71.101,contained,0.00,1,374-26,374-26,strong,approved,Preserved human approved decision.,,42.37247222222222,-71.101
17696882,Buildings at 15–17 Lee Street,https://en.wikipedia.org/wiki/Buildings_at_15%E2%80%9317_Lee_Street,42.36863888888889,-71.10716666666666,contained,0.00,1,490-27,490-27,strong,approved,Preserved human approved decision.,,42.36863888888889,-71.10716666666666
17696908,"City Hall Historic District (Cambridge, Massachusetts)","https://en.wikipedia.org/wiki/City_Hall_Historic_District_(Cambridge,_Massachusetts)",42.36666666666667,-71.10555555555555,nearest,3.71,1,570-5,570-5,ambiguous,rejected,Preserved human rejected decision.,,42.36666666666667,-71.10555555555555
17697091,Cloverden,https://en.wikipedia.org/wiki/Cloverden,42.37905555555555,-71.1211111111111,contained,0.00,1,252-18,252-18,strong,approved,Preserved human approved decision.,,42.37905555555555,-71.1211111111111
17697125,Sara Foster Colburn House,https://en.wikipedia.org/wiki/Sara_Foster_Colburn_House,42.37005555555556,-71.11033333333333,contained,0.00,1,453-5,453-5,strong,approved,Preserved human approved decision.,,42.37005555555556,-71.11033333333333
17697141,"William Cook House (Cambridge, Massachusetts)","https://en.wikipedia.org/wiki/William_Cook_House_(Cambridge,_Massachusetts)",42.37916666666667,-71.13472222222222,nearest,11.39,1,229-42,229-41,ambiguous,approved,Preserved human approved decision.,,42.37916666666667,-71.13472222222222
17697153,Josiah Coolidge House,https://en.wikipedia.org/wiki/Josiah_Coolidge_House,42.37416666666667,-71.13833333333334,nearest,10.31,1,334-14,331-7,ambiguous,approved,Preserved human approved decision.,,42.37416666666667,-71.13833333333334
17697159,Craigie Arms,https://en.wikipedia.org/wiki/Craigie_Arms,42.373,-71.12291666666665,contained,0.00,1,380-1,380-1,strong,approved,Preserved human approved decision.,,42.373,-71.12291666666665
17697204,E. E. Cummings House,https://en.wikipedia.org/wiki/E._E._Cummings_House,42.37877777777778,-71.11069444444443,contained,0.00,1,257-9,257-9,strong,approved,Preserved human approved decision.,,42.37877777777778,-71.11069444444443
17697247,Anna Day House,https://en.wikipedia.org/wiki/Anna_Day_House,42.37861111111111,-71.15222222222222,nearest,12.21,1,254-32,254-22,ambiguous,approved,Preserved human approved decision.,,42.37861111111111,-71.15222222222222
17697281,Building at 259 Mount Auburn Street,https://en.wikipedia.org/wiki/Building_at_259_Mount_Auburn_Street,42.37493055555556,-71.13202777777776,contained,0.00,1,322-25,322-25,strong,approved,Preserved human approved decision.,,42.37493055555556,-71.13202777777776
17697307,Dana-Palmer House,https://en.wikipedia.org/wiki/Dana-Palmer_House,42.373,-71.11466666666666,contained,0.00,1,333-5,333-5,strong,approved,Preserved human approved decision.,,42.373,-71.11466666666666
17697339,Deane-Williams House,https://en.wikipedia.org/wiki/Deane-Williams_House,42.37222222222222,-71.10377777777778,contained,0.00,1,362-6,362-6,strong,approved,Preserved human approved decision.,,42.37222222222222,-71.10377777777778
17697369,DeRosay-McNamee House,https://en.wikipedia.org/wiki/DeRosay-McNamee_House,42.387277777777776,-71.12163888888888,contained,0.00,1,120-36,120-36,strong,approved,Preserved human approved decision.,,42.387277777777776,-71.12163888888888
17697397,"Edward Dodge House (Cambridge, Massachusetts)","https://en.wikipedia.org/wiki/Edward_Dodge_House_(Cambridge,_Massachusetts)",42.37972222222222,-71.13138888888888,nearest,14.24,1,230-39,219-31,ambiguous,approved,Preserved human approved decision.,,42.37972222222222,-71.13138888888888
17697420,The Dunvegan,https://en.wikipedia.org/wiki/The_Dunvegan,42.38161111111111,-71.12002777777776,contained,0.00,1,220-3,220-3,strong,approved,Preserved human approved decision.,,42.38161111111111,-71.12002777777776
17697439,East Cambridge Historic District,https://en.wikipedia.org/wiki/East_Cambridge_Historic_District,42.37,-71.08083333333333,nearest,2.87,1,471-2,471-2,ambiguous,rejected,Preserved human rejected decision.,,42.37,-71.08083333333333
17697464,East Cambridge Savings Bank,https://en.wikipedia.org/wiki/East_Cambridge_Savings_Bank,42.37097222222222,-71.08097222222221,contained,0.00,1,447-5,447-5,strong,approved,Preserved human approved decision.,,42.37097222222222,-71.08097222222221
17697481,Asa Ellis House,https://en.wikipedia.org/wiki/Asa_Ellis_House,42.36338888888889,-71.10499999999999,contained,0.00,1,646-13,646-13,strong,approved,Preserved human approved decision.,,42.36338888888889,-71.10499999999999
17697501,R.H. Farwell House,https://en.wikipedia.org/wiki/R.H._Farwell_House,42.39344444444444,-71.12630555555555,contained,0.00,1,62-1,62-1,strong,approved,Preserved human approved decision.,,42.39344444444444,-71.12630555555555
17697563,Isaac Fay House,https://en.wikipedia.org/wiki/Isaac_Fay_House,42.373222222222225,-71.10194444444444,contained,0.00,1,364-16,364-16,strong,approved,Preserved human approved decision.,,42.373222222222225,-71.10194444444444
17697585,Ernst Flentje House,https://en.wikipedia.org/wiki/Ernst_Flentje_House,42.35911111111111,-71.11144444444444,contained,0.00,1,712-6,712-6,strong,approved,Preserved human approved decision.,,42.35911111111111,-71.11144444444444
17697608,Follen Street Historic District,https://en.wikipedia.org/wiki/Follen_Street_Historic_District,42.37861111111111,-71.12333333333332,contained,0.00,1,252-30,252-30,strong,rejected,Preserved human rejected decision.,,42.37861111111111,-71.12333333333332
17697654,Fort Washington (Massachusetts),https://en.wikipedia.org/wiki/Fort_Washington_(Massachusetts),42.35655555555556,-71.10427777777777,none,,0,,,unmatched,rejected,Preserved human rejected decision.,,42.35655555555556,-71.10427777777777
17697667,Fresh Pond Hotel,https://en.wikipedia.org/wiki/Fresh_Pond_Hotel,42.38291666666667,-71.14102777777778,contained,0.00,1,199-7,199-7,strong,approved,Preserved human approved decision.,,42.38291666666667,-71.14102777777778
17697694,David Frost House,https://en.wikipedia.org/wiki/David_Frost_House,42.383361111111114,-71.12213888888888,contained,0.00,1,179-16,179-16,strong,approved,Preserved human approved decision.,,42.383361111111114,-71.12213888888888
17697716,Elizabeth Frost Tenanthouse,https://en.wikipedia.org/wiki/Elizabeth_Frost_Tenanthouse,42.383583333333334,-71.12172222222222,contained,0.00,1,179-12,179-12,strong,approved,Preserved human approved decision.,,42.383583333333334,-71.12172222222222
17697742,Walter Frost House,https://en.wikipedia.org/wiki/Walter_Frost_House,42.38602777777778,-71.11722222222221,contained,0.00,1,134-11,134-11,strong,approved,Preserved human approved decision.,,42.38602777777778,-71.11722222222221
17703988,"George Gale House (Cambridge, Massachusetts)","https://en.wikipedia.org/wiki/George_Gale_House_(Cambridge,_Massachusetts)",42.36841666666667,-71.10577777777777,contained,0.00,1,506-18,506-18,strong,approved,Preserved human approved decision.,,42.36841666666667,-71.10577777777777
17704015,Garfield Street Historic District,https://en.wikipedia.org/wiki/Garfield_Street_Historic_District,42.38388888888889,-71.11833333333333,contained,0.00,1,173-32,173-32,strong,rejected,Preserved human rejected decision.,,42.38388888888889,-71.11833333333333
17704027,Gray Gardens East and West Historic District,https://en.wikipedia.org/wiki/Gray_Gardens_East_and_West_Historic_District,42.38361111111111,-71.1286111111111,nearest,11.72,1,159-35,159-35,ambiguous,rejected,Preserved human rejected decision.,,42.38361111111111,-71.1286111111111
17704037,"Greek Revival Cottage (Cambridge, Massachusetts)","https://en.wikipedia.org/wiki/Greek_Revival_Cottage_(Cambridge,_Massachusetts)",42.39438888888889,-71.12983333333332,contained,0.00,1,43-54,43-54,strong,approved,Preserved human approved decision.,,42.39438888888889,-71.12983333333332
17704054,Hall Tavern,https://en.wikipedia.org/wiki/Hall_Tavern,42.38308333333333,-71.12938888888888,contained,0.00,1,186-6,186-6,strong,approved,Preserved human approved decision.,,42.38308333333333,-71.12938888888888
17704077,Richard Hapgood House,https://en.wikipedia.org/wiki/Richard_Hapgood_House,42.37166666666667,-71.11333333333333,contained,0.00,1,408-4,408-4,strong,approved,Preserved human approved decision.,,42.37166666666667,-71.11333333333333
17704096,Harvard Houses Historic District,https://en.wikipedia.org/wiki/Harvard_Houses_Historic_District,42.37,-71.11805555555554,nearest,1.84,1,437-8,437-8,ambiguous,rejected,Preserved human rejected decision.,,42.37,-71.11805555555554
17704109,Harvard Street Historic District,https://en.wikipedia.org/wiki/Harvard_Street_Historic_District,42.37075,-71.1093611111111,nearest,12.65,1,466-6,466-6,ambiguous,rejected,Preserved human rejected decision.,,42.37075,-71.1093611111111
17704131,Harvard Union,https://en.wikipedia.org/wiki/Harvard_Union,42.37258333333333,-71.11455555555555,contained,0.00,1,333-7,333-7,strong,approved,Preserved human approved decision.,,42.37258333333333,-71.11455555555555
17704147,Hastings Square Historic District,https://en.wikipedia.org/wiki/Hastings_Square_Historic_District,42.35638888888889,-71.11,contained,0.00,1,733-27,733-27,strong,rejected,Preserved human rejected decision.,,42.35638888888889,-71.11
17704171,Col. Thomas Wentworth Higginson House,https://en.wikipedia.org/wiki/Col._Thomas_Wentworth_Higginson_House,42.38027777777778,-71.13055555555555,nearest,2.34,1,999-1693,219-21,ambiguous,approved,Preserved human approved decision.,,42.38027777777778,-71.13055555555555
17704196,Henderson Carriage Repository,https://en.wikipedia.org/wiki/Henderson_Carriage_Repository,42.391555555555556,-71.12305555555555,contained,0.00,1,74-28,74-28,strong,approved,Preserved human approved decision.,,42.391555555555556,-71.12305555555555
17704244,Aaron Hill House,https://en.wikipedia.org/wiki/Aaron_Hill_House,42.37616666666667,-71.12899999999999,contained,0.00,1,291-31,291-31,strong,approved,Preserved human approved decision.,,42.37616666666667,-71.12899999999999
17704326,Joseph Holmes House,https://en.wikipedia.org/wiki/Joseph_Holmes_House,42.37166666666667,-71.14,nearest,9.30,1,387-19,387-16,ambiguous,approved,Preserved human approved decision.,,42.37166666666667,-71.14
17704352,Homer-Lovell House,https://en.wikipedia.org/wiki/Homer-Lovell_House,42.38547222222222,-71.11774999999999,contained,0.00,1,131-28,131-28,strong,approved,Preserved human approved decision.,,42.38547222222222,-71.11774999999999
17704381,Hooper-Eliot House,https://en.wikipedia.org/wiki/Hooper-Eliot_House,42.379194444444444,-71.13672222222223,contained,0.00,1,234-39,234-39,strong,approved,Preserved human approved decision.,,42.379194444444444,-71.13672222222223
17704397,"Howe House (Cambridge, Massachusetts)","https://en.wikipedia.org/wiki/Howe_House_(Cambridge,_Massachusetts)",42.377944444444445,-71.13327777777778,contained,0.00,1,276-17,276-17,strong,approved,Preserved human approved decision.,,42.377944444444445,-71.13327777777778
17704432,F. A. Kennedy Steam Bakery,https://en.wikipedia.org/wiki/F._A._Kennedy_Steam_Bakery,42.36277777777778,-71.10138888888888,contained,0.00,1,652-1,652-1,strong,approved,Preserved human approved decision.,,42.36277777777778,-71.10138888888888
17704467,Lawrence Soule House,https://en.wikipedia.org/wiki/Lawrence_Soule_House,42.39248611111111,-71.12320833333332,contained,0.00,1,72-9,72-9,strong,approved,Preserved human approved decision.,,42.39248611111111,-71.12320833333332
17704493,Wyeth Brickyard Superintendent's House,https://en.wikipedia.org/wiki/Wyeth_Brickyard_Superintendent%27s_House,42.39361111111111,-71.13722222222223,contained,0.00,1,59-14,59-14,strong,approved,Preserved human approved decision.,,42.39361111111111,-71.13722222222223
17704537,H. Langford Warren House,https://en.wikipedia.org/wiki/H._Langford_Warren_House,42.38777777777778,-71.12833333333333,nearest,8.20,1,999-2420,201-8,ambiguous,approved,Preserved human approved decision.,,42.38777777777778,-71.12833333333333
17704595,Clifton Merriman Post Office Building,https://en.wikipedia.org/wiki/Clifton_Merriman_Post_Office_Building,42.36633333333334,-71.10602777777777,contained,0.00,1,575-4,575-4,strong,approved,Preserved human approved decision.,,42.36633333333334,-71.10602777777777
17704656,Benjamin Hoyt House,https://en.wikipedia.org/wiki/Benjamin_Hoyt_House,42.370777777777775,-71.08452777777778,nearest,0.58,1,458-12,458-9,ambiguous,approved,Preserved human approved decision.,,42.370777777777775,-71.08452777777778
17704690,Hubbard Park Historic District,https://en.wikipedia.org/wiki/Hubbard_Park_Historic_District,42.376666666666665,-71.13166666666666,contained,0.00,1,294-14,294-14,strong,rejected,Preserved human rejected decision.,,42.376666666666665,-71.13166666666666
17704730,The Jarvis,https://en.wikipedia.org/wiki/The_Jarvis,42.38011111111111,-71.11758333333333,contained,0.00,1,243-20,243-20,strong,approved,Preserved human approved decision.,,42.38011111111111,-71.11758333333333
17704758,William R. Jones House,https://en.wikipedia.org/wiki/William_R._Jones_House,42.37008333333333,-71.1063611111111,contained,0.00,1,448-29,448-29,strong,approved,Preserved human approved decision.,,42.37008333333333,-71.1063611111111
17704777,Kidder–Sargent–McCrehan House,https://en.wikipedia.org/wiki/Kidder%E2%80%93Sargent%E2%80%93McCrehan_House,42.39319444444445,-71.13055555555555,contained,0.00,1,68-2,68-2,strong,approved,Preserved human approved decision.,,42.39319444444445,-71.13055555555555
17704806,Chester Kingsley House,https://en.wikipedia.org/wiki/Chester_Kingsley_House,42.39341666666667,-71.1243611111111,contained,0.00,1,63-1,63-1,strong,approved,Preserved human approved decision.,,42.39341666666667,-71.1243611111111
17704834,Lechmere Point Corporation Houses,https://en.wikipedia.org/wiki/Lechmere_Point_Corporation_Houses,42.37166666666667,-71.08027777777778,contained,0.00,1,422-10,400-6,strong,approved,Preserved human approved decision.,,42.37166666666667,-71.08027777777778
17704869,Rufus Lamson House,https://en.wikipedia.org/wiki/Rufus_Lamson_House,42.367777777777775,-71.09383333333332,contained,0.00,1,550-2,550-2,strong,approved,Preserved human approved decision.,,42.367777777777775,-71.09383333333332
17704882,Kirkland Place Historic District,https://en.wikipedia.org/wiki/Kirkland_Place_Historic_District,42.378055555555555,-71.11416666666666,nearest,4.73,1,241-43,241-43,ambiguous,rejected,Preserved human rejected decision.,,42.378055555555555,-71.11416666666666
17704906,"The Larches (Cambridge, Massachusetts)","https://en.wikipedia.org/wiki/The_Larches_(Cambridge,_Massachusetts)",42.376583333333336,-71.14241666666668,contained,0.00,1,292-9,292-9,strong,approved,Preserved human approved decision.,,42.376583333333336,-71.14241666666668
17704921,Littlefield-Roberts House,https://en.wikipedia.org/wiki/Littlefield-Roberts_House,42.37305555555555,-71.11388888888888,nearest,2.84,1,349-18,349-16,ambiguous,approved,Preserved human approved decision.,,42.37305555555555,-71.11388888888888
17704939,"Lowell School (Cambridge, Massachusetts)","https://en.wikipedia.org/wiki/Lowell_School_(Cambridge,_Massachusetts)",42.375416666666666,-71.13347222222222,contained,0.00,1,297-49,297-49,strong,approved,Preserved human approved decision.,,42.375416666666666,-71.13347222222222
17704949,Joseph Lovering House,https://en.wikipedia.org/wiki/Joseph_Lovering_House,42.376666666666665,-71.11261111111111,contained,0.00,1,299-3,299-3,strong,approved,Preserved human approved decision.,,42.376666666666665,-71.11261111111111
17704970,Lovell Block,https://en.wikipedia.org/wiki/Lovell_Block,42.38780555555555,-71.119,contained,0.00,1,112-1,112-1,strong,approved,Preserved human approved decision.,,42.38780555555555,-71.119
17704987,Memorial Drive Apartments Historic District,https://en.wikipedia.org/wiki/Memorial_Drive_Apartments_Historic_District,42.37277777777778,-71.12583333333333,nearest,17.97,1,356-33,356-33,ambiguous,approved,Preserved human approved decision.,,42.37277777777778,-71.12583333333333
17705003,Josiah Mason Jr. House,https://en.wikipedia.org/wiki/Josiah_Mason_Jr._House,42.367111111111114,-71.09394444444445,contained,0.00,1,550-12,550-12,strong,approved,Preserved human approved decision.,,42.367111111111114,-71.09394444444445
17705020,W. A. Mason House,https://en.wikipedia.org/wiki/W._A._Mason_House,42.38583333333333,-71.12638888888888,nearest,1.88,1,143-8,143-8,ambiguous,approved,Preserved human approved decision.,,42.38583333333333,-71.12638888888888
17705036,"Maple Avenue Historic District (Cambridge, Massachusetts)","https://en.wikipedia.org/wiki/Maple_Avenue_Historic_District_(Cambridge,_Massachusetts)",42.37222222222222,-71.10499999999999,nearest,3.32,1,365-36,365-36,ambiguous,rejected,Preserved human rejected decision.,,42.37222222222222,-71.10499999999999
17705056,The Lowell,https://en.wikipedia.org/wiki/The_Lowell,42.37716666666667,-71.13969444444444,contained,0.00,1,242-62,242-62,strong,approved,Preserved human approved decision.,,42.37716666666667,-71.13969444444444
17705068,The Montrose,https://en.wikipedia.org/wiki/The_Montrose,42.38136111111111,-71.12008333333333,contained,0.00,1,220-1,220-1,strong,approved,Preserved human approved decision.,,42.38136111111111,-71.12008333333333
17705087,Wyeth-Smith House,https://en.wikipedia.org/wiki/Wyeth-Smith_House,42.38355555555555,-71.13891666666667,contained,0.00,1,192-3,192-3,strong,approved,Preserved human approved decision.,,42.38355555555555,-71.13891666666667
17705115,John Wyeth House,https://en.wikipedia.org/wiki/John_Wyeth_House,42.376694444444446,-71.14680555555556,contained,0.00,1,274-1,274-1,strong,approved,Preserved human approved decision.,,42.376694444444446,-71.14680555555556
17705132,Upper Magazine Street Historic District,https://en.wikipedia.org/wiki/Upper_Magazine_Street_Historic_District,42.363055555555555,-71.10694444444444,nearest,0.59,1,642-30,642-30,ambiguous,rejected,Preserved human rejected decision.,,42.363055555555555,-71.10694444444444
17710052,Isaac McLean House,https://en.wikipedia.org/wiki/Isaac_McLean_House,42.393299999999996,-71.12618888888888,contained,0.00,1,62-2,62-2,strong,approved,Preserved human approved decision.,,42.393299999999996,-71.12618888888888
17710074,Alpheus Mead House,https://en.wikipedia.org/wiki/Alpheus_Mead_House,42.39296944444445,-71.12576944444444,contained,0.00,1,62-8,62-8,strong,approved,Preserved human approved decision.,,42.39296944444445,-71.12576944444444
17710086,Isaac Melvin House,https://en.wikipedia.org/wiki/Isaac_Melvin_House,42.36991666666667,-71.10930555555555,contained,0.00,1,466-23,466-23,strong,approved,Preserved human approved decision.,,42.36991666666667,-71.10930555555555
17710107,New England Confectionery Company Factory,https://en.wikipedia.org/wiki/New_England_Confectionery_Company_Factory,42.361111111111114,-71.09777777777778,contained,0.00,1,688-1,688-1,strong,approved,Preserved human approved decision.,,42.361111111111114,-71.09777777777778
17710127,Andrew Newman House,https://en.wikipedia.org/wiki/Andrew_Newman_House,42.3615,-71.11030555555556,contained,0.00,1,682-22,682-22,strong,approved,Preserved human approved decision.,,42.3615,-71.11030555555556
17710140,Norfolk Street Historic District,https://en.wikipedia.org/wiki/Norfolk_Street_Historic_District,42.365833333333335,-71.10111111111111,nearest,2.61,1,551-44,551-44,ambiguous,rejected,Preserved human rejected decision.,,42.365833333333335,-71.10111111111111
17710156,J.A. Noyes House,https://en.wikipedia.org/wiki/J.A._Noyes_House,42.379666666666665,-71.13166666666666,contained,0.00,1,230-39,230-39,strong,approved,Preserved human approved decision.,,42.379666666666665,-71.13166666666666
17710174,Old Cambridge Historic District,https://en.wikipedia.org/wiki/Old_Cambridge_Historic_District,42.37694444444445,-71.14027777777778,nearest,2.17,1,246-90,246-90,ambiguous,rejected,Preserved human rejected decision.,,42.37694444444445,-71.14027777777778
17710188,Old Cambridgeport Historic District,https://en.wikipedia.org/wiki/Old_Cambridgeport_Historic_District,42.365833333333335,-71.09722222222221,nearest,2.78,1,583-18,583-18,ambiguous,rejected,Preserved human rejected decision.,,42.365833333333335,-71.09722222222221
17710206,Opposition House,https://en.wikipedia.org/wiki/Opposition_House,42.369514,-71.1068103,contained,0.00,1,490-3,490-3,strong,approved,Preserved human approved decision.,,42.369514,-71.1068103
17710227,Peabody Court Apartments,https://en.wikipedia.org/wiki/Peabody_Court_Apartments,42.38361111111111,-71.12416666666665,contained,0.00,1,175-9,175-9,strong,approved,Preserved human approved decision.,,42.38361111111111,-71.12416666666665
17710244,Sarah Orne House,https://en.wikipedia.org/wiki/Sarah_Orne_House,42.37405555555556,-71.13816666666668,contained,0.00,1,336-7,336-7,strong,approved,Preserved human approved decision.,,42.37405555555556,-71.13816666666668
17710265,Dexter Pratt House,https://en.wikipedia.org/wiki/Dexter_Pratt_House,42.37444444444444,-71.12230555555554,contained,0.00,1,332-19,332-19,strong,approved,Preserved human approved decision.,,42.37444444444444,-71.12230555555554
17710280,Cheney Read House,https://en.wikipedia.org/wiki/Cheney_Read_House,42.36513888888889,-71.10852777777777,contained,0.00,1,572-48,572-48,strong,approved,Preserved human approved decision.,,42.36513888888889,-71.10852777777777
17710310,J. A. Wood House,https://en.wikipedia.org/wiki/J._A._Wood_House,42.382777777777775,-71.11916666666666,contained,0.00,1,190-37,190-37,strong,approved,Preserved human approved decision.,,42.382777777777775,-71.11916666666666
17710326,S. B. Withey House,https://en.wikipedia.org/wiki/S._B._Withey_House,42.375305555555556,-71.12158333333333,contained,0.00,1,319-3,319-3,strong,approved,Preserved human approved decision.,,42.375305555555556,-71.12158333333333
17710346,Winter Street Historic District,https://en.wikipedia.org/wiki/Winter_Street_Historic_District,42.37277777777778,-71.08166666666666,contained,0.00,1,369-18,369-18,strong,rejected,Preserved human rejected decision.,,42.37277777777778,-71.08166666666666
17710356,Stillman Willis House,https://en.wikipedia.org/wiki/Stillman_Willis_House,42.38444444444444,-71.12083333333332,contained,0.00,1,167-9,167-9,strong,approved,Preserved human approved decision.,,42.38444444444444,-71.12083333333332
17710370,Abraham Watson House,https://en.wikipedia.org/wiki/Abraham_Watson_House,42.392472222222224,-71.13294444444443,contained,0.00,1,64-9,64-9,strong,approved,Preserved human approved decision.,,42.392472222222224,-71.13294444444443
17710385,Patrick Slowey House,https://en.wikipedia.org/wiki/Patrick_Slowey_House,42.39025,-71.13194444444444,contained,0.00,1,97-8,97-8,strong,approved,Preserved human approved decision.,,42.39025,-71.13194444444444
17710395,Shady Hill Historic District,https://en.wikipedia.org/wiki/Shady_Hill_Historic_District,42.37916666666667,-71.11138888888888,contained,0.00,1,258-5,258-5,strong,rejected,Preserved human rejected decision.,,42.37916666666667,-71.11138888888888
17710414,"Shell Oil Company ""Spectacular"" Sign",https://en.wikipedia.org/wiki/Shell_Oil_Company_%22Spectacular%22_Sign,42.35680555555556,-71.11441666666666,nearest,7.40,1,718-7,718-7,ambiguous,rejected,Preserved human rejected decision.,,42.35680555555556,-71.11441666666666
17710431,Edmund Reardon House,https://en.wikipedia.org/wiki/Edmund_Reardon_House,42.36036111111111,-71.10780555555554,contained,0.00,1,692-16,692-16,strong,approved,Preserved human approved decision.,,42.36036111111111,-71.10780555555554
17710460,River Street Firehouse,https://en.wikipedia.org/wiki/River_Street_Firehouse,42.36327777777778,-71.11,contained,0.00,1,641-9,641-9,strong,approved,Preserved human approved decision.,,42.36327777777778,-71.11
17710485,Ware Hall,https://en.wikipedia.org/wiki/Ware_Hall,42.371944444444445,-71.11305555555555,contained,0.00,1,366-1,366-1,strong,approved,Preserved human approved decision.,,42.371944444444445,-71.11305555555555
17710508,Walden Street Cattle Pass,https://en.wikipedia.org/wiki/Walden_Street_Cattle_Pass,42.38941666666667,-71.12466666666666,nearest,13.19,1,102-21,102-21,ambiguous,rejected,Preserved human rejected decision.,,42.38941666666667,-71.12466666666666
17710533,Albert Vinal House,https://en.wikipedia.org/wiki/Albert_Vinal_House,42.37052777777778,-71.10775,contained,0.00,1,440-26,440-26,strong,approved,Preserved human approved decision.,,42.37052777777778,-71.10775
17710548,Valentine Soap Workers Cottages,https://en.wikipedia.org/wiki/Valentine_Soap_Workers_Cottages,42.36244444444445,-71.10538888888888,nearest,1.83,1,649-23,649-23,ambiguous,approved,Preserved human approved decision.,,42.36244444444445,-71.10538888888888
17710565,Reversible Collar Company Building,https://en.wikipedia.org/wiki/Reversible_Collar_Company_Building,42.37083333333334,-71.11486111111111,contained,0.00,1,439-4,439-4,strong,approved,Preserved human approved decision.,,42.37083333333334,-71.11486111111111
17710590,William Saunders House,https://en.wikipedia.org/wiki/William_Saunders_House,42.384277777777775,-71.11883333333333,contained,0.00,1,173-15,173-15,strong,approved,Preserved human approved decision.,,42.384277777777775,-71.11883333333333
17710614,"Urban Rowhouse (40–48 Pearl Street, Cambridge, Massachusetts)","https://en.wikipedia.org/wiki/Urban_Rowhouse_(40%E2%80%9348_Pearl_Street,_Cambridge,_Massachusetts)",42.36372222222222,-71.10341666666666,contained,0.00,1,640-1,640-1,strong,approved,Preserved human approved decision.,,42.36372222222222,-71.10341666666666
17710645,University Museum (Harvard University),https://en.wikipedia.org/wiki/University_Museum_(Harvard_University),42.37847222222222,-71.11552777777777,contained,0.00,1,241-17,241-17,strong,approved,Preserved human approved decision.,,42.37847222222222,-71.11552777777777
17710666,Union Railway Car Barn,https://en.wikipedia.org/wiki/Union_Railway_Car_Barn,42.372055555555555,-71.08641666666666,contained,0.00,1,388-19,388-19,strong,approved,Preserved human approved decision.,,42.372055555555555,-71.08641666666666
17710686,Taylor Square Firehouse,https://en.wikipedia.org/wiki/Taylor_Square_Firehouse,42.38425,-71.12988888888889,contained,0.00,1,170-1,170-1,strong,approved,Preserved human approved decision.,,42.38425,-71.12988888888889
17710700,Treadwell-Sparks House,https://en.wikipedia.org/wiki/Treadwell-Sparks_House,42.376666666666665,-71.11555555555555,contained,0.00,1,241-61,241-61,strong,approved,Preserved human approved decision.,,42.376666666666665,-71.11555555555555
17710714,Stickney-Shepard House,https://en.wikipedia.org/wiki/Stickney-Shepard_House,42.37133333333333,-71.11344444444444,contained,0.00,1,408-8,408-8,strong,approved,Preserved human approved decision.,,42.37133333333333,-71.11344444444444
17710743,The Stanstead,https://en.wikipedia.org/wiki/The_Stanstead,42.37388888888889,-71.11444444444444,contained,0.00,1,333-1,349-12,strong,approved,Preserved human approved decision.,,42.37388888888889,-71.11444444444444
17710762,Second Waterhouse House,https://en.wikipedia.org/wiki/Second_Waterhouse_House,42.378680555555555,-71.12245833333333,contained,0.00,1,252-24,252-24,strong,approved,Preserved human approved decision.,,42.378680555555555,-71.12245833333333
17710795,Salem–Auburn Streets Historic District,https://en.wikipedia.org/wiki/Salem%E2%80%93Auburn_Streets_Historic_District,42.36277777777778,-71.10388888888889,contained,0.00,1,663-1,663-1,strong,rejected,Preserved human rejected decision.,,42.36277777777778,-71.10388888888889
17710815,Second Cambridge Savings Bank Building,https://en.wikipedia.org/wiki/Second_Cambridge_Savings_Bank_Building,42.37288888888889,-71.11916666666666,contained,0.00,1,357-7,357-7,strong,approved,Preserved human approved decision.,,42.37288888888889,-71.11916666666666
17710839,Sears Tower – Harvard Observatory,https://en.wikipedia.org/wiki/Sears_Tower_%E2%80%93_Harvard_Observatory,42.381461111111115,-71.12836944444443,contained,0.00,1,201-13,201-13,strong,approved,Preserved human approved decision.,,42.381461111111115,-71.12836944444443
17710856,Ivory Sands House,https://en.wikipedia.org/wiki/Ivory_Sands_House,42.370444444444445,-71.09702777777777,contained,0.00,1,456-11,456-11,strong,approved,Preserved human approved decision.,,42.370444444444445,-71.09702777777777
17710874,Hiram Sands House,https://en.wikipedia.org/wiki/Hiram_Sands_House,42.369416666666666,-71.11319444444445,contained,0.00,1,489-6,489-6,strong,approved,Preserved human approved decision.,,42.369416666666666,-71.11319444444445
18426501,Harvard University,https://en.wikipedia.org/wiki/Harvard_University,42.37444444444444,-71.11694444444444,nearest,1.83,1,318-16,318-16,ambiguous,rejected,Preserved human rejected decision.,,42.37444444444444,-71.11694444444444
18568871,List Visual Arts Center,https://en.wikipedia.org/wiki/List_Visual_Arts_Center,42.3608,-71.0877,contained,0.00,1,672-5,672-5,strong,approved,Preserved human approved decision.,,42.3608,-71.0877
19227918,Harvard University Police Department,https://en.wikipedia.org/wiki/Harvard_University_Police_Department,42.368944444444445,-71.11218333333333,nearest,8.62,1,489-17,489-17,ambiguous,rejected,Preserved human rejected decision.,,42.368944444444445,-71.11218333333333
19412748,Center for Bits and Atoms,https://en.wikipedia.org/wiki/Center_for_Bits_and_Atoms,42.3604,-71.087,contained,0.00,1,672-6,672-6,strong,rejected,Preserved human rejected decision.,,42.3604,-71.087
19837711,River Street Bridge (Charles River),https://en.wikipedia.org/wiki/River_Street_Bridge_(Charles_River),42.36123,-71.1167,none,,0,,,unmatched,rejected,Preserved human rejected decision.,,42.36123,-71.1167
19837806,Western Avenue Bridge,https://en.wikipedia.org/wiki/Western_Avenue_Bridge,42.36422,-71.1169,none,,0,,,unmatched,rejected,Preserved human rejected decision.,,42.36422,-71.1169
19841643,John W. Weeks Bridge,https://en.wikipedia.org/wiki/John_W._Weeks_Bridge,42.36853,-71.11807,none,,0,,,unmatched,rejected,Preserved human rejected decision.,,42.36853,-71.11807
21333050,Quincy House (Harvard College),https://en.wikipedia.org/wiki/Quincy_House_(Harvard_College),42.3705,-71.1171,nearest,8.29,1,438-8,438-1,ambiguous,approved,Preserved human approved decision.,,42.3705,-71.1171
21396514,Ragon Institute,https://en.wikipedia.org/wiki/Ragon_Institute,42.364,-71.092,contained,0.00,1,610-5,610-5,strong,approved,Preserved human approved decision.,,42.364,-71.092
21427054,"MIT Campus (Area 2), Cambridge, Massachusetts","https://en.wikipedia.org/wiki/MIT_Campus_(Area_2),_Cambridge,_Massachusetts",42.35975,-71.09205555555555,contained,0.00,1,668-10,668-10,strong,rejected,Preserved human rejected decision.,,42.35975,-71.09205555555555
21427114,Wellington-Harrington,https://en.wikipedia.org/wiki/Wellington-Harrington,42.3725,-71.09194444444444,nearest,2.66,1,397-14,397-14,ambiguous,rejected,Preserved human rejected decision.,,42.3725,-71.09194444444444
21427284,Mid-Cambridge,https://en.wikipedia.org/wiki/Mid-Cambridge,42.372638888888886,-71.10965277777777,nearest,3.97,1,399-13,399-13,ambiguous,rejected,Preserved human rejected decision.,,42.372638888888886,-71.10965277777777
21427333,"Riverside, Cambridge","https://en.wikipedia.org/wiki/Riverside,_Cambridge",42.367777777777775,-71.11472222222221,nearest,8.24,1,532-24,532-24,ambiguous,rejected,Preserved human rejected decision.,,42.367777777777775,-71.11472222222221
21427437,"Baldwin, Cambridge, Massachusetts","https://en.wikipedia.org/wiki/Baldwin,_Cambridge,_Massachusetts",42.38361111111111,-71.11611111111111,nearest,10.15,1,193-2,193-2,ambiguous,rejected,Preserved human rejected decision.,,42.38361111111111,-71.11611111111111
21427610,West Cambridge (neighborhood),https://en.wikipedia.org/wiki/West_Cambridge_(neighborhood),42.37777777777778,-71.13027777777778,nearest,14.30,1,285-7,285-7,ambiguous,rejected,Preserved human rejected decision.,,42.37777777777778,-71.13027777777778
21427761,"North Cambridge, Massachusetts","https://en.wikipedia.org/wiki/North_Cambridge,_Massachusetts",42.395833333333336,-71.13,nearest,6.78,1,999-3044,999-3044,ambiguous,rejected,Preserved human rejected decision.,,42.395833333333336,-71.13
21427816,Cambridge Highlands,https://en.wikipedia.org/wiki/Cambridge_Highlands,42.390277777777776,-71.15083333333334,contained,0.00,1,46-48,46-48,strong,rejected,Preserved human rejected decision.,,42.390277777777776,-71.15083333333334
21427840,"Strawberry Hill, Cambridge","https://en.wikipedia.org/wiki/Strawberry_Hill,_Cambridge",42.37777777777778,-71.15194444444445,contained,0.00,1,279-2,279-2,strong,rejected,Preserved human rejected decision.,,42.37777777777778,-71.15194444444445
21464432,Koch Institute for Integrative Cancer Research,https://en.wikipedia.org/wiki/Koch_Institute_for_Integrative_Cancer_Research,42.36222222222222,-71.0886111111111,nearest,9.65,1,668-76,668-76,ambiguous,rejected,Preserved human rejected decision.,,42.36222222222222,-71.0886111111111
21709445,Rappaport Institute for Greater Boston,https://en.wikipedia.org/wiki/Rappaport_Institute_for_Greater_Boston,42.371,-71.122,contained,0.00,1,398-1,398-1,strong,rejected,Preserved human rejected decision.,,42.371,-71.122
21733950,Xmortis,https://en.wikipedia.org/wiki/Xmortis,42.3638,-71.1015,nearest,0.66,1,644-4,644-4,ambiguous,rejected,Preserved human rejected decision.,,42.3638,-71.1015
22371972,Owl Club (Harvard),https://en.wikipedia.org/wiki/Owl_Club_(Harvard),42.3715,-71.1187,contained,0.00,1,424-1,424-1,strong,approved,Preserved human approved decision.,,42.3715,-71.1187
22711896,"Urban Rowhouse (30–38 Pearl Street, Cambridge, Massachusetts)","https://en.wikipedia.org/wiki/Urban_Rowhouse_(30%E2%80%9338_Pearl_Street,_Cambridge,_Massachusetts)",42.36394444444445,-71.10316666666667,contained,0.00,1,640-1,640-1,strong,approved,Preserved human approved decision.,,42.36394444444445,-71.10316666666667
22711934,"Urban Rowhouse (26–32 River Street, Cambridge, Massachusetts)","https://en.wikipedia.org/wiki/Urban_Rowhouse_(26%E2%80%9332_River_Street,_Cambridge,_Massachusetts)",42.364666666666665,-71.10586111111111,contained,0.00,1,627-2,627-2,strong,approved,Preserved human approved decision.,,42.364666666666665,-71.10586111111111
22790984,Nameless Coffeehouse,https://en.wikipedia.org/wiki/Nameless_Coffeehouse,42.37453611111111,-71.11928055555555,contained,0.00,1,319-19,319-19,strong,rejected,Preserved human rejected decision.,,42.37453611111111,-71.11928055555555
22794033,Shady Hill School,https://en.wikipedia.org/wiki/Shady_Hill_School,42.371,-71.138,nearest,18.36,1,387-32,387-32,ambiguous,rejected,Preserved human rejected decision.,,42.371,-71.138
22856069,Harvard–Yenching Library,https://en.wikipedia.org/wiki/Harvard%E2%80%93Yenching_Library,42.37745833333334,-71.11425555555554,nearest,2.29,1,241-48,241-49,ambiguous,approved,Preserved human approved decision.,,42.37745833333334,-71.11425555555554
23784296,MIT Radiation Laboratory,https://en.wikipedia.org/wiki/MIT_Radiation_Laboratory,42.3608,-71.0917,contained,0.00,1,668-24,668-24,strong,rejected,Preserved human rejected decision.,,42.3608,-71.0917
23809874,Cambridge Police Department (Massachusetts),https://en.wikipedia.org/wiki/Cambridge_Police_Department_(Massachusetts),42.3675,-71.0858,nearest,6.46,1,554-3,554-3,ambiguous,rejected,Preserved human rejected decision.,,42.3675,-71.0858
24259132,Abdul Latif Jameel Poverty Action Lab,https://en.wikipedia.org/wiki/Abdul_Latif_Jameel_Poverty_Action_Lab,42.362500000000004,-71.08777777777777,nearest,7.74,1,672-7,672-7,ambiguous,rejected,Preserved human rejected decision.,,42.362500000000004,-71.08777777777777
24402716,Harvard Cyclotron Laboratory,https://en.wikipedia.org/wiki/Harvard_Cyclotron_Laboratory,42.38,-71.116,contained,0.00,1,241-9,241-9,strong,approved,Preserved human approved decision.,,42.38,-71.116
24445086,"St. Hedwig Parish, Cambridge","https://en.wikipedia.org/wiki/St._Hedwig_Parish,_Cambridge",42.370694444444446,-71.08258333333333,nearest,4.39,1,442-20,442-20,ambiguous,rejected,Preserved human rejected decision.,,42.370694444444446,-71.08258333333333
25009206,Hult International Business School,https://en.wikipedia.org/wiki/Hult_International_Business_School,42.36944444444445,-71.0736111111111,nearest,24.20,1,999-4320,999-4320,ambiguous,rejected,Preserved human rejected decision.,,42.36944444444445,-71.0736111111111
25052083,"First Church of Christ, Scientist (Cambridge, Massachusetts)","https://en.wikipedia.org/wiki/First_Church_of_Christ,_Scientist_(Cambridge,_Massachusetts)",42.378242,-71.120898,contained,0.00,1,252-22,252-22,strong,approved,Preserved human approved decision.,,42.378242,-71.120898
25258269,Watson's Corner,https://en.wikipedia.org/wiki/Watson%27s_Corner,42.39266666666666,-71.12497222222221,nearest,17.85,1,77-4,77-4,ambiguous,rejected,Preserved human rejected decision.,,42.39266666666666,-71.12497222222221
25282404,The Plough and Stars,https://en.wikipedia.org/wiki/The_Plough_and_Stars,42.36830555555556,-71.10872222222221,nearest,4.66,1,539-6,539-6,ambiguous,approved,Preserved human approved decision.,,42.36830555555556,-71.10872222222221
27292446,Kendall Band,https://en.wikipedia.org/wiki/Kendall_Band,42.3623,-71.0862,nearest,2.61,1,674-4,674-4,ambiguous,rejected,Preserved human rejected decision.,,42.3623,-71.0862
28490481,Millers River (Middlesex),https://en.wikipedia.org/wiki/Millers_River_(Middlesex),42.370555555555555,-71.06563888888888,none,,0,,,unmatched,rejected,Preserved human rejected decision.,,42.370555555555555,-71.06563888888888
28581521,Community Charter School of Cambridge,https://en.wikipedia.org/wiki/Community_Charter_School_of_Cambridge,42.367425,-71.08451666666666,nearest,5.66,1,543-17,543-17,ambiguous,rejected,Preserved human rejected decision.,,42.367425,-71.08451666666666
29172488,Gift of the Wind,https://en.wikipedia.org/wiki/Gift_of_the_Wind,42.38851388888889,-71.11927777777777,none,,0,,,unmatched,rejected,Preserved human rejected decision.,,42.38851388888889,-71.11927777777777
29354120,Harvard Bixi,https://en.wikipedia.org/wiki/Harvard_Bixi,42.37361111111111,-71.11694444444444,nearest,9.99,1,318-24,318-24,ambiguous,rejected,Preserved human rejected decision.,,42.37361111111111,-71.11694444444444
29546700,Charlie's Kitchen,https://en.wikipedia.org/wiki/Charlie%27s_Kitchen,42.37245,-71.1215,nearest,0.99,1,396-5,396-5,ambiguous,rejected,Preserved human rejected decision.,,42.37245,-71.1215
29926628,Cambridge Montessori School,https://en.wikipedia.org/wiki/Cambridge_Montessori_School,42.3859,-71.1326,nearest,6.71,1,123-9,123-9,ambiguous,approved,Preserved human approved decision.,,42.3859,-71.1326
30369669,Francis Russell Hart Nautical Museum,https://en.wikipedia.org/wiki/Francis_Russell_Hart_Nautical_Museum,42.35853888888889,-71.09315,nearest,14.86,1,668-5,668-5,ambiguous,rejected,Preserved human rejected decision.,,42.35853888888889,-71.09315
30502543,Tory Row,https://en.wikipedia.org/wiki/Tory_Row,42.376472222222226,-71.12658333333333,none,,0,,,unmatched,rejected,Preserved human rejected decision.,,42.376472222222226,-71.12658333333333
30516436,Cambridge Center for Adult Education,https://en.wikipedia.org/wiki/Cambridge_Center_for_Adult_Education,42.373694444444446,-71.12155555555555,contained,0.00,1,355-6,355-6,strong,approved,Preserved human approved decision.,,42.373694444444446,-71.12155555555555
31094062,Lizard Lounge,https://en.wikipedia.org/wiki/Lizard_Lounge,42.382111111111115,-71.11952777777778,nearest,1.42,1,214-7,214-7,ambiguous,rejected,Preserved human rejected decision.,,42.382111111111115,-71.11952777777778
31168577,Grand Junction Railroad Bridge,https://en.wikipedia.org/wiki/Grand_Junction_Railroad_Bridge,42.352608333333336,-71.11034722222222,none,,0,,,unmatched,rejected,Preserved human rejected decision.,,42.352608333333336,-71.11034722222222
31631357,Fairbank Center for Chinese Studies,https://en.wikipedia.org/wiki/Fairbank_Center_for_Chinese_Studies,42.375,-71.113,contained,0.00,1,325-6,325-6,strong,approved,Preserved human approved decision.,,42.375,-71.113
32025740,Harvard Institute for International Development,https://en.wikipedia.org/wiki/Harvard_Institute_for_International_Development,42.370956,-71.121997,contained,0.00,1,398-1,398-1,strong,rejected,Preserved human rejected decision.,,42.370956,-71.121997
32112813,Mount Auburn Hospital,https://en.wikipedia.org/wiki/Mount_Auburn_Hospital,42.374414,-71.133776,contained,0.00,1,330-3,330-3,strong,approved,Preserved human approved decision.,,42.374414,-71.133776
32757155,"Timeline of Cambridge, Massachusetts","https://en.wikipedia.org/wiki/Timeline_of_Cambridge,_Massachusetts",42.373611,-71.110556,nearest,21.22,1,328-8,328-8,ambiguous,rejected,Preserved human rejected decision.,,42.373611,-71.110556
32944279,Ryles Jazz Club,https://en.wikipedia.org/wiki/Ryles_Jazz_Club,42.37305555555555,-71.10027777777778,contained,0.00,1,374-8,374-8,strong,approved,Preserved human approved decision.,,42.37305555555555,-71.10027777777778
33783205,Lamont Library,https://en.wikipedia.org/wiki/Lamont_Library,42.37277,-71.11548,contained,0.00,1,318-35,318-35,strong,approved,Preserved human approved decision.,,42.37277,-71.11548
35803900,Manter Hall School,https://en.wikipedia.org/wiki/Manter_Hall_School,42.372,-71.1182,contained,0.00,1,389-11,389-11,strong,approved,Preserved human approved decision.,,42.372,-71.1182
36022193,Glove Cycle,https://en.wikipedia.org/wiki/Glove_Cycle,42.38851388888889,-71.11927777777777,none,,0,,,unmatched,rejected,Preserved human rejected decision.,,42.38851388888889,-71.11927777777777
37024806,Malkin Athletic Center,https://en.wikipedia.org/wiki/Malkin_Athletic_Center,42.3714,-71.1194,contained,0.00,1,405-20,405-20,strong,approved,Preserved human approved decision.,,42.3714,-71.1194
37304775,Statue of John Harvard,https://en.wikipedia.org/wiki/Statue_of_John_Harvard,42.37447,-71.11719,nearest,1.61,1,318-16,318-16,ambiguous,rejected,Preserved human rejected decision.,,42.37447,-71.11719
37579425,Hack/reduce,https://en.wikipedia.org/wiki/Hack/reduce,42.36611111111111,-71.08388888888888,contained,0.00,1,585-2,585-2,strong,rejected,Preserved human rejected decision.,,42.36611111111111,-71.08388888888888
37580059,Kendall Boiler and Tank Company,https://en.wikipedia.org/wiki/Kendall_Boiler_and_Tank_Company,42.36611111111111,-71.08388888888888,contained,0.00,1,585-2,585-2,strong,approved,Preserved human approved decision.,,42.36611111111111,-71.08388888888888
37925252,Kahal B'raira,https://en.wikipedia.org/wiki/Kahal_B%27raira,42.3914,-71.1542,contained,0.00,1,65-37,65-37,strong,approved,Preserved human approved decision.,,42.3914,-71.1542
38587084,Cambridge Discovery Park,https://en.wikipedia.org/wiki/Cambridge_Discovery_Park,42.39819444444444,-71.14739722222222,contained,0.00,1,9-10,9-10,strong,rejected,Preserved human rejected decision.,,42.39819444444444,-71.14739722222222
38776131,Untitled (Richard Fleischner artwork at Alewife station),https://en.wikipedia.org/wiki/Untitled_(Richard_Fleischner_artwork_at_Alewife_station),42.39564,-71.14092,nearest,15.25,1,35-1,35-1,ambiguous,rejected,Preserved human rejected decision.,,42.39564,-71.14092
38808105,The End of the Red Line,https://en.wikipedia.org/wiki/The_End_of_the_Red_Line,,,none,,0,,,unmatched,stale_decision,Previously reviewed article is missing from the latest Cambridge snapshot.,The End of the Red Line,42.39564,-71.14092
39228236,Rindge Towers,https://en.wikipedia.org/wiki/Rindge_Towers,42.393,-71.13895,contained,0.00,1,59-21,59-21,strong,approved,Preserved human approved decision.,,42.393,-71.13895
39743243,Moderna,https://en.wikipedia.org/wiki/Moderna,42.3633,-71.091,contained,0.00,1,610-3,610-3,strong,rejected,Preserved human rejected decision.,,42.3633,-71.091
40258362,LabCentral,https://en.wikipedia.org/wiki/LabCentral,42.36213888888889,-71.09508333333333,nearest,6.41,1,658-1,658-1,ambiguous,rejected,Preserved human rejected decision.,,42.36213888888889,-71.09508333333333
40723753,Camp Ellsworth,https://en.wikipedia.org/wiki/Camp_Ellsworth,42.384,-71.144,nearest,9.35,1,999-2070,999-2070,ambiguous,rejected,Preserved human rejected decision.,,42.384,-71.144
41133071,MIT Center for Information Systems Research,https://en.wikipedia.org/wiki/MIT_Center_for_Information_Systems_Research,42.363518,-71.079037,contained,0.00,1,620-34,620-34,strong,rejected,Preserved human rejected decision.,,42.363518,-71.079037
41402512,New Words Bookstore,https://en.wikipedia.org/wiki/New_Words_Bookstore,42.3725,-71.0995,nearest,0.02,1,394-8,394-8,ambiguous,rejected,Preserved human rejected decision.,,42.3725,-71.0995
41435365,Cambridge Assembly,https://en.wikipedia.org/wiki/Cambridge_Assembly,42.35424722222222,-71.10976111111111,contained,0.00,1,749-2,749-2,strong,approved,Preserved human approved decision.,,42.35424722222222,-71.10976111111111
41473964,Gore Hall,https://en.wikipedia.org/wiki/Gore_Hall,42.3738,-71.1164,contained,0.00,1,318-24,318-24,strong,rejected,Preserved human rejected decision.,,42.3738,-71.1164
41647414,Central Square Theater,https://en.wikipedia.org/wiki/Central_Square_Theater,42.3636,-71.101,contained,0.00,1,644-3,644-3,strong,approved,Preserved human approved decision.,,42.3636,-71.101
42186103,Fay House,https://en.wikipedia.org/wiki/Fay_House,42.37620277777778,-71.12232222222221,contained,0.00,1,307-2,307-2,strong,approved,Preserved human approved decision.,,42.37620277777778,-71.12232222222221
42509882,Nectow v. City of Cambridge,https://en.wikipedia.org/wiki/Nectow_v._City_of_Cambridge,42.35553,-71.10967,contained,0.00,1,749-1,749-1,strong,rejected,Preserved human rejected decision.,,42.35553,-71.10967
42685553,Boylston Hall (Harvard University),https://en.wikipedia.org/wiki/Boylston_Hall_(Harvard_University),42.373332,-71.117327,contained,0.00,1,318-29,318-29,strong,approved,Preserved human approved decision.,,42.373332,-71.117327
42685568,Harvard Hall,https://en.wikipedia.org/wiki/Harvard_Hall,42.37486111111111,-71.11819444444444,contained,0.00,1,318-14,318-14,strong,approved,Preserved human approved decision.,,42.37486111111111,-71.11819444444444
43091425,Kendall Cogeneration Station,https://en.wikipedia.org/wiki/Kendall_Cogeneration_Station,42.36313,-71.08011,contained,0.00,1,620-62,620-62,strong,approved,Preserved human approved decision.,,42.36313,-71.08011
43396930,North Cambridge carhouse,https://en.wikipedia.org/wiki/North_Cambridge_carhouse,42.39722222222222,-71.12888888888888,nearest,2.80,1,25-14,25-14,ambiguous,rejected,Preserved human rejected decision.,,42.39722222222222,-71.12888888888888
43996120,Farlow Herbarium of Cryptogamic Botany,https://en.wikipedia.org/wiki/Farlow_Herbarium_of_Cryptogamic_Botany,42.3791,-71.1146,contained,0.00,1,241-59,241-22,strong,approved,Preserved human approved decision.,,42.3791,-71.1146
44843466,Peabody Terrace,https://en.wikipedia.org/wiki/Peabody_Terrace,42.36611111111111,-71.11555555555555,nearest,12.63,1,560-25,560-25,ambiguous,approved,Preserved human approved decision.,,42.36611111111111,-71.11555555555555
44849071,Delphic Club,https://en.wikipedia.org/wiki/Delphic_Club,42.37238888888889,-71.11752777777777,contained,0.00,1,389-12,389-12,strong,approved,Preserved human approved decision.,,42.37238888888889,-71.11752777777777
46181426,Institute for Medical Engineering and Science,https://en.wikipedia.org/wiki/Institute_for_Medical_Engineering_and_Science,42.3616667,-71.0866667,contained,0.00,1,672-8,672-8,strong,rejected,Preserved human rejected decision.,,42.3616667,-71.0866667
46760499,T.T. the Bear's Place,https://en.wikipedia.org/wiki/T.T._the_Bear%27s_Place,42.3635,-71.10163888888889,contained,0.00,1,644-4,644-4,strong,rejected,Preserved human rejected decision.,,42.3635,-71.10163888888889
46988301,John M. Tobin Montessori School,https://en.wikipedia.org/wiki/John_M._Tobin_Montessori_School,42.3844,-71.1398,contained,0.00,1,133-2,133-2,strong,approved,Preserved human approved decision.,,42.3844,-71.1398
48444419,Lynch Family Skatepark,https://en.wikipedia.org/wiki/Lynch_Family_Skatepark,42.37008333333333,-71.06793888888889,none,,0,,,unmatched,rejected,Preserved human rejected decision.,,42.37008333333333,-71.06793888888889
48547751,Harvard Collection of Historical Scientific Instruments,https://en.wikipedia.org/wiki/Harvard_Collection_of_Historical_Scientific_Instruments,42.3765,-71.1161,contained,0.00,1,266-18,266-18,strong,approved,Preserved human approved decision.,,42.3765,-71.1161
49943856,Grossman Library,https://en.wikipedia.org/wiki/Grossman_Library,42.37438888888889,-71.11547222222222,contained,0.00,1,318-17,318-17,strong,rejected,Preserved human rejected decision.,,42.37438888888889,-71.11547222222222
50322911,Conductor's Building,https://en.wikipedia.org/wiki/Conductor%27s_Building,42.372771,-71.122286,contained,0.00,1,380-7,380-7,strong,approved,Preserved human approved decision.,,42.372771,-71.122286
53006469,Lyman Laboratory of Physics,https://en.wikipedia.org/wiki/Lyman_Laboratory_of_Physics,42.37753,-71.11713,contained,0.00,1,266-9,266-9,strong,approved,Preserved human approved decision.,,42.37753,-71.11713
53837172,Statue of John Bridge,https://en.wikipedia.org/wiki/Statue_of_John_Bridge,42.377472,-71.120556,none,,0,,,unmatched,rejected,Preserved human rejected decision.,,42.377472,-71.120556
54424536,Cabot Science Library,https://en.wikipedia.org/wiki/Cabot_Science_Library,42.3761145,-71.116359,contained,0.00,1,266-18,266-18,strong,approved,Preserved human approved decision.,,42.3761145,-71.116359
55012112,Conant Hall,https://en.wikipedia.org/wiki/Conant_Hall,42.37947,-71.11625,contained,0.00,1,241-14,241-14,strong,approved,Preserved human approved decision.,,42.37947,-71.11625
58463556,Harvard Graduate Students Union,https://en.wikipedia.org/wiki/Harvard_Graduate_Students_Union,42.3643646,-71.1052512,nearest,6.13,1,635-4,635-4,ambiguous,rejected,Preserved human rejected decision.,,42.3643646,-71.1052512
59518036,Murder of Jane Britton,https://en.wikipedia.org/wiki/Murder_of_Jane_Britton,42.373,-71.123,nearest,0.38,1,380-1,380-1,ambiguous,rejected,Preserved human rejected decision.,,42.373,-71.123
59908027,Upstairs On the Square,https://en.wikipedia.org/wiki/Upstairs_On_the_Square,42.3725,-71.1209,contained,0.00,1,396-12,396-12,strong,rejected,Preserved human rejected decision.,,42.3725,-71.1209
60326497,George Close Company Building,https://en.wikipedia.org/wiki/George_Close_Company_Building,42.367222222222225,-71.09555555555555,nearest,4.26,1,527-24,527-24,ambiguous,approved,Preserved human approved decision.,,42.367222222222225,-71.09555555555555
60376933,MIT Department of Brain and Cognitive Sciences,https://en.wikipedia.org/wiki/MIT_Department_of_Brain_and_Cognitive_Sciences,42.362337,-71.091753,contained,0.00,1,667-2,667-2,strong,rejected,Preserved human rejected decision.,,42.362337,-71.091753
60663857,"Technology Square (Cambridge, Massachusetts)","https://en.wikipedia.org/wiki/Technology_Square_(Cambridge,_Massachusetts)",42.3635,-71.0926,contained,0.00,1,610-8,610-8,strong,rejected,Preserved human rejected decision.,,42.3635,-71.0926
62007302,"Statue of Charles Sumner (Cambridge, Massachusetts)","https://en.wikipedia.org/wiki/Statue_of_Charles_Sumner_(Cambridge,_Massachusetts)",42.37471,-71.11881,nearest,23.66,1,284-1,284-1,ambiguous,rejected,Preserved human rejected decision.,,42.37471,-71.11881
62034104,Sean Collier Memorial,https://en.wikipedia.org/wiki/Sean_Collier_Memorial,42.36227,-71.09007,nearest,20.60,1,668-32,668-32,ambiguous,rejected,Preserved human rejected decision.,,42.36227,-71.09007
62350774,Yume Wo Katare,https://en.wikipedia.org/wiki/Yume_Wo_Katare,42.3894,-71.1197,contained,0.00,1,99-3,99-3,strong,rejected,Preserved human rejected decision.,,42.3894,-71.1197
62369184,Washington Gate,https://en.wikipedia.org/wiki/Washington_Gate,42.375671,-71.119676,none,,0,,,unmatched,rejected,Preserved human rejected decision.,,42.375671,-71.119676
62369243,Flagstaff Park,https://en.wikipedia.org/wiki/Flagstaff_Park,42.375679,-71.118899,none,,0,,,unmatched,rejected,Preserved human rejected decision.,,42.375679,-71.118899
62369290,Greene-Rose Heritage Park,https://en.wikipedia.org/wiki/Greene-Rose_Heritage_Park,42.36611,-71.09475,none,,0,,,unmatched,rejected,Preserved human rejected decision.,,42.36611,-71.09475
62369519,General MacArthur Square,https://en.wikipedia.org/wiki/General_MacArthur_Square,42.37481,-71.11882,nearest,13.44,1,284-1,284-1,ambiguous,rejected,Preserved human rejected decision.,,42.37481,-71.11882
62369620,"Old Burying Ground (Cambridge, Massachusetts)","https://en.wikipedia.org/wiki/Old_Burying_Ground_(Cambridge,_Massachusetts)",42.3750137,-71.1198088,none,,0,,,unmatched,rejected,Preserved human rejected decision.,,42.3750137,-71.1198088
62371094,Carl Barron Plaza,https://en.wikipedia.org/wiki/Carl_Barron_Plaza,42.36538,-71.10404,nearest,17.66,1,608-2,608-2,ambiguous,rejected,Preserved human rejected decision.,,42.36538,-71.10404
62371153,Galaxy: Earth Sphere,https://en.wikipedia.org/wiki/Galaxy:_Earth_Sphere,42.362378,-71.084398,none,,0,,,unmatched,rejected,Preserved human rejected decision.,,42.362378,-71.084398
62371211,Irish Famine Memorial,https://en.wikipedia.org/wiki/Irish_Famine_Memorial,42.375872,-71.120181,none,,0,,,unmatched,rejected,Preserved human rejected decision.,,42.375872,-71.120181
62371815,Robert Stow Bradley Jr. Memorial,https://en.wikipedia.org/wiki/Robert_Stow_Bradley_Jr._Memorial,42.375704,-71.117056,nearest,17.82,1,318-6,318-6,ambiguous,rejected,Preserved human rejected decision.,,42.375704,-71.117056
62380167,"Aesop's Fables, II","https://en.wikipedia.org/wiki/Aesop%27s_Fables,_II",42.361330555555554,-71.08944722222222,nearest,24.18,1,999-4277,999-4277,ambiguous,rejected,Preserved human rejected decision.,,42.361330555555554,-71.08944722222222
62380191,Alchemist (Plensa),https://en.wikipedia.org/wiki/Alchemist_(Plensa),42.35910555555556,-71.09402777777777,nearest,18.55,1,708-18,708-18,ambiguous,rejected,Preserved human rejected decision.,,42.35910555555556,-71.09402777777777
62380234,Elmo-MIT,https://en.wikipedia.org/wiki/Elmo-MIT,42.359094444444445,-71.08969166666667,nearest,2.88,1,668-14,668-14,ambiguous,rejected,Preserved human rejected decision.,,42.359094444444445,-71.08969166666667
62384272,Angola (Witkin),https://en.wikipedia.org/wiki/Angola_(Witkin),42.358811111111116,-71.08931944444444,nearest,7.52,1,668-14,668-14,ambiguous,rejected,Preserved human rejected decision.,,42.358811111111116,-71.08931944444444
62384360,Guennette (Heizer),https://en.wikipedia.org/wiki/Guennette_(Heizer),42.358576,-71.090913,none,,0,,,unmatched,rejected,Preserved human rejected decision.,,42.358576,-71.090913
62384458,TV Man or Five Piece Cube with Strange Hole,https://en.wikipedia.org/wiki/TV_Man_or_Five_Piece_Cube_with_Strange_Hole,42.358885,-71.089064,nearest,8.72,1,668-14,668-14,ambiguous,rejected,Preserved human rejected decision.,,42.358885,-71.089064
62384559,La Grande Voile (The Big Sail),https://en.wikipedia.org/wiki/La_Grande_Voile_(The_Big_Sail),42.359734,-71.088975,none,,0,,,unmatched,rejected,Preserved human rejected decision.,,42.359734,-71.088975
62394623,Transparent Horizon,https://en.wikipedia.org/wiki/Transparent_Horizon,42.360733,-71.088695,nearest,14.92,1,668-66,668-66,ambiguous,rejected,Preserved human rejected decision.,,42.360733,-71.088695
62397377,Killian Court,https://en.wikipedia.org/wiki/Killian_Court,42.35877,-71.09148,none,,0,,,unmatched,rejected,Preserved human rejected decision.,,42.35877,-71.09148
62400197,Invaders (Wiley),https://en.wikipedia.org/wiki/Invaders_(Wiley),42.36100277777778,-71.09035277777777,nearest,2.26,1,668-57,668-57,ambiguous,rejected,Preserved human rejected decision.,,42.36100277777778,-71.09035277777777
62537464,North Bank Bridge,https://en.wikipedia.org/wiki/North_Bank_Bridge,42.3696,-71.0657,contained,0.00,1,999-3464,999-3464,strong,rejected,Preserved human rejected decision.,,42.3696,-71.0657
62547600,Sennott Park,https://en.wikipedia.org/wiki/Sennott_Park,42.3684,-71.1,none,,0,,,unmatched,rejected,Preserved human rejected decision.,,42.3684,-71.1
62670824,"Civil War Monument (Cambridge, Massachusetts)","https://en.wikipedia.org/wiki/Civil_War_Monument_(Cambridge,_Massachusetts)",42.37637,-71.12039,none,,0,,,unmatched,rejected,Preserved human rejected decision.,,42.37637,-71.12039
62692461,Discobolus (Harvard University),https://en.wikipedia.org/wiki/Discobolus_(Harvard_University),42.37713,-71.11937,nearest,8.31,1,266-14,266-14,ambiguous,rejected,Preserved human rejected decision.,,42.37713,-71.11937
62692831,Night Wall I,https://en.wikipedia.org/wiki/Night_Wall_I,42.37842,-71.11778,nearest,13.15,1,266-4,266-4,ambiguous,rejected,Preserved human rejected decision.,,42.37842,-71.11778
63063610,Center for Research on Computation and Society,https://en.wikipedia.org/wiki/Center_for_Research_on_Computation_and_Society,42.37955,-71.11957,contained,0.00,1,253-6,253-6,strong,rejected,Preserved human rejected decision.,,42.37955,-71.11957
63517963,Fo Guang Buddhist Temple Boston,https://en.wikipedia.org/wiki/Fo_Guang_Buddhist_Temple_Boston,42.391207,-71.150839,nearest,11.24,1,46-41,46-41,ambiguous,rejected,Preserved human rejected decision.,,42.391207,-71.150839
63685320,Kendall Hotel,https://en.wikipedia.org/wiki/Kendall_Hotel,42.3622,-71.0873,contained,0.00,1,672-2,672-2,strong,approved,Preserved human approved decision.,,42.3622,-71.0873
64772113,Paris-Saclay Faculty of Sciences,https://en.wikipedia.org/wiki/Paris-Saclay_Faculty_of_Sciences,42.372686111111115,-71.1185361111111,contained,0.00,1,357-3,357-3,strong,rejected,Preserved human rejected decision.,,42.372686111111115,-71.1185361111111
66031409,Danehy Park,https://en.wikipedia.org/wiki/Danehy_Park,42.389,-71.136,none,,0,,,unmatched,rejected,Preserved human rejected decision.,,42.389,-71.136
66486330,William James Hall (Harvard University),https://en.wikipedia.org/wiki/William_James_Hall_(Harvard_University),42.3771,-71.11345,contained,0.00,1,241-53,241-53,strong,approved,Preserved human approved decision.,,42.3771,-71.11345
66513595,Magazine Beach,https://en.wikipedia.org/wiki/Magazine_Beach,42.35502777777778,-71.11361111111111,none,,0,,,unmatched,rejected,Preserved human rejected decision.,,42.35502777777778,-71.11361111111111
69170447,Cambridge Boat Club,https://en.wikipedia.org/wiki/Cambridge_Boat_Club,42.372305555555556,-71.13380555555557,contained,0.00,1,383-1,383-1,strong,approved,Preserved human approved decision.,,42.372305555555556,-71.13380555555557
69843018,Pusey Library,https://en.wikipedia.org/wiki/Pusey_Library,42.37305555555555,-71.11527777777778,nearest,17.49,1,318-8,318-30,ambiguous,approved,Preserved human approved decision.,,42.37305555555555,-71.11527777777778
70740162,Wyss Institute for Biologically Inspired Engineering,https://en.wikipedia.org/wiki/Wyss_Institute_for_Biologically_Inspired_Engineering,42.38122,-71.11626,nearest,6.34,1,224-9,224-9,ambiguous,rejected,Preserved human rejected decision.,,42.38122,-71.11626
72474005,Oleana (restaurant),https://en.wikipedia.org/wiki/Oleana_(restaurant),42.3705,-71.0972,contained,0.00,1,456-8,456-8,strong,rejected,Preserved human rejected decision.,,42.3705,-71.0972
72732931,New England Intercollegiate Hockey League,https://en.wikipedia.org/wiki/New_England_Intercollegiate_Hockey_League,42.3597,-71.0919,contained,0.00,1,668-10,668-10,strong,rejected,Preserved human rejected decision.,,42.3597,-71.0919
72751090,Mr. Bartley's Burger Cottage,https://en.wikipedia.org/wiki/Mr._Bartley%27s_Burger_Cottage,42.37246,-71.11615,contained,0.00,1,401-2,401-2,strong,rejected,Preserved human rejected decision.,,42.37246,-71.11615
73803379,Harvest (Harvard Square),https://en.wikipedia.org/wiki/Harvest_(Harvard_Square),42.37373,-71.12187,contained,0.00,1,355-4,355-4,strong,rejected,Preserved human rejected decision.,,42.37373,-71.12187
74981050,John Winthrop Chambers,https://en.wikipedia.org/wiki/John_Winthrop_Chambers,42.38972222222222,-71.1211111111111,nearest,6.50,1,100-4,100-4,ambiguous,approved,Preserved human approved decision.,,42.38972222222222,-71.1211111111111
75181463,Jerry's Pond,https://en.wikipedia.org/wiki/Jerry%27s_Pond,42.3948,-71.1391,none,,0,,,unmatched,rejected,Preserved human rejected decision.,,42.3948,-71.1391
75676759,Prince Hall Monument,https://en.wikipedia.org/wiki/Prince_Hall_Monument,42.37636111111111,-71.12124999999999,none,,0,,,unmatched,rejected,Preserved human rejected decision.,,42.37636111111111,-71.12124999999999
75680853,Graham and Parks School,https://en.wikipedia.org/wiki/Graham_and_Parks_School,42.382777777777775,-71.12388888888889,nearest,1.35,1,195-1,195-1,ambiguous,approved,Preserved human approved decision.,,42.382777777777775,-71.12388888888889
75700032,Neighborhood Nine,https://en.wikipedia.org/wiki/Neighborhood_Nine,42.38388888888889,-71.12916666666666,nearest,14.11,1,999-2088,999-2088,ambiguous,rejected,Preserved human rejected decision.,,42.38388888888889,-71.12916666666666
77229480,Hungry Mother,https://en.wikipedia.org/wiki/Hungry_Mother,42.367707,-71.091125,contained,0.00,1,541-22,541-22,strong,rejected,Preserved human rejected decision.,,42.367707,-71.091125
77595038,List of Owl Club members,https://en.wikipedia.org/wiki/List_of_Owl_Club_members,42.3715,-71.1187,contained,0.00,1,424-1,424-1,strong,rejected,Preserved human rejected decision.,,42.3715,-71.1187
79714345,Middlesex South Registry of Deeds Building,https://en.wikipedia.org/wiki/Middlesex_South_Registry_of_Deeds_Building,42.37061,-71.07929,contained,0.00,1,454-1,454-1,strong,approved,Preserved human approved decision.,,42.37061,-71.07929
81336598,Pro-Palestine protests at Massachusetts Institute of Technology,https://en.wikipedia.org/wiki/Pro-Palestine_protests_at_Massachusetts_Institute_of_Technology,42.3584,-71.0947,nearest,20.37,1,708-13,708-13,ambiguous,rejected,Preserved human rejected decision.,,42.3584,-71.0947
81866446,MIT Kavli Institute,https://en.wikipedia.org/wiki/MIT_Kavli_Institute,42.360826,-71.093167,contained,0.00,1,668-37,668-37,strong,rejected,Preserved human rejected decision.,,42.360826,-71.093167
82130100,Research Laboratory of Electronics,https://en.wikipedia.org/wiki/Research_Laboratory_of_Electronics,42.3614,-71.0916,contained,0.00,1,668-36,668-36,strong,approved,Preserved human approved decision.,,42.3614,-71.0916
