"ProjectID","Address","Project Name","Prior Site Name","Street Number","Street Name","Project Description","Neighborhood","Project Stage","Year Complete","Developer Name","Zoning","Planning Board Special Permit","Building Permit","Total GFA","Lot Area","FAR","Primary Use","Residential Units","Hotel Rooms","Note","Latitude","Longitude","Coordinates"
"521","55 Wheeler Street","Continentail Can Rehab","","55","Wheeler Street","","12 - Cambridge Highlands","Complete","1981","Bolt, Beranek and Newman","","","","125,000","0","0.00","Office/R&D",,," ","42.39126578752","-71.14448967493","POINT (-71.1444896749299 42.391265787521)"
"539","11 Cambridge Parkway","Rowland Institute","","11","Cambridge Parkway","","1 - East Cambridge","Complete","1981","","","","","70,000","0","0.00","Office/R&D",,," ","42.36406133966","-71.07777691595","POINT (-71.0777769159513 42.3640613396564)"
"520","Spinelli Place","Intermetrics Building","","","Spinelli Place","","12 - Cambridge Highlands","Complete","1982","Charles Gulesarian","","","","42,000","0","0.00","Office/R&D",,," ","42.39055797552","-71.1533311608","POINT (-71.153331160799 42.3905579755246)"
"525","185 Albany Street","185 Albany Street","","185","Albany Street","","5 - Cambridgeport","Complete","1982","Stimpson Trust","","","","48,000","0","0.00","Office/R&D",,," ","42.3595991683","-71.09960412795","POINT (-71.0996041279541 42.3595991682996)"
"529","40 Erie Street","40 Erie Street","","40","Erie Street","","5 - Cambridgeport","Complete","1982","American Science and Engineering","","","","150,000","0","0.00","Office/R&D",,," ","42.35741948226","-71.10422759938","POINT (-71.1042275993796 42.3574194822638)"
"535","Putnam and Sidney","Fort Washington Townhouses","","","Putnam and Sidney","","5 - Cambridgeport","Complete","1982","FAR Group","","","","0","0","0.00","Residential","20",," ","42.3566883547","-71.10712615382","POINT (-71.1071261538241 42.3566883547039)"
"546","161 First Street","Nicholson Building","","161","First Street","","1 - East Cambridge","Complete","1982","St. James Development","","PB243","","45,000","0","0.00","Office/R&D",,," ","42.36555669273","-71.07823365272","POINT (-71.078233652718 42.3655566927314)"
"547","215 First Street","The Athenaeum Building","","215","First Street","","1 - East Cambridge","Complete","1982","Athenaeum Group","","","","340,000","0","0.00","Office/R&D",,," ","42.36420635176","-71.07854373794","POINT (-71.0785437379441 42.3642063517587)"
"551","101 Main Street","Riverfront Office Park Phase 1","","101","Main Street","","1 - East Cambridge","Complete","1982","","","","","330,200","0","0.00","Office/R&D",,," ","42.36220993124","-71.08158348557","POINT (-71.0815834855673 42.3622099312422)"
"587","1000 Massachusetts Avenue","1000 Massachusetts Avenue","","1000","Massachusetts Avenue","","7 - Riverside","Complete","1982","Spaulding & Slye/ Symmes Maini & McKee","","PB023","","108,000","0","0.00","Office/R&D",,," ","42.36894541997","-71.11092413453","POINT (-71.1109241345282 42.3689454199717)"
"511","1 Alewife Place","1 Alewife Place","","1","Alewife Place","","10 - West Cambridge","Complete","1983","Schochet Assoc./ Stubbins","","","","225,526","0","0.00","Office/R&D",,," ","42.39834671962","-71.13991435025","POINT (-71.1399143502489 42.3983467196212)"
"526","195 Albany Street","195 Albany Street","","195","Albany Street","","5 - Cambridgeport","Complete","1983","Stimpson Trust","","","","48,000","0","0.00","Office/R&D",,," ","42.35954955264","-71.09965511011","POINT (-71.0996551101138 42.3595495526385)"
"528","12 Emily Street","12 Emily Street","","12","Emily Street","","5 - Cambridgeport","Complete","1983","MIT","","","","32,000","0","0.00","Heavy Industry",,," ","42.35982137055","-71.1045040596","POINT (-71.1045040596034 42.3598213705451)"
"568","4 Cambridge Center","4 Cambridge Center","","4","Cambridge Center","","2 - MIT / Area 2","Complete","1983","Boston Properties","","","","225,000","0","0.00","Office/R&D",,," ","42.36337668117","-71.08652606544","POINT (-71.0865260654399 42.3633766811668)"
"569","5 Cambridge Center","5 Cambridge Center","","5","Cambridge Center","","2 - MIT / Area 2","Complete","1983","Boston Properties","","","","250,000","0","0.00","Office/R&D",,," ","42.36263486366","-71.08711579104","POINT (-71.087115791042 42.3626348636581)"
"514","125 Cambridgepark Drive","125 Cambridgepark Drive","","125","Cambridgepark Drive","","11 - North Cambridge","Complete","1984","Spaulding &Slye/Catalano","","PB026","","184,000","0","0.00","Office/R&D",,," ","42.39507529074","-71.14575383931","POINT (-71.1457538393149 42.3950752907362)"
"530","60 Hamilton Street","60 Hamilton Street","","60","Hamilton Street","","5 - Cambridgeport","Complete","1984","FAR Group","","","","11,000","0","0.00","Office/R&D",,," ","42.35790202467","-71.10562665698","POINT (-71.1056266569764 42.3579020246662)"
"537","5 Cambridge Parkway","Sonesta Hotel","","5","Cambridge Parkway","","1 - East Cambridge","Complete","1984","","","PB052","","0","0","0.00","Hotel",,"200"," ","42.36684218666","-71.07488374553","POINT (-71.0748837455325 42.3668421866634)"
"548","245 First Street","Riverview Building Phase I","","245","First Street","","1 - East Cambridge","Complete","1984","Congress Group","","PB031","","115,000","0","0.00","Office/R&D",,," ","42.36353916012","-71.07872349364","POINT (-71.0787234936368 42.3635391601232)"
"555","222 Third Street","American Net & Twine Building","","222","Third Street","","1 - East Cambridge","Complete","1984","Gen. Inv. & Dev. Co./ Niles Sutphin","","","","130,000","0","0.00","Office/R&D",,," ","42.36707827469","-71.08099098017","POINT (-71.0809909801686 42.3670782746948)"
"570","9 Cambridge Center","Whitehead Institute","","9","Cambridge Center","","2 - MIT / Area 2","Complete","1984","Boston Properties","","","","155,000","0","0.00","Office/R&D",,," ","42.36303723231","-71.08963009281","POINT (-71.0896300928097 42.3630372323129)"
"573","14 Cambridge Center","Biogen","","14","Cambridge Center","","2 - MIT / Area 2","Complete","1984","Boston Properties","","","","67,000","0","0.00","Office/R&D",,," ","42.36573598029","-71.08680518333","POINT (-71.0868051833276 42.3657359802891)"
"576","1 Kendall Square","Phases 3/4","","1","Kendall Square","","3 - Wellington Harrington","Complete","1984","The Athenaeum Group","","","","120,000","0","0.00","Office/R&D",,," ","42.36664177627","-71.09020430744","POINT (-71.0902043074383 42.3666417762689)"
"583","1 Elliot Square","Coolidge Bank Building","","1","Elliot Square","","10 - West Cambridge","Complete","1984","Intercontinental development","","","","36,000","0","0.00","Office/R&D",,," ","42.37276043307","-71.12125507799","POINT (-71.1212550779859 42.372760433074)"
"585","678 Massachusetts Avenue","Central Square Building","","678","Massachusetts Avenue","","7 - Riverside","Complete","1984","Graham Gund","","","","30,000","0","0.00","Office/R&D",,," ","42.36562795973","-71.10442978756","POINT (-71.1044297875606 42.3656279597341)"
"593","2067 Massachusetts Avenue","Henderson Carriage Building","","2067","Massachusetts Avenue","","11 - North Cambridge","Complete","1984","H.J. Davis Development","","PB025","","0","0","0.00","Office/R&D",,," ","42.39147115811","-71.12309768939","POINT (-71.1230976893882 42.3914711581086)"
"512","87 Cambridgepark Drive","87 Cambridgepark Drive","Genetics Institute","87","Cambridgepark Drive","","11 - North Cambridge","Complete","1985","Genetics Institute","","","","0","0","0.00","Office/R&D",,," ","42.39546764356","-71.14473541935","POINT (-71.1447354193479 42.3954676435594)"
"518","10 Fawcett Street","10 Fawcett Street","","10","Fawcett Street","","12 - Cambridge Highlands","Complete","1985","Fantasia, Codman/ Earl Flansburgh","","PB027","","130,900","0","0.00","Office/R&D",,," ","42.39003932631","-71.14580765888","POINT (-71.1458076588849 42.3900393263096)"
"519","725 Concord Avenue","725 Concord Avenue","","725","Concord Avenue","","12 - Cambridge Highlands","Complete","1985","Anthenaeum Group","","PB016","","80,000","0","0.00","Office/R&D",,," ","42.3904738878","-71.15221752388","POINT (-71.1522175238752 42.3904738877998)"
"538","55 Cambridge Parkway","Riverside Place","","55","Cambridge Parkway","","1 - East Cambridge","Complete","1985","Cabot, Cabot & Forbes / Stubbins","","","","290,000","0","0.00","Office/R&D",,," ","42.36574200505","-71.07629771056","POINT (-71.0762977105579 42.3657420050532)"
"542","10 Canal Park","Aspen Building","","10","Canal Park","","1 - East Cambridge","Complete","1985","Unihab","","","","111,000","0","0.00","Office/R&D",,," ","42.36872550624","-71.07548272803","POINT (-71.0754827280312 42.36872550624)"
"549","245 First Street","Riverview Building Phase 2","","245","First Street","","1 - East Cambridge","Complete","1985","Congress Group/Huygens and DiMella","","PB031","","0","0","0.00","",,," ","42.36353916012","-71.07872349364","POINT (-71.0787234936368 42.3635391601232)"
"556","47 Thorndike Street","Bulfinch Square","","47","Thorndike Street","","1 - East Cambridge","Complete","1985","St. James Development","","","","70,000","0","0.00","Office/R&D",,," ","42.36989747974","-71.07954053317","POINT (-71.0795405331677 42.3698974797414)"
"572","11 Cambridge Center","Open Software Foundation","","11","Cambridge Center","","2 - MIT / Area 2","Complete","1985","Boston Properties","","","","80,000","0","0.00","Office/R&D",,," ","42.36482566527","-71.08884290165","POINT (-71.0888429016484 42.3648256652725)"
"574","1 Hampshire Street","Draper Labs Bldg III","","1","Hampshire Street","","4 - The Port/Area IV","Complete","1985","Draper Labs/ Eilenzweig, Moore","","","","184,000","0","0.00","Office/R&D",,," ","42.36523244084","-71.09006452289","POINT (-71.0900645228903 42.3652324408355)"
"575","1 Kendall Square","Phases 1/2","","1","Kendall Square","","3 - Wellington Harrington","Complete","1985","The Athenaeum Group","","","","465,000","0","0.00","Office/R&D",,," ","42.36630494613","-71.09134190999","POINT (-71.0913419099914 42.366304946125)"
"590","1280 Massachusetts Avenue","1280 Massachusetts Avenue","","1280","Massachusetts Avenue","","7 - Riverside","Complete","1985","North Coast Properties Symmes Maini & Mc","","","","43,000","0","0.00","Office/R&D",,," ","42.37268312629","-71.11678396403","POINT (-71.1167839640263 42.3726831262869)"
"596","124 Mount Auburn Street","University Place","","124","Mount Auburn Street","","10 - West Cambridge","Complete","1985","Harvard Univ./Hyned Industrial","","PB020","","0","0","0.00","Office/R&D","70",," ","42.37338805667","-71.12331973404","POINT (-71.123319734039 42.3733880566704)"
"597","20 University Road","Charles Square","","20","University Road","","10 - West Cambridge","Complete","1985","Carpenter & Co. / Cambridge 7","","","","160,000","0","0.00","Office/R&D","94","307"," ","42.37233942838","-71.12373113143","POINT (-71.1237311314342 42.3723394283823)"
"509","150 First Street","150 First Street","","150","First Street","","1 - East Cambridge","Complete","1986","New England Dev / Arrow Street","","","","0","0","0.00","",,," ","42.366264005","-71.07780423026","POINT (-71.0778042302594 42.3662640050021)"
"515","150 Cambridgepark Drive","150 Cambridgepark Drive","","150","Cambridgepark Drive","","11 - North Cambridge","Complete","1986","Spaulding & Slye / Catalano","","PB047","","248,000","0","0.00","Office/R&D",,," ","42.39461101675","-71.14595006113","POINT (-71.1459500611312 42.3946110167458)"
"524","33-41 Walden Street","Lincoln School","","33-41","Walden Street","","11 - North Cambridge","Complete","1986","Lincoln House Associates/James Block","","","","0","0","0.00","Residential","20",," ","42.39017141399","-71.124685013","POINT (-71.1246850130028 42.3901714139905)"
"566","2 Cambridge Center","Marriott Hotel","","2","Cambridge Center","","2 - MIT / Area 2","Complete","1986","Boston Properties","","","","0","0","0.00","Hotel",,"431"," ","42.36313418576","-71.08588793909","POINT (-71.0858879390868 42.3631341857566)"
"588","1030 Massachusetts Avenue","1030 Massachusetts Avenue","","1030","Massachusetts Avenue","","7 - Riverside","Complete","1986","Spaulding and Slye / Add Inc.","","","","66,000","0","0.00","Office/R&D",,," ","42.36959064545","-71.11220451521","POINT (-71.1122045152113 42.3695906454501)"
"510","185 Alewife Brook Parkway","185 Alewife Brook Parkway","","185","Alewife Brook Parkway","","12 - Cambridge Highlands","Complete","1987","Northeastern Mortgage","","","","67,000","0","0.00","Office/R&D",,," ","42.39049554933","-71.14227699226","POINT (-71.1422769922591 42.3904955493343)"
"527","230 Albany Street","230 Albany Street","","230","Albany Street","","5 - Cambridgeport","Complete","1987","Moleculon Biotech","","","","30,000","0","0.00","Office/R&D",,," ","42.35864561056","-71.10063068651","POINT (-71.1006306865057 42.3586456105551)"
"531","26 Landsdowne Street","University Park - Jackson Building","","26","Landsdowne Street","","5 - Cambridgeport","Complete","1987","Forest City/ Koetter and Kim","","","","103,000","0","0.00","Office/R&D",,," ","42.36101299405","-71.09902238536","POINT (-71.0990223853639 42.3610129940534)"
"541","1 Canal Park","1 Canal Park","","1","Canal Park","","1 - East Cambridge","Complete","1987","The Marcus Organization","","PB038","","100,000","0","0.00","Office/R&D",,," ","42.36935795546","-71.07702964849","POINT (-71.0770296484885 42.3693579554561)"
"543","58 Charles Street","58 Charles Street","","58","Charles Street","","1 - East Cambridge","Complete","1987","Haley and Aldrich","","","","50,000","0","0.00","Office/R&D",,," ","42.36729632536","-71.07968075749","POINT (-71.0796807574931 42.3672963253637)"
"545","25 First Street","Davenport Building","","25","First Street","","1 - East Cambridge","Complete","1987","The Marcus Organization/ Niles Sutphin","","","","230,000","0","0.00","Office/R&D",,," ","42.36960172228","-71.07728571198","POINT (-71.077285711976 42.3696017222786)"
"550","1 Main Street","Riverfront Office Park","","1","Main Street","","1 - East Cambridge","Complete","1987","","","","","300,000","0","0.00","Office/R&D",,," ","42.36210504058","-71.08015487125","POINT (-71.0801548712499 42.3621050405824)"
"552","1 Memorial Drive","1 Memorial Drive","","1","Memorial Drive","","2 - MIT / Area 2","Complete","1987","","","","","340,000","0","0.00","Office/R&D",,," ","42.36135699434","-71.08125628472","POINT (-71.0812562847235 42.3613569943424)"
"553","4 Museum Way","4 Museum Way","","4","Museum Way","","1 - East Cambridge","Complete","1987","Aktid Enterprises","","","","20,661","0","0.00","Office/R&D",,," ","42.36927753127","-71.07202440903","POINT (-71.0720244090331 42.3692775312681)"
"563","217-218 Thorndike Street","217-218 Thorndike Street","","217-218","Thorndike Street","","1 - East Cambridge","Complete","1987","FAR Group","","PB046","","0","0","0.00","Residential","55",," ","42.37066905048","-71.08746732644","POINT (-71.0874673264419 42.3706690504793)"
"565","1 Cambridge Center","1 Cambridge Center","","1","Cambridge Center","","2 - MIT / Area 2","Complete","1987","Boston Properties","","","","210,000","0","0.00","Office/R&D",,," ","42.36250535169","-71.08538496933","POINT (-71.0853849693316 42.3625053516918)"
"567","3 Cambridge Center","3 Cambridge Center","","3","Cambridge Center","","2 - MIT / Area 2","Complete","1987","Boston Properties","","","","100,000","0","0.00","Office/R&D",,," ","42.36261883268","-71.08696020918","POINT (-71.0869602091829 42.3626188326774)"
"586","875 Massachusetts Avenue","875 Massachusetts Avenue","","875","Massachusetts Avenue","","6 - Mid-Cambridge","Complete","1987","Emerson Woods. Assoc./ Vitols","","","","27,000","0","0.00","Office/R&D",,," ","42.36785956239","-71.10749305172","POINT (-71.1074930517189 42.3678595623872)"
"508","149 Whittemore Avenue","One Alewife Center","","149","Whittemore Avenue","","11 - North Cambridge","Complete","1988","RVM&G W.R. Grace","","PB043","","90,000","0","0.00","Office/R&D",,," ","42.39834671962","-71.13991435025","POINT (-71.1399143502489 42.3983467196212)"
"544","432 Columbia Street","Cambridge Collaborative","","432","Columbia Street","","3 - Wellington Harrington","Complete","1988","432 Columbia St. Ltd. Partnership","","","","120,000","0","0.00","Office/R&D",,," ","42.37349363313","-71.09370415194","POINT (-71.0937041519439 42.3734936331324)"
"558","4 Canal Park","Graves Landing Phase I","","4","Canal Park","","1 - East Cambridge","Complete","1988","Unihab","","PB017","","0","0","0.00","Residential","90",," ","42.36922056213","-71.07425904275","POINT (-71.0742590427483 42.3692205621289)"
"560","170 Gore Street","The Pavillion","","170","Gore Street","","1 - East Cambridge","Complete","1988","Awdeh","","","","0","0","0.00","Residential","114",," ","42.37271934826","-71.08610365808","POINT (-71.0861036580758 42.372719348264)"
"561","71 Fulkerson Street","Greif Brothers Site","","71","Fulkerson Street","","1 - East Cambridge","Complete","1988","FAR Group","","PB056","","0","0","0.00","Residential","38",," ","42.36987842295","-71.08750365638","POINT (-71.087503656378 42.3698784229475)"
"578","141 Portland Street","U.S. Trust Building","","141","Portland Street","","4 - The Port/Area IV","Complete","1988","Intercontinental Development","","","","127,000","0","0.00","",,," ","42.36557659301","-71.09229630043","POINT (-71.0922963004346 42.365576593007)"
"591","1815 Massachusetts Avenue","Lesley University Hall","Porter Exchange/Sears Building","1815","Massachusetts Avenue","","8 - Baldwin","Complete","1988","Cambridge Development & Invest","","","","222,000","0","0.00","Retail",,," ","42.38712713914","-71.11897410364","POINT (-71.1189741036407 42.3871271391364)"
"594","2494 Massachusetts Avenue","2494 Massachusetts Avenue","","2494","Massachusetts Avenue","","11 - North Cambridge","Complete","1988","Modern Continental Enterprises","","","","11,000","0","0.00","Office/R&D",,," ","42.39889967438","-71.13242495022","POINT (-71.1324249502216 42.3988996743811)"
"595","1 Mifflin Place","also 119 - 123 Mt. Auburn Street","","1","Mifflin Place","","10 - West Cambridge","Complete","1988","DiGiovanni/ The Architects Collaborative","","PB067","","28,000","0","0.00","Office/R&D",,," ","42.37329887256","-71.12247877769","POINT (-71.1224787776923 42.3732988725556)"
"516","545 Concord Avenue","Fresh Pond Reservoir Place","","545","Concord Avenue","","12 - Cambridge Highlands","Complete","1989","R.E.M Realty/ Zecher Assoc","","","","20,000","0","0.00","Office/R&D",,," ","42.38809398482","-71.14256475908","POINT (-71.1425647590808 42.388093984822)"
"522","Richdale Avenue","Richdale Terraces Phase 1","","","Richdale Avenue","","9 - Neighborhood 9","Complete","1989","Joseph Nogueira","","","","0","0","0.00","Residential","40",," ","42.3885019963","-71.12096892525","POINT (-71.1209689252496 42.3885019962983)"
"532","38 Sidney Street","University Park - Clark Building","","38","Sidney Street","","5 - Cambridgeport","Complete","1989","Forest City/ Koetter and Kim","","","","123,000","0","0.00","Office/R&D",,," ","42.36156433051","-71.10090232969","POINT (-71.1009023296915 42.3615643305097)"
"536","Sidney, Henry, Chestnut","Cambridge Commons","","","Sidney, Henry, Chestnut","","5 - Cambridgeport","Complete","1989","Resource Capital Group","","","","0","0","0.00","Residential","100",," ","42.35535887226","-71.10719990158","POINT (-71.1071999015774 42.35535887226)"
"557","75 Cambridge Parkway","Esplanade","","75","Cambridge Parkway","","1 - East Cambridge","Complete","1989","Cohen Properties/ Moshe Dafdie","","PB053","","0","0","0.00","","206",," ","42.36437482745","-71.07685951673","POINT (-71.0768595167277 42.3643748274545)"
"559","6 Canal Park","Graves Landing Phase II","","6","Canal Park","","1 - East Cambridge","Complete","1989","Unihab","","PB017","","0","0","0.00","Residential","80",," ","42.36961058868","-71.07501969841","POINT (-71.075019698412 42.3696105886772)"
"562","10 Rogers Street","Rivercourt","","10","Rogers Street","","1 - East Cambridge","Complete","1989","H.J. Davis / Steffian Bradley","","PB055","","0","0","0.00","Residential","171",," ","42.36564907551","-71.07743811903","POINT (-71.0774381190319 42.3656490755086)"
"598","8 White Street","Porter Square Arcade","","8","White Street","","11 - North Cambridge","Complete","1989","Slater Co.","","","","46,000","0","0.00","Retail",,," ","42.38840900237","-71.11862058963","POINT (-71.1186205896272 42.388409002365)"
"513","100 Cambridgepark Drive","100 Cambridgepark Drive","","100","Cambridgepark Drive","","11 - North Cambridge","Complete","1990","Spaulding and Slye","","PB082","","130,000","0","0.00","Office/R&D",,," ","42.3944559208","-71.14463826829","POINT (-71.1446382682866 42.3944559207962)"
"533","64 Sidney Street","University Park - Richards Building","","64","Sidney Street","","5 - Cambridgeport","Complete","1990","Forest City/ Koetter and Kim","","","","121,000","0","0.00","Office/R&D",,," ","42.36101548142","-71.10149108706","POINT (-71.1014910870571 42.3610154814174)"
"534","129 Franklin Street","University Park - Kennedy Lofts","","129","Franklin Street","","5 - Cambridgeport","Complete","1990","Forest City/ Keen Development","","","","0","0","0.00","Residential","142",," ","42.36270496887","-71.1013722032","POINT (-71.1013722032048 42.362704968874)"
"554","1 Rogers Street","The Lotus Building","","1","Rogers Street","","1 - East Cambridge","Complete","1990","Lotus/RVM&G/Tsoi Kobus","","","","263,000","0","0.00","Office/R&D",,," ","42.36636","-71.07725","POINT (-71.07725 42.36636)"
"564","201 Broadway","201 Broadway","","201","Broadway","","4 - The Port/Area IV","Complete","1990","H.J. Davis/ Steffian Bradley","","","","121,000","0","0.00","Office/R&D",,," ","42.36610064593","-71.09258141611","POINT (-71.0925814161141 42.3661006459345)"
"571","10 Cambridge Center","10 Cambridge Center","Camp, Dresser & McKee","10","Cambridge Center","","2 - MIT / Area 2","Complete","1990","Boston Properties","","","","132,000","0","0.00","Office/R&D",,," ","42.36439089663","-71.08784583278","POINT (-71.0878458327786 42.3643908966252)"
"581","West Garage","Cambridge Center","","","West Garage","","1 - East Cambridge","Complete","1990","Boston Properties","","","","0","0","0.00","Parking Garage",,," ","42.36347548777","-71.08803590507","POINT (-71.0880359050684 42.363475487767)"
"540","100 Cambridgeside Place (Mall)","Cambrdigeside Mall","","100","Cambridgeside Place (Mall)","","1 - East Cambridge","Complete","1991","New England Development","","","","760,000","0","0.00","Retail",,," ","42.36714581236","-71.07638150556","POINT (-71.0763815055576 42.3671458123621)"
"582","38-40 Brattle Street","One Brattle Square","","38-40","Brattle Street","","10 - West Cambridge","Complete","1992","Ivanhoe Tr. / Donham & Sweeney","","","","100,000","0","0.00","Office/R&D",,," ","42.37314314694","-71.12131038334","POINT (-71.1213103833371 42.3731431469372)"
"589","1201 Massachusetts Avenue","1201 Massachusetts Avenue","The Inn at Harvard","1201","Massachusetts Avenue","","6 - Mid-Cambridge","Complete","1992","Harvard University/ Graham Gund","","PB-281","","0","0","0.00","Hotel",,"116"," ","42.37184640579","-71.1145793996","POINT (-71.1145793996031 42.3718464057896)"
"592","1972 Massachusetts Avenue","1972 Massachusetts Avenue","","1972","Massachusetts Avenue","","10 - West Cambridge","Complete","1992","Raymond Bandar","","","","15,000","0","0.00","Office/R&D",,," ","42.39010310053","-71.1210556212","POINT (-71.1210556211984 42.3901031005317)"
"664","169 Msgr. O'Brien Highway","Glass Factory Condominium","","169","Msgr. O'Brien Highway","","1 - East Cambridge","Complete","1993","","SD-1","N/A","N/A","122,000","29,945","4.07","Residential","104",," ","42.371859","-71.077723","POINT (-71.077723 42.371859)"
"505","205-207 Green Street","205-207 Green Street","","205-207","Green Street","","5 - Cambridgeport","Complete","1994","CASCAP/Amerigao Andrade","","","","6,234","0","0.00","Residential","11",," ","42.36389340221","-71.10258814992","POINT (-71.1025881499218 42.3638934022141)"
"506","260-264 Putnam Avenue","Putnam Place","","260-264","Putnam Avenue","","5 - Cambridgeport","Complete","1994","Just-A-Start Corp","","","","13,445","0","0.00","Residential","12",," ","42.3629389267","-71.11352463468","POINT (-71.1135246346815 42.3629389267009)"
"584","16-18 Eliot Street","16-18 Eliot Street","","16-18","Eliot Street","","10 - West Cambridge","Complete","1994","Robert Banker/ MSH Arch. Associates","","PB087","","24,200","0","0.00","Office/R&D",,," ","42.37202193453","-71.12152244227","POINT (-71.1215224422665 42.3720219345304)"
"503","640 Memorial Drive","640 Memorial Drive","Ford Assembly Plant Buidling","640","Memorial Drive","","5 - Cambridgeport","Complete","1996","MIT","","","","265,000","0","0.00","Office/R&D",,," ","42.35451957991","-71.11022846596","POINT (-71.1102284659554 42.3545195799064)"
"507","80 Auburn Park","Auburn Court Phase I","","80","Auburn Park","","5 - Cambridgeport","Complete","1996","Homeowners Rehab/ Goody Clancy","CRDD","","","86,183","0","0.00","Residential",,," ","42.36195986928","-71.10255349251","POINT (-71.1025534925085 42.361959869275)"
"412","243 Bent Street","243 Bent Street","","243","Bent Street","","1 - East Cambridge","Complete","1997","","","","","0","0","0.00","Residential","11",," ","42.36751159715","-71.08474216598","POINT (-71.0847421659773 42.3675115971538)"
"414","600 Memorial Drive","600 Memorial Drive","","600","Memorial Drive","","5 - Cambridgeport","Complete","1997","Modern Continental","SD-11","","","72,000","0","0.00","Office/R&D",,," ","42.35385091249","-71.10663910034","POINT (-71.1066391003362 42.3538509124907)"
"415","620 Memorial Drive","620 Memorial Drive","","620","Memorial Drive","","5 - Cambridgeport","Complete","1997","Charles River Building","SD-5/O-2","","","91,500","0","0.00","Office/R&D",,," ","42.35390877771","-71.1076001591","POINT (-71.1076001591033 42.35390877771)"
"416","258 Msgr. O'Brien Highway","258 Msgr. O'Brien Highway","","258","Msgr. O'Brien Highway","","1 - East Cambridge","Complete","1997","Protland Development, Modern Continental","SD-1","","","50,900","22,500","2.26","Hotel",,"112"," ","42.37325497828","-71.0815233876","POINT (-71.0815233876031 42.3732549782805)"
"657","1 Education Street","EF Building 1","","1","Education Street","","1 - East Cambridge","Complete","1997","EFEKTRA Schools, Inc","","PB85","","156,684","50,266","0.00","Office/R&D",,," ","42.369921","-71.07064","POINT (-71.0706399999999 42.3699209999999)"
"417","195 Binney Street","195 Binney Street","","195","Binney Street","","1 - East Cambridge","Complete","1998","TRW; Worthington Place Assoc;HMFH","IB-1","PB118","","275,000",,"2.50","Residential","200",," ","42.36604760928","-71.08415965021","POINT (-71.0841596502065 42.3660476092828)"
"418","1-15 Davenport Street","1-15 Davenport Street","","1-15","Davenport Street","","11 - North Cambridge","Complete","1998","Bob Bray","B/NMAOD","","","23,800","18,381","2.00","Residential","17",," ","42.38975065927","-71.11965280958","POINT (-71.1196528095804 42.3897506592669)"
"419","2105-2109 Massachusetts Avenue","2105-2109 Massachusetts Avenue","","2105-2109","Massachusetts Avenue","","11 - North Cambridge","Complete","1998","Ricardo Dumont","","","","0","0","0.00","Residential","6",," ","42.39175579732","-71.12361951062","POINT (-71.123619510621 42.391755797318)"
"420","Pemberton Street Condos","NA Pemberton Street Condos","","","Pemberton Street Condos","","11 - North Cambridge","Complete","1998","Kline / Levy: Jeff Kline","","PB124","","0","0","0.50","Residential","20",," ","42.3907027749","-71.13150451363","POINT (-71.1315045136273 42.390702774904)"
"421","1-37 White Street","Porter Square Shopping Center","","1-37","White Street","","11 - North Cambridge","Complete","1998","Gravestar","BC/NMAOD","","","462,844","0","2.00","Retail",,," ","42.38961041069","-71.11884801108","POINT (-71.1188480110757 42.3896104106873)"
"422","Richdale Avenue","NA Richdale Avenue","","","Richdale Avenue","","9 - Neighborhood 9","Complete","1998","Cambridge Cohousing","IA-1","","","78,000","0","1.25","Residential","43",," ","42.38957152392","-71.12774636689","POINT (-71.1277463668918 42.3895715239194)"
"423","402 Rindge Avenue","402 Rindge Avenue","","402","Rindge Avenue","","11 - North Cambridge","Complete","1998","Just a Start Corporation","C-2","","","0","0","0.00","Residential","274",," ","42.39310893315","-71.1400162784","POINT (-71.1400162784022 42.3931089331478)"
"424","20 Sidney Street","University Park - Phase II","","20","Sidney Street","","5 - Cambridgeport","Complete","1998","Forest City Developmnet","CRDD","","","175,000","0","0.00","Retail",,"210"," ","42.36208871242","-71.09987607539","POINT (-71.0998760753905 42.3620887124179)"
"425","67-83 Webster Street","51-53 Bristol Street","","67-83","Webster Street","","3 - Wellington Harrington","Complete","1998","Just a Start Corporation","C-1","","","12,743","13,137","0.97","Residential","14",," ","42.36837747999","-71.09278022106","POINT (-71.0927802210566 42.3683774799865)"
"523","Richdale Avenue","Richdale Terraces Phase 2","","","Richdale Avenue","","9 - Neighborhood 9","Complete","1998","Joseph Nogueira","","","","0","0","0.00","Residential","56",," ","42.3885019963","-71.12096892525","POINT (-71.1209689252496 42.3885019962983)"
"601","8-12 Museum Way","Museum Towers","Regatta Riverway","8-12","Museum Way","Also five commerical condos in buildings.","1 - East Cambridge","Complete","1998","","","PB85","","1,016,868","0","0.00","Residential","432",,"Also five commerical condos in buildings. ","42.370309","-71.071388","POINT (-71.0713879999999 42.3703089999999)"
"426","270 Albany Street","270 Albany Street","","270","Albany Street","","5 - Cambridgeport","Complete","1999","Lyme Properties","SD-8","","","69,000","32,350","0.00","Office/R&D",,," ","42.35757056433","-71.10212832684","POINT (-71.1021283268449 42.3575705643314)"
"427","203-205 Broadway","203-205 Broadway","","203-205","Broadway","","4 - The Port/Area IV","Complete","1999","Bullfinch Company","IB","","","180,000","86,729","2.30","Office/R&D",,," ","42.36629645882","-71.09301078529","POINT (-71.093010785289 42.3662964588219)"
"428","210 Broadway","210 Broadway","","210","Broadway","","4 - The Port/Area IV","Complete","1999","Bullfinch","1A-2","PB156","","70,000","36,647","1.34","Office/R&D",,," ","42.36611326327","-71.0932182827","POINT (-71.0932182826968 42.3661132632656)"
"429","6 Cambridge Center","Marriott Residence Inn","","6","Cambridge Center","","2 - MIT / Area 2","Complete","1999","Cambridge Redev Auth","MXD","","","0","0","2.00","Hotel",,"221"," ","42.36399761306","-71.08807502318","POINT (-71.0880750231828 42.3639976130551)"
"430","8 Cambridge Center","8 Cambridge Center","","8","Cambridge Center","","2 - MIT / Area 2","Complete","1999","CRA; Cambr. Tech Partners","","","","177,000","0","0.00","Office/R&D",,," ","42.36431423919","-71.08868966971","POINT (-71.0886896697121 42.3643142391919)"
"431","47 Erie Street","47 Erie Street","","47","Erie Street","","5 - Cambridgeport","Complete","1999","Lyme Properties","SD-8","","","121,104","23,082","0.00","Parking Garage",,," ","42.35808512632","-71.10419740718","POINT (-71.104197407178 42.3580851263209)"
"432","2 First Street","aka 2 Canal Park","","2","First Street","Also known as 2 Canal Park.","1 - East Cambridge","Complete","1999","New England Development","BA/PUD-4","","","197,000","61,780","2.35","Office/R&D",,,"Also known as 2 Canal Park. ","42.37023725298","-71.07683319744","POINT (-71.0768331974433 42.3702372529795)"
"433","163 Gore Street","163 Gore Street","","163","Gore Street","","1 - East Cambridge","Complete","1999","Cambridge Publiuc Health Comm.","BA-2","","","26,800","40,000","0.67","Office/R&D",,," ","42.37290490025","-71.08520345253","POINT (-71.0852034525289 42.3729049002459)"
"434","273 Harvard Street","273 Harvard Street","","273","Harvard Street","","6 - Mid-Cambridge","Complete","1999","CASCAP Inc.","C-1","","","0","0","0.00","Residential","22",," ","42.36898182482","-71.10311049532","POINT (-71.1031104953249 42.3689818248184)"
"435","1008 Massachusetts Avenue","1008 Massachusetts Avenue","","1008","Massachusetts Avenue","","7 - Riverside","Complete","1999","Oaktree Development","B-1","","","74,610","36,661","3.25","Retail","67",," ","42.36924356537","-71.11134476036","POINT (-71.1113447603629 42.3692435653664)"
"436","1380-1392 Massachusetts Avenue","also 14-32 JFK Street","","1380-1392","Massachusetts Avenue","","7 - Riverside","Complete","1999","Cambridge Savings Bank","","PB130","","50,000","12,350","4.00","Retail",,," ","42.37316475117","-71.1195168376","POINT (-71.1195168375988 42.3731647511701)"
"437","2525 Massachusetts Avenue","2525 Massachusetts Avenue","","2525","Massachusetts Avenue","","11 - North Cambridge","Complete","1999","Just A Start Corp.","","","","0","0","0.00","Residential","12",," ","42.3998481688","-71.13320052409","POINT (-71.1332005240895 42.3998481687969)"
"438","619 Memorial Drive","619 Memorial Drive","","619","Memorial Drive","","5 - Cambridgeport","Complete","1999","Commonwealth of Massassachusetts","Residential A-2","","","19,960","38,625","0.44","",,," ","42.35334070073","-71.10788705863","POINT (-71.1078870586258 42.3533407007288)"
"439","808-812 Memorial Drive","808-812 Memorial Drive","","808-812","Memorial Drive","","5 - Cambridgeport","Complete","1999","","","","","0","99,150","0.00","Residential","301",," ","42.36069345582","-71.11517019489","POINT (-71.1151701948924 42.3606934558159)"
"440","100-104 Mount Auburn Street","Eliot Square","","100-104","Mount Auburn Street","","10 - West Cambridge","Complete","1999","Intercontinential Contracting Corp","BB","PB120","","53,000","24,000","3.61","Residential","8",," ","42.3726930778","-71.12077563132","POINT (-71.1207756313184 42.3726930777972)"
"441","17-33 Oxford Street","Harvard Maxwell - Dworkin Building","","17-33","Oxford Street","","8 - Baldwin","Complete","1999","Harvard Univ.","C-3","","","91,500","1,332,963","1.36","Office/R&D",,," ","42.37878740902","-71.11684119361","POINT (-71.1168411936057 42.378787409016)"
"442","101 Pacific Street","University Park - 101 Pacific Street","","101","Pacific Street","","5 - Cambridgeport","Complete","1999","Forest City Development","CRDD","","","266,000","0","0.00","Parking Garage",,," ","42.36089349021","-71.10222018574","POINT (-71.1022201857383 42.3608934902117)"
"443","48 Porter Road","48 Porter Road","","48","Porter Road","","11 - North Cambridge","Complete","1999","48 Porter Rd Realty trust","B","","","0","15,949","0.00","Residential","6",," ","42.3891336003","-71.12210700697","POINT (-71.122107006974 42.3891336003015)"
"444","26 Robinson Street","26 Robinson Street","","26","Robinson Street","","9 - Neighborhood 9","Complete","1999","Harvard Planning and Real Estate","C-1","","","6,500","45,351","0.86","Office/R&D",,," ","42.38333143816","-71.12676478213","POINT (-71.1267647821313 42.3833314381646)"
"445","45 & 75 Sidney Street","University Park - Phase III","","45 & 75","Sidney Street","","5 - Cambridgeport","Complete","1999","Forest City Development","CRDD","","","270,000",,,"Office/R&D",,," ","42.36191555893","-71.10142339147","POINT (-71.1014233914707 42.3619155589271)"
"446","815 Somerville Avenue","815 Somerville Avenue","","815","Somerville Avenue","","11 - North Cambridge","Complete","1999","Byrdhouse Enterprises","BC","","","20,900","10,451","2.00","Office/R&D",,," ","42.38816860869","-71.11820129455","POINT (-71.1182012945455 42.3881686086868)"
"447","165 Western Avenue","165 Western Avenue","","165","Western Avenue","","7 - Riverside","Complete","1999","CASCAP","","","","0","0","0.00","Residential","9",," ","42.3649944908","-71.10937039292","POINT (-71.1093703929172 42.3649944907987)"
"448","10 Wilson Road","Smith Place","","10","Wilson Road","","12 - Cambridge Highlands","Complete","1999","A.O. Wilson, Spaulding and Slye","O-2","","","75,000","61,000","1.20","Office/R&D",,," ","42.39232199472","-71.15013661833","POINT (-71.1501366183341 42.3923219947226)"
"504","30 Pilgrim Street","University Park - 30 Pilgrim Street","","30","Pilgrim Street","","5 - Cambridgeport","Complete","1999","Forest City Development","","","","191,688",,"0.00","Parking Garage",,," ","42.36113574651","-71.10249609728","POINT (-71.1024960972786 42.361135746508)"
"577","139 Main Street","139 Main Street","","139","Main Street","","1 - East Cambridge","Complete","1999","H.J. Davis","","","","35,000","0","0.00","Office/R&D",,," ","42.36222236161","-71.08226162195","POINT (-71.0822616219527 42.3622223616065)"
"268","320 Bent Street","320 Bent Street","","320","Bent Street","","1 - East Cambridge","Complete","2000","Rogers St. LLC c/o Lyme Properties","IA-1/IB-1","PB174","","195,966",,"3.00","Office/R&D",,," ","42.36725685634","-71.08785926698","POINT (-71.0878592669796 42.3672568563432)"
"449","50 Ames Street","MIT Building E18","","50","Ames Street","","2 - MIT / Area 2","Complete","2000","MIT","IB/PUD-?","","898238-001349","129,400","0","2.35","Institutional",,," ","42.36166784048","-71.08817040796","POINT (-71.0881704079564 42.3616678404832)"
"450","Brookline Street","Auburn Court Phase II","","","Brookline Street","","5 - Cambridgeport","Complete","2000","Homeowners Rehab","CRDD","","","0","0","0.00","Residential","60",," ","42.36210340985","-71.10282598369","POINT (-71.1028259836919 42.3621034098532)"
"451","139 - 155 Brookline Street","139 - 155 Brookline Street","","139 - 155","Brookline Street","","5 - Cambridgeport","Complete","2000","Hammond Real Estate","SD-9/C","PB136","","34,531","30,228","0.00","Residential","20",," ","42.36011578071","-71.10525345985","POINT (-71.1052534598514 42.3601157807063)"
"452","59 Norfolk Street","59 Norfolk Street","","59","Norfolk Street","","4 - The Port/Area IV","Complete","2000","Just A Start Corp.","B","","","0","0","0.00","Residential","8",," ","42.36567812953","-71.10110599254","POINT (-71.101105992541 42.3656781295288)"
"453","210 Otis Street","210 Otis Street","","210","Otis Street","","1 - East Cambridge","Complete","2000","Just A Start Corp","","","","0","0","0.00","Residential","8",," ","42.37101559666","-71.08774399058","POINT (-71.087743990584 42.3710155966591)"
"454","12 Oxford Street","12 Oxford Street","","12","Oxford Street","","8 - Baldwin","Complete","2000","Harvard Planning and Research","C-3","","","60,500","0","1.63","Office/R&D",,," ","42.37725962056","-71.11592357044","POINT (-71.1159235704436 42.377259620559)"
"455","191-195 Prospect Street","191-195 Prospect Street","","191-195","Prospect Street","","6 - Mid-Cambridge","Complete","2000","Pallotte Trust","C-1","PB153","","0","0","0.00","Residential","20",," ","42.37016375299","-71.10083350072","POINT (-71.1008335007247 42.3701637529935)"
"456","354 Rindge Avenue","also 358,368,384-390 Rindge Avenue","","354","Rindge Avenue","","11 - North Cambridge","Complete","2000","Just A Start Corp","IA-1","","","27,116","26,000","1.08","Residential","12",," ","42.39379166357","-71.13825647368","POINT (-71.1382564736835 42.3937916635662)"
"599","40 Brattle Street","also 12 - 14 Mifflin Place","","40","Brattle Street","","10 - West Cambridge","Complete","2000","Brattle Walk Assoc. / Benjamin Thompson","","","","30,700","0","0.00","Office/R&D",,," ","42.37361890215","-71.12136150077","POINT (-71.1213615007661 42.3736189021463)"
"457","330-334 Broadway","330-334 Broadway","","330-334","Broadway","","6 - Mid-Cambridge","Complete","2001","Keystone Companies","0-1/C-1","","","10,995","21,289","0.00","Residential","10",," ","42.36956073731","-71.10217116562","POINT (-71.1021711656208 42.3695607373053)"
"458","15 Cambridge Center","15 Cambridge Center","","15","Cambridge Center","","2 - MIT / Area 2","Complete","2001","Biogen/CRA","MXD","PB147","","224,000","0","2.81","Office/R&D",,," ","42.36532709638","-71.08819707524","POINT (-71.0881970752413 42.3653270963844)"
"459","200 Cambridgepark Drive","200 Cambridgepark Drive","","200","Cambridgepark Drive","","11 - North Cambridge","Complete","2001","Spaulding and Slye","O-2/PUD-5","","698005-013598","285,500","0","0.00","Office/R&D",,," ","42.39540092804","-71.14890618194","POINT (-71.1489061819435 42.3954009280418)"
"460","1-9 Central Square","","","1-9","Central Square","","5 - Cambridgeport","Complete","2001","Holmes Family Trust","BB","PB133","","128,000","32,823","3.90","Residential","72",," ","42.36516847309","-71.10400384016","POINT (-71.1040038401591 42.3651684730934)"
"462","98-100 Erie Street","98-100 Erie Street","","98-100","Erie Street","","5 - Cambridgeport","Complete","2001","University Realty LLC","","PB142","","26,602","17,900","0.00","Residential","16",," ","42.35868010683","-71.10550537202","POINT (-71.1055053720169 42.3586801068257)"
"463","250 Fresh Pond Parkway","250 Fresh Pond Parkway","","250","Fresh Pond Parkway","","10 - West Cambridge","Complete","2001","City of Cambridge","OS","PB128","","154,390","0","0.00","Utilities",,," ","42.38345863799","-71.14363232403","POINT (-71.1436323240302 42.3834586379874)"
"464","173-181 Harvey Street","173-181 Harvey Street","","173-181","Harvey Street","","11 - North Cambridge","Complete","2001","Conerstone Builders Group","IA-1","PB126","","54,687","56,110","0.92","Residential","32",," ","42.3975355591","-71.13534004646","POINT (-71.1353400464622 42.3975355591016)"
"465","1 Kendall Square","1 Kendall Square","","1","Kendall Square","","3 - Wellington Harrington","Complete","2001","Amgen Inc.","IB","PB150","792350","285,000","0","4.00","Office/R&D",,," ","42.36664177627","-71.09020430744","POINT (-71.0902043074383 42.3666417762689)"
"466","65 Landsdowne Street","University Park - 65 Landsdowne Street","","65","Landsdowne Street","","5 - Cambridgeport","Complete","2001","Forest City Development","CRDD","PB152","","129,454","0","0.00","Office/R&D",,," ","42.36061517657","-71.1003350132","POINT (-71.1003350131975 42.3606151765664)"
"467","580 Massachusetts Avenue","580 Massachusetts Avenue","","580","Massachusetts Avenue","","5 - Cambridgeport","Complete","2001","Cambridge Garden Realty Trust","BB","PB137","","0","16,164","3.00","Residential","30",," ","42.36466644672","-71.10280143729","POINT (-71.102801437289 42.3646664467158)"
"468","125 Mount Auburn Street","125 Mount Auburn Street","","125","Mount Auburn Street","","10 - West Cambridge","Complete","2001","Bullfinch Co.","BB/HSOD","PB164","","49,974","12,803","3.90","Office/R&D",,," ","42.37344396981","-71.1228979697","POINT (-71.1228979697011 42.3734439698094)"
"469","396-398 Putnam Avenue","396-398 Putnam Avenue","","396-398","Putnam Avenue","","5 - Cambridgeport","Complete","2001","CASCAP","","","","0","0","0.00","Residential","8",," ","42.36010068423","-71.11247858513","POINT (-71.1124785851339 42.3601006842335)"
"470","70 Rindge Avenue","Fitzgerald School","","70","Rindge Avenue","","11 - North Cambridge","Complete","2001","City of Cambridge School Dept","B","","","124,893","306,431","0.41","Government",,," ","42.39272903822","-71.12851953819","POINT (-71.1285195381912 42.392729038216)"
"471","241 River Street","241 River Street","","241","River Street","","7 - Riverside","Complete","2001","River Street Trust","C-2","","1298160-045743","23,165","25,160","1.12","Residential","20",," ","42.36296568325","-71.11178358373","POINT (-71.1117835837281 42.3629656832533)"
"472","320 - 366 River Street","Whole Foods","Bread & Circus","320 - 366","River Street","","7 - Riverside","Complete","2001","Whole Food Market","O-3","","","44,834","78,582","1.00","Retail",,," ","42.36114239472","-71.11415149706","POINT (-71.1141514970586 42.3611423947209)"
"473","180 Sidney Street","180 Sidney Street","","180","Sidney Street","","5 - Cambridgeport","Complete","2001","Lyme Properties","SD-8","","","191,104","186,289","1.25","Office/R&D",,," ","42.35819693195","-71.10484895879","POINT (-71.1048489587854 42.3581969319502)"
"477","101 Third Street","101 Third Street","","101","Third Street","","1 - East Cambridge","Complete","2001","Harold Asaph","R2","","","0","0","0.00","Residential","4",," ","42.36978885945","-71.08023720802","POINT (-71.0802372080238 42.3697888594475)"
"493","70 Pacific Street","70 Pacific Street","","70","Pacific Street","","5 - Cambridgeport","Complete","2001","MIT Real Estate","SD-8","PB165","","346,000","138,751","2.49","Institutional",,," ","42.36023921959","-71.10246237221","POINT (-71.1024623722103 42.3602392195894)"
"499","800 Technology Square","Tech Square - 800 Technology Square","","800","Technology Square","","4 - The Port/Area IV","Complete","2001","Beacon Capital Partners","IB","","","0","689,534","2.53","Parking Garage",,," ","42.36546381864","-71.09171488044","POINT (-71.0917148804367 42.3654638186432)"
"501","100 Vassar Street","100 Vassar Street","","100","Vassar Street","","2 - MIT / Area 2","Complete","2001","MIT","C-3","PB166","","110,000","0","0.36","Institutional",,," ","42.35884767692","-71.09628618597","POINT (-71.0962861859731 42.358847676919)"
"4","35 Landsdowne Street","University Park - Millenium Pharmaceuticals","","35","Landsdowne Street","","5 - Cambridgeport","Complete","2002","Forest City Development","CRDD","PB152","","221,561","0","0.00","Office/R&D",,," ","42.36099034753","-71.10019184686","POINT (-71.1001918468599 42.360990347533)"
"5","88 Sidney Street","University Park - 88 Sidney Street","","88","Sidney Street","","5 - Cambridgeport","Complete","2002","Forest City Development","CRDD","PB152","","154,978","0","0.00","Office/R&D",,," ","42.36065161603","-71.10187877931","POINT (-71.1018787793074 42.3606516160272)"
"6","300 Technology Square","Tech Square - 300 Technology Square","","300","Technology Square","","4 - The Port/Area IV","Complete","2002","Tech Square LLC","IB","PB144","","118,621","689,534","2.53","Office/R&D",,," ","42.3634083285","-71.09177114541","POINT (-71.0917711454075 42.3634083285032)"
"7","300 Third Street","300 Third Street","","300","Third Street","","1 - East Cambridge","Complete","2002","Beal Company","IB-1","PB151","","128,090","42,697","3.00","Office/R&D",,," ","42.36549757935","-71.08232944511","POINT (-71.082329445105 42.3654975793538)"
"12","80 Landsdowne Street","University Park - 80 Landsdowne Street","","80","Landsdowne Street","","5 - Cambridgeport","Complete","2002","Forest City Development","CRDD","PB152","","0","0","0.00","Parking Garage",,," ","42.3602204025","-71.10079655154","POINT (-71.1007965515392 42.3602204025016)"
"13","187-199 Msgr. O'Brien Highway","Hampton Inn Hotel","","187-199","Msgr. O'Brien Highway","","1 - East Cambridge","Complete","2002","Natraj Realty Trust","SD-1","","","51,919","17,330","3.00","Hotel",,"114"," ","42.37214326323","-71.07851485476","POINT (-71.0785148547623 42.3721432632285)"
"14","91 Sidney Street","University Park - 91 Sidney Street","","91","Sidney Street","","5 - Cambridgeport","Complete","2002","Forest City Development","CRDD","PB152","","156,000","0","0.00","Residential","135",," ","42.36089349021","-71.10222018574","POINT (-71.1022201857383 42.3608934902117)"
"17","229 Vassar Street","MIT Simmons Hall Dormitory","","229","Vassar Street","","2 - MIT / Area 2","Complete","2002","MIT","SD-6","PB157","","160,000","61,683","3.00","Institutional",,," ","42.35711003","-71.1013869114","POINT (-71.1013869113951 42.3571100299972)"
"19","40 Landsdowne Street","University Park - 40 Landsdowne Street","","40","Landsdowne Street","","5 - Cambridgeport","Complete","2002","Forest City Development","CRDD","PB163","","228,184","0","0.00","Office/R&D",,," ","42.36057298359","-71.09982261669","POINT (-71.0998226166889 42.3605729835869)"
"22","600 Technology Square","Tech Square - 600 Technology Square","","600","Technology Square","","4 - The Port/Area IV","Complete","2002","Tech Square LLC","IB","PB144","","132,591","452,204","2.12","Office/R&D",,," ","42.36306900625","-71.09306192425","POINT (-71.0930619242457 42.3630690062526)"
"23","700 Technology Square","Tech Square - 700 Technology Square","","700","Technology Square","","4 - The Port/Area IV","Complete","2002","Tech Square LLC","IB","PB144","","54,376","452,204","2.12","Office/R&D",,," ","42.36389431456","-71.09278392281","POINT (-71.0927839228086 42.3638943145572)"
"25","1167 Cambridge Street","1167 Cambridge Street","Nobrega's","1167","Cambridge Street","","3 - Wellington Harrington","Complete","2002","Just-A-Start Corp.","","","","13,500","0","0.00","Residential","8",," ","42.37327759643","-71.09661640873","POINT (-71.0966164087282 42.3732775964332)"
"26","28 Osborn Street","28 Osborn Street","TKT","28","Osborn Street","","4 - The Port/Area IV","Complete","2002","MIT Real Estate","IB","","","182,031","210,215","0.87","Office/R&D",,," ","42.36296785456","-71.09501855935","POINT (-71.0950185593506 42.3629678545566)"
"233","350 Kendall Street","Cambridge Research Park - 350 Kendall Street","","350","Kendall Street","Underground garage provides parking for all Cambridge Research Park buildings.","1 - East Cambridge","Complete","2002","Lyme Properties","O-3/PUD-3","PB141","","2,000","425,319","3.00","Parking Garage",,,"Underground garage provides parking for all Cambridge Research Park buildings. ","42.36350722046","-71.08200948941","POINT (-71.082009489412 42.3635072204637)"
"479","224 Albany Street","224 Albany Street","","224","Albany Street","","5 - Cambridgeport","Complete","2002","","SD-8","","","74,976","0","0.00","Institutional",,," ","42.35882518339","-71.10026024184","POINT (-71.1002602418377 42.3588251833882)"
"480","8 Bigelow Street","8 Bigelow Street","","8","Bigelow Street","","6 - Mid-Cambridge","Complete","2002","CASCAP","","","","0","0","0.00","Residential","10",," ","42.36775842499","-71.10544657168","POINT (-71.1054465716839 42.3677584249861)"
"481","8 Boardman Street","Squirrel Brand Properties","","8","Boardman Street","","4 - The Port/Area IV","Complete","2002","Just-A-Start Corp.","C-1","","","20,000","0","0.00","Residential","20",," ","42.3670391386","-71.09675536799","POINT (-71.0967553679855 42.3670391386047)"
"483","30 Cambridgepark Drive","30 Cambridgepark Drive","","30","Cambridgepark Drive","","11 - North Cambridge","Complete","2002","Oaktree Development","","PB154","","366,350","143,717","2.55","Residential","311",," ","42.39441440569","-71.14280678693","POINT (-71.1428067869299 42.3944144056938)"
"484","803-815 Cambridge Street","803-815 Cambridge Street","","803-815","Cambridge Street","","3 - Wellington Harrington","Complete","2002","","","","","0","0","0.00","","14",," ","42.37245012978","-71.09023585873","POINT (-71.0902358587282 42.3724501297808)"
"489","350 Main Street","Firehouse Hotel","","350","Main Street","","2 - MIT / Area 2","Complete","2002","The Firehouse in LLC","IB","","","37,600","0","4.00","Hotel",,"65"," ","42.36238844706","-71.08727643709","POINT (-71.0872764370937 42.3623884470562)"
"490","2443 Massachusetts Avenue","2443 Massachusetts Avenue","","2443","Massachusetts Avenue","","11 - North Cambridge","Complete","2002","Cambridge Garden Realty Trust","BA-2","","","20,243","9,937","1.75","Residential","13",," ","42.39814189544","-71.13084432354","POINT (-71.1308443235366 42.3981418954409)"
"1","784 Memorial Drive","784 Memorial Drive","Polaroid","784","Memorial Drive","","5 - Cambridgeport","Complete","2003","Spaulding & Slye","O-3","PB161","","158,572","164,853","0.96","Office/R&D",,," ","42.35972303559","-71.11508585088","POINT (-71.1150858508758 42.3597230355908)"
"15","25 Land Boulevard","Hotel Marlowe","","25","Land Boulevard","","1 - East Cambridge","Complete","2003","New England Development","BA/PUD-4","PB66","","154,000","27,000","2.18","Hotel",,"236"," ","42.36781134838","-71.07491637052","POINT (-71.0749163705172 42.3678113483812)"
"18","300 Bent Street","Data Center","","300","Bent Street","","1 - East Cambridge","Complete","2003","Lohnes & Laverty","IB-1","PB162","","91,980","67,020","2.56","Telecommunications",,," ","42.36756098167","-71.08638632166","POINT (-71.086386321662 42.3675609816719)"
"32","265 Rindge Avenue","265 Rindge Avenue","","265","Rindge Avenue","","11 - North Cambridge","Complete","2003","Shelter Inc.","B","","","5,794","0","0.00","Residential","10",," ","42.39368522766","-71.13476108855","POINT (-71.1347610885481 42.393685227658)"
"34","55-99 Columbia Street","CAST Housing","","55-99","Columbia Street","","4 - The Port/Area IV","Complete","2003","Homeowner's Rehab.","C-1","","","0","0","0.00","Residential","42",," ","42.36491833948","-71.09915061961","POINT (-71.099150619605 42.3649183394785)"
"39","157-179 Pleasant Street","Harvard Affiliate Housing","Polaroid","157-179","Pleasant Street","","5 - Cambridgeport","Complete","2003","Harvard Planning & Real Estate","O-3","PB161","","160,000","93,171","1.70","Residential","120",," ","42.35981969811","-71.11411505831","POINT (-71.1141150583101 42.3598196981059)"
"229","500 Kendall Street","Cambridge Research Park - 500 Kendall Street","Genzyme Building","500","Kendall Street","Parking in provided in Cambridge Research Park pooled facility.","1 - East Cambridge","Complete","2003","Lyme Properties","O-3/PUD-3","PB141","","275,513","0","3.00","Office/R&D",,,"Parking in provided in Cambridge Research Park pooled facility. ","42.3639536326","-71.08169763031","POINT (-71.0816976303062 42.363953632603)"
"237","100 Technology Square","Tech Square - 100 Technology Square","","100","Technology Square","","4 - The Port/Area IV","Complete","2003","Tech Square LLC","IB","PB144","","347,500","0","0.00","Office/R&D",,," ","42.36294896875","-71.09079387873","POINT (-71.0907938787327 42.3629489687523)"
"658","1 Bow Street","1 Bow Street","","1","Bow Street","Includes 1230 Massachusetts Avenue.","7 - Riverside","Complete","2003","","","PB167","","35,000","10,990","0.00","Office/R&D",,,"Includes 1230 Massachusetts Avenue. ","42.372176","-71.115841","POINT (-71.115841 42.372176)"
"2","0 Arrow Street","Oberon Theater","","0","Arrow Street","","7 - Riverside","Complete","2004","Carr Foundation","O-3","PB180","","48,224","18,652","2.58","Theater",,," ","42.37093850421","-71.11430219977","POINT (-71.1143021997688 42.370938504205)"
"8","10 Vassar Street","MIT Stata Center","","10","Vassar Street","","2 - MIT / Area 2","Complete","2004","MIT","","PB158","","446,510","120,450","3.60","Institutional",,," ","42.36173184179","-71.09134144366","POINT (-71.0913414436609 42.3617318417918)"
"29","254 Massachusetts Avenue","Novartis","","254","Massachusetts Avenue","","5 - Cambridgeport","Complete","2004","DSF Real Estate Investors","SD-7","PB173","","484,072","143,522","3.26","Office/R&D",,," ","42.36159289838","-71.09757584005","POINT (-71.0975758400457 42.3615928983788)"
"37","369 Franklin Street","Oaktree Housing","","369","Franklin Street","","7 - Riverside","Complete","2004","Oaktree Green","C-2","","","21,500","0","0.00","Residential","18",," ","42.36632785749","-71.10802315361","POINT (-71.1080231536104 42.366327857485)"
"48","650 Concord Avenue","Neville Manor","","650","Concord Avenue","","12 - Cambridge Highlands","Complete","2004","Neville Communities","","","","49,730","85,214","0.56","Nursing Home","71",," ","42.3894995711","-71.14941056585","POINT (-71.1494105658459 42.3894995710963)"
"49","47 Bishop Allen Drive","Parking Garage","","47","Bishop Allen Drive","","4 - The Port/Area IV","Complete","2004","Fennel RE Trust","","","","11,036","11,036","3.00","Parking Garage",,," ","42.36466833382","-71.10011080604","POINT (-71.1001108060417 42.3646683338195)"
"226","675 West Kendall Street","Cambridge Research Park - 675 West Kendall Street","Vertex Building","675","West Kendall Street","Parking in provided in Cambridge Research Park pooled facility.","1 - East Cambridge","Complete","2004","Lyme Properties","O-3/PUD-3","PB141","","245,226","0","0.00","Office/R&D",,,"Parking in provided in Cambridge Research Park pooled facility. ","42.36462743972","-71.08193110326","POINT (-71.0819311032568 42.3646274397156)"
"270","157 Sixth Street","157 Sixth Street","","157","Sixth Street","","1 - East Cambridge","Complete","2004","Rogers St. LLC c/o Lyme Properties","IA-1/IB-1","PB174","","41,349","0","3.00","Residential","37",," ","42.36657557158","-71.08618043565","POINT (-71.0861804356545 42.3665755715753)"
"11","100 Landsdowne Street","University Park - 100 Landsdowne Street","","100","Landsdowne Street","","5 - Cambridgeport","Complete","2005","Forest City Development","CRDD","PB152","","236,000","0","0.00","Residential","203",," ","42.35998803687","-71.10095235402","POINT (-71.1009523540186 42.3599880368695)"
"27","320 Charles Street","320 Charles Street","","320","Charles Street","","1 - East Cambridge","Complete","2005","Whitehead Institute","IA-1","","","9,600","107,025","0.74","Office/R&D",,," ","42.36827353305","-71.08649027492","POINT (-71.0864902749179 42.3682735330501)"
"28","68 Bolton Street","68 Bolton Street","","68","Bolton Street","","9 - Neighborhood 9","Complete","2005","Just-A-Start Corp.","B","","","0","0","0.00","Residential","6",," ","42.39009189466","-71.13222616712","POINT (-71.1322261671171 42.3900918946641)"
"30","1730 Cambridge Street","Harvard CGIS-South","","1730","Cambridge Street","","6 - Mid-Cambridge","Complete","2005","Harvard University","C-3","PB171","","84,377","63,929","1.33","Institutional",,," ","42.37519450363","-71.11319837642","POINT (-71.1131983764174 42.3751945036259)"
"40","43 Vassar Street","MIT Brain & Cognitive Center","","43","Vassar Street","","2 - MIT / Area 2","Complete","2005","MIT","C-3B","PB181","","362,000","388,991","0.40","Institutional",,," ","42.36211382277","-71.09142821935","POINT (-71.0914282193451 42.3621138227681)"
"50","52 Oxford Street","Parking Garage","","52","Oxford Street","","8 - Baldwin","Complete","2005","Harvard University","C-3","","","328,701","1,111,380","1.68","Parking Garage",,," ","42.37939988254","-71.11590432313","POINT (-71.1159043231336 42.3793998825353)"
"52","146-152 Prospect Street","Scouting Way","","146-152","Prospect Street","","4 - The Port/Area IV","Complete","2005","Just-A-Start","O-1/BA-1","","","16,204","15,175","0.92","Residential","13",," ","42.36873965641","-71.10107730229","POINT (-71.1010773022904 42.3687396564112)"
"235","23 Sidney Street","University Park - 23 Sidney Street","","23","Sidney Street","","5 - Cambridgeport","Complete","2005","Forest City Development","","","","46,000","0","0.00","Residential","49",," ","42.36222146127","-71.10058228733","POINT (-71.1005822873325 42.3622214612746)"
"241","1737 Cambridge Street","Harvard CGIS-North","","1737","Cambridge Street","","6 - Mid-Cambridge","Complete","2005","Harvard University","C-1/C-3","PB171","","96,054","169,205","2.57","Institutional",,," ","42.37544639488","-71.11316029318","POINT (-71.1131602931839 42.3754463948794)"
"244","10-18 Decatur Street","10-18 Decatur Street","","10-18","Decatur Street","","5 - Cambridgeport","Complete","2005","Fela Realty Trust","SD-9/C","PB187","","31,520","27,671","0.88","Residential","19",," ","42.36067799297","-71.10518384751","POINT (-71.1051838475137 42.3606779929657)"
"260","100 Acorn Park Drive","Discovery Park - 100 Discovery Park/Smithsonian Building","","100","Acorn Park Drive","FAR is for entire Discovery Park development. Parking allocated from Discovery Park inventory.","11 - North Cambridge","Complete","2005","Bulfinch Company","SD-4","PB198","","158,007","1,154,420","0.61","Office/R&D",,,"FAR is for entire Discovery Park development. Parking allocated from Discovery Park inventory. ","42.39810843272","-71.14965283052","POINT (-71.1496528305172 42.3981084327218)"
"580","12 R Cambridge Center","Biogen","","12 R","Cambridge Center","","2 - MIT / Area 2","Complete","2005","Biogen.Add Inc.","","","","132,270","0","0.00","Office/R&D",,," ","42.3649580639","-71.08741653928","POINT (-71.0874165392844 42.3649580639049)"
"21","7 Cambridge Center","Broad Institute","","7","Cambridge Center","","2 - MIT / Area 2","Complete","2006","Boston Properties","MXD","","","194,096","44,854","4.48","Office/R&D",,," ","42.36286743866","-71.08912267139","POINT (-71.0891226713898 42.3628674386569)"
"41","1 Hampshire Street","Draper Labs","","1","Hampshire Street","","3 - Wellington Harrington","Complete","2006","Leggett McCall/Draper","IB","PB182","","156,700","101,190","3.20","Office/R&D",,," ","42.36523244084","-71.09006452289","POINT (-71.0900645228903 42.3652324408355)"
"47","310-324 Rindge Avenue","Brickworks","","310-324","Rindge Avenue","","11 - North Cambridge","Complete","2006","Brickworks LLC","C-1A/MXR?","PB186","","153,730","153,207","1.05","Residential","102",," ","42.39225032235","-71.1370935088","POINT (-71.1370935088014 42.3922503223547)"
"245","60 Aberdeen Avenue","60 Aberdeen Avenue","","60","Aberdeen Avenue","","10 - West Cambridge","Complete","2006","Prospectus, LLC","C-1/MXR","N/A","305074-007824","63,658","65,290","0.75","Residential","55",," ","42.3768896934","-71.14750900206","POINT (-71.147509002064 42.3768896933977)"
"261","350 Third Street","Cambridge Research Park - Watermark 1","","350","Third Street","","1 - East Cambridge","Complete","2006","Twining Properties","O-3/PUD-3","PB141","","357,000","48,106","3.00","Residential","321",," ","42.36367535649","-71.08335307351","POINT (-71.0833530735145 42.3636753564894)"
"263","2377-2399 Massachusetts Avenue","Trolley Square Housing","","2377-2399","Massachusetts Avenue","","11 - North Cambridge","Complete","2006","HRI","BA-2","","","55,854","37,645","0.00","Residential","40",," ","42.39711480063","-71.12965325555","POINT (-71.129653255546 42.3971148006261)"
"264","390 Rindge Avenue","Alewife Brook Condos II","","390","Rindge Avenue","","11 - North Cambridge","Complete","2006","JAS","C-1A/C-2","","","10,662","8,448","0.00","Residential","8",," ","42.393734517","-71.13924081634","POINT (-71.1392408163376 42.3937345170014)"
"267","773 Concord Avenue","773 Concord Avenue","","773","Concord Avenue","","12 - Cambridge Highlands","Complete","2006","VRL Realty Trust","C-2","PB146","","31,359","17,896","0.00","Residential","25",," ","42.39077165173","-71.15461436937","POINT (-71.1546143693721 42.3907716517333)"
"273","250 Massachusetts Avenue","250 Massachusetts Avenue","","250","Massachusetts Avenue","","2 - MIT / Area 2","Complete","2006","Novartis Services","SD-7/CSOD","PB173","","65,319","8,709","3.54","Office/R&D",,," ","42.36159289838","-71.09757584005","POINT (-71.0975758400457 42.3615928983788)"
"287","2495 Massachusetts Avenue","2495 Massachusetts Avenue","","2495","Massachusetts Avenue","","11 - North Cambridge","Complete","2006","Just A Start","B/BA-2","","","18,425","29,565","0.00","Residential","14",," ","42.39923571371","-71.13224531131","POINT (-71.1322453113052 42.3992357137104)"
"24","301 Binney Street","301 Binney Street","","301","Binney Street","","1 - East Cambridge","Complete","2007","Biomed Realty Trust","IA-1/IB-1","PB174","","268,779","165,110","3.00","Office/R&D",,," ","42.36658421788","-71.08796794503","POINT (-71.0879679450326 42.3665842178828)"
"248","113 Richdale Avenue","Richdale Place Cohousing","","113","Richdale Avenue","","9 - Neighborhood 9","Complete","2007","Oaktree Development","C-1A","PB201","","29,775","18,460","1.61","Residential","20",," ","42.38911312725","-71.12524563822","POINT (-71.1252456382171 42.3891131272468)"
"249","Grant & Cowperthwaite Streets / Harvard Housing","Harvard Housing","","","Grant & Cowperthwaite Streets / Harvard Housing","","7 - Riverside","Complete","2007","Harvard Real Estate Services","","PB199","","126,765","165,731","3.07","Residential",,," ","42.36953128068","-71.11642507578","POINT (-71.1164250757771 42.3695312806775)"
"262","15 Oxford Street","Harvard LISE Building","","15","Oxford Street","","8 - Baldwin","Complete","2007","Harvard University","C-3","PB191","","118,800","0","1.58","Institutional",,," ","42.37741003912","-71.11674043432","POINT (-71.1167404343194 42.3774100391216)"
"266","1 Russell Street","1 Russell Street","","1","Russell Street","","11 - North Cambridge","Complete","2007","Quadrant Real Estate","BA-2/B","","","32,023","22,536","0.00","Residential","32",," ","42.39206086973","-71.12362522216","POINT (-71.1236252221577 42.3920608697311)"
"272","110 Second Street","110 Second Street","","110","Second Street","","1 - East Cambridge","Complete","2007","Charles Passage, LLC","IA-1","","","37,729","19,995","1.95","Residential","29",," ","42.3677541556","-71.07920743544","POINT (-71.0792074354368 42.3677541556005)"
"276","18-24 Bay State Road","18-24 Bay State Road","","18-24","Bay State Road","","9 - Neighborhood 9","Complete","2007","Bay State Loft, LLC","IA-1","","","24,000","12,443","1.95","Residential","23",," ","42.38705328218","-71.14013406942","POINT (-71.1401340694208 42.3870532821847)"
"279","2440 Massachusetts Avenue","2440 Massachusetts Avenue","","2440","Massachusetts Avenue","","11 - North Cambridge","Complete","2007","Cambridge Point Realty Trust","BA-2/SD-2","","","40,000","25,000","1.75","Residential","41",," ","42.39794662571","-71.13141808579","POINT (-71.1314180857903 42.3979466257111)"
"282","25-45 Blackstone Street","Switchhouse Housing","","25-45","Blackstone Street","","7 - Riverside","Complete","2007","Harvard University","C-1","PB207","","41,783","44,080","0.95","Residential","33",," ","42.36377210057","-71.1140047374","POINT (-71.1140047373973 42.3637721005651)"
"284","2101-2103 Massachusetts Avenue","VFW Housing","","2101-2103","Massachusetts Avenue","","11 - North Cambridge","Complete","2007","CASCAP","B","","","7,800","6,316","0.00","Residential","9",," ","42.39167106904","-71.12348406478","POINT (-71.123484064775 42.3916710690384)"
"292","199-209 Columbia Street","Columbia Court","","199-209","Columbia Street","","4 - The Port/Area IV","Complete","2007","Just A Start Corp","BA/C-1","","","13,241","13,956","1.18","Residential","13",," ","42.36824106782","-71.09729360492","POINT (-71.0972936049197 42.3682410678225)"
"9","273 First Street","Kendall Square Electric Plant","","273","First Street","","1 - East Cambridge","Complete","2008","Mirant New England","O-3A","PB-233","","11,800","168,162","0.00","Utilities",,," ","42.36312553095","-71.08023273221","POINT (-71.0802327322139 42.3631255309548)"
"33","1 Leighton Street","Avalon Bay North Point - Avalon North Point","","1","Leighton Street","FAR includes original plans for Phase II building, since reduced in size.","1 - East Cambridge","Complete","2008","C.E. Smith/Archstone Dev","NP/PUD-6","PB175","206055-022327","426,000","247,431","3.77","Residential","426",,"FAR includes original plans for Phase II building, since reduced in size. ","42.37006121459","-71.07338379088","POINT (-71.0733837908817 42.3700612145933)"
"45","1979 Massachusetts Avenue","1979 Massachusetts Avenue","","1979","Massachusetts Avenue","","11 - North Cambridge","Complete","2008","Sam Azzam","BC/B","","","13,900","5,832","2.40","Residential","15",," ","42.39032173722","-71.12071348062","POINT (-71.1207134806249 42.3903217372206)"
"250","870-888 Memorial Drive","Harvard Affiliate Housing","Mahoney's","870-888","Memorial Drive","","7 - Riverside","Complete","2008","Harvard Real Estate Services","","PB200","","140,652","98,828","3.10","Residential","18",," ","42.36483770459","-71.11525783271","POINT (-71.1152578327105 42.3648377045882)"
"252","21 Brookline Street","21 Brookline Street","","21","Brookline Street","","5 - Cambridgeport","Complete","2008","1st Cambridge Real Estate","C-1/C-2A/CSOD","PB202","","40,755","18,256","2.00","Residential","49",," ","42.36325230794","-71.10220411297","POINT (-71.1022041129696 42.3632523079364)"
"255","24 Oxford Street","Harvard NW Lab Building","","24","Oxford Street","","8 - Baldwin","Complete","2008","Harvard University","C-3","PB204","","410,000","1,132,560","2.12","Institutional",,," ","42.37819199465","-71.11559679324","POINT (-71.1155967932368 42.3781919946528)"
"258","1 Earhart Street","Cambridge Crossing (North Point) - Building S/Sierra","","1","Earhart Street","FAR for overall North Point development.","1 - East Cambridge","Complete","2008","JonesLangLaSalle-GuilfordTransport","NP/PUD-6","PB179","","113,955","19,500","2.66","Residential","99",,"FAR for overall North Point development. ","42.371112","-71.075052","POINT (-71.0750519999999 42.3711119999999)"
"259","2 Earhart Street","Cambridge Crossing (North Point) - Building T/Tango","","2","Earhart Street","FAR for overall North Point development.","1 - East Cambridge","Complete","2008","JonesLangLaSalle-GuilfordTransport","NP/PUD-6","PB179","","236,223","32,000","2.66","Residential","230",,"FAR for overall North Point development. ","42.370843","-71.073593","POINT (-71.073593 42.370843)"
"280","330 Mount Auburn Street","Mt. Auburn Hospital Acute Care Bldg/Parking Garage","","330","Mount Auburn Street","","10 - West Cambridge","Complete","2008","Mt. Auburn Hospital","C-1/C-3","PB209","","180,900","367,181","1.56","Hospital",,," ","42.37460530904","-71.13584920061","POINT (-71.1358492006121 42.3746053090363)"
"283","20 Cpl. McTernan Street","Phase 1","Blessed Sacrament Church","20","Cpl. McTernan Street","","5 - Cambridgeport","Complete","2008","Pearl St. LLC","C","PB211","","42,059","30,174","2.90","Residential","23",," ","42.36093772302","-71.10787185003","POINT (-71.1078718500269 42.3609377230202)"
"285","37 Wheeler Street","37 Wheeler Street","Baker Building","37","Wheeler Street","","12 - Cambridge Highlands","Complete","2008","World 114 Nomine Trust","BC","","","57,500","52,800","0.00","Residential","72",," ","42.38963896126","-71.14464737142","POINT (-71.1446473714195 42.3896389612584)"
"296","235 Albany Street","MIT Graduate Student Dormitory","","235","Albany Street","","2 - MIT / Area 2","Complete","2008","MIT","SD-8","PB215","","246,900","143,910","1.71","Institutional",,," ","42.35886463936","-71.10070156998","POINT (-71.1007015699763 42.3588646393604)"
"298","479 Concord Avenue","479 Concord Avenue","","479","Concord Avenue","","9 - Neighborhood 9","Complete","2008","Shelter, Inc.","C-1A/B","","","3,700","5,865","0.00","Residential","14",," ","42.38677279273","-71.14038090177","POINT (-71.1403809017701 42.3867727927252)"
"304","1 First Street","1 First Street","","1","First Street","","1 - East Cambridge","Complete","2008","Leggat McCall Properties","?/PUD-4A","PB192","","297,006","72,418","4.10","Residential","196",," ","42.37015487104","-71.07813385557","POINT (-71.0781338555707 42.3701548710379)"
"305","239-241 Prospect Street","239-241 Prospect Street","","239-241","Prospect Street","","6 - Mid-Cambridge","Complete","2008","239 Prospect St., LLC","C-1","","12060340","9,600","12,792","0.75","Residential","8",," ","42.37127703949","-71.10004898147","POINT (-71.1000489814683 42.3712770394859)"
"308","182-190 Prospect Street","Prospect Court Phases 1/2","","182-190","Prospect Street","","4 - The Port/Area IV","Complete","2008","Prospect Street Housing Trust","C-1","N/A","507102-044625","9,274","31,498","0.93","Residential","11",," ","42.36994995152","-71.10042569659","POINT (-71.1004256965901 42.3699499515189)"
"51","303 Third Street","303 Third Street","","303","Third Street","","1 - East Cambridge","Complete","2009","Extell Cambridge LLC","PUD-KS/C-2B","PB189","","579,779","148,693","3.90","Residential","482",," ","42.36403220271","-71.08366232035","POINT (-71.0836623203534 42.364032202708)"
"278","280-290 River Street","280-290 River Street","","280-290","River Street","","5 - Cambridgeport","Complete","2009","Orwig Associates","C-1/BA-3","PB233","","22,418","25,127","0.95","Residential","17",," ","42.36224664514","-71.11308722345","POINT (-71.113087223449 42.3622466451422)"
"306","688 Huron Avenue","West Cambridge Youth Center","VFW","688","Huron Avenue","","13 - Strawberry Hill","Complete","2009","City of Cambridge","C-3","","207121-019203","31,000","28,592","1.08","Community Center",,," ","42.38036299848","-71.15430286522","POINT (-71.1543028652216 42.380362998483)"
"307","125-127 Harvard Street","125-127 Harvard Street","","125-127","Harvard Street","","4 - The Port/Area IV","Complete","2009","CASCAP Realty, Inc.","C-2B","","","37,213","10,200","0.00","Residential","24",," ","42.36525250523","-71.09330520775","POINT (-71.0933052077511 42.3652525052347)"
"309","823 Main Street","823 Main Street","","823","Main Street","","4 - The Port/Area IV","Complete","2009","Just A Start","BB","PB169","","13,356","5,950","2.28","Residential","10",," ","42.36340957731","-71.0977423359","POINT (-71.0977423359041 42.3634095773066)"
"313","178 Coolidge Hill","Shady Hill School Arts Center & Gym","","178","Coolidge Hill","","10 - West Cambridge","Complete","2009","Shady Hill School","A-2","","807095-016179","75,363","472,716","0.26","Institutional",,," ","42.37167435274","-71.13872015501","POINT (-71.1387201550061 42.3716743527358)"
"314","75 Amherst Street","MIT Media Lab","","75","Amherst Street","","2 - MIT / Area 2","Complete","2009","MIT","C-3B","PB168","607018","162,665","294,849","2.62","Institutional",,," ","42.36021154618","-71.08750013453","POINT (-71.0875001345267 42.3602115461829)"
"315","220 Alewife Brook Parkway","Hotel Tria Expansion","","220","Alewife Brook Parkway","","12 - Cambridge Highlands","Complete","2009","KW Cambridge Properties LLC","BA/AOD-5","PB230","","57,759","68,907","0.84","Hotel",,"52"," ","42.38849942762","-71.1423972058","POINT (-71.142397205795 42.3884994276188)"
"227","650 East Kendall Street","Cambridge Research Park - 650 East Kendall Street","","650","East Kendall Street","Parking in provided in Cambridge Research Park pooled facility.","1 - East Cambridge","Complete","2010","Biomed Realty Trust","O-3/PUD-3","PB141","","217,398","49,470","3.00","Office/R&D",,,"Parking in provided in Cambridge Research Park pooled facility. ","42.3645257329","-71.08107292366","POINT (-71.0810729236616 42.3645257329026)"
"240","449 Broadway","Main Library Expansion","","449","Broadway","","6 - Mid-Cambridge","Complete","2010","City of Cambridge","C-3/OS","PB193","","102,210","513,809","1.50","Government",,," ","42.37377577279","-71.11040378207","POINT (-71.1104037820654 42.3737757727924)"
"281","95 Harvey Street","95 Harvey Street","","95","Harvey Street","","11 - North Cambridge","Complete","2010","Michael O'Shea","SD-2","PB208","","13,739","8,514","1.61","Residential","8",," ","42.39740294197","-71.1333271061","POINT (-71.1333271061012 42.3974029419711)"
"299","100 Main Street","MIT Sloan School of Management","","100","Main Street","","2 - MIT / Area 2","Complete","2010","MIT","C-3B","PB225","","209,000","268,713","2.44","Institutional",,," ","42.36150888572","-71.08255252173","POINT (-71.0825525217262 42.3615088857211)"
"303","72 Hamilton Street","72 Hamilton Street","","72","Hamilton Street","","5 - Cambridgeport","Complete","2010","Peggy Morrissey","SD-10","PB226","","15,343","11,172","1.32","Residential","11",," ","42.3581676167","-71.10607000897","POINT (-71.1060700089743 42.3581676167025)"
"319","1663 Massachusetts Avenue","1663 Massachusetts Avenue","","1663","Massachusetts Avenue","","8 - Baldwin","Complete","2010","Lesley University","BA-2/C-1","","","34,700","18,980","1.81","Institutional",,," ","42.38181446822","-71.11951539617","POINT (-71.1195153961695 42.3818144682237)"
"330","10 Cpl. McTernan Street","Phase 2","Blessed Sacrament Church","10","Cpl. McTernan Street","","5 - Cambridgeport","Complete","2010","Pearl McTernan LLC","C","PB211","","49,302","30,174","3.27","Residential","20",," ","42.36067935573","-71.10746593395","POINT (-71.1074659339459 42.3606793557287)"
"332","1131 Massachusetts Avenue","1131 Massachusetts Avenue","","1131","Massachusetts Avenue","","6 - Mid-Cambridge","Complete","2010","Veritas LLC","C-2B","PB228","","11,077","6,330","1.75","Hotel",,"32"," ","42.37105839494","-71.11375504739","POINT (-71.1137550473899 42.3710583949378)"
"344","17-19 Tremont Street","also 188 Prospect StreetProspect Court Phases 3/4","","17-19","Tremont Street","","4 - The Port/Area IV","Complete","2010","Prospect Street Housing Trust","C-1","N/A","507102-044625","20,422","31,498","0.93","Residential","15",," ","42.36981741329","-71.09950337333","POINT (-71.0995033733342 42.3698174132885)"
"346","87 New Street","87 New Street","","87","New Street","","9 - Neighborhood 9","Complete","2010","Oaktree Development","IA-1","","","49,999","30,000","1.95","Residential","54",," ","42.38980279412","-71.13938287036","POINT (-71.1393828703593 42.3898027941215)"
"350","277 Broadway","277 Broadway","","277","Broadway","","4 - The Port/Area IV","Complete","2010","277 Broadway LLC","BA","","1209080-013841","12,831","8,626","0.00","Residential","9",," ","42.36804940836","-71.09741649845","POINT (-71.0974164984473 42.3680494083593)"
"300","1585 Massachusetts Avenue","Harvard Law School Expansion","","1585","Massachusetts Avenue","Parking spaces servemultiple buildings throughout Harvard campus.","8 - Baldwin","Complete","2011","Harvard University","C-3","PB221","707078-030893","234,000","1,343,528","1.71","Institutional",,,"Parking spaces servemultiple buildings throughout Harvard campus. ","42.37912156","-71.119740133","POINT (-71.1197401329998 42.37912156)"
"318","500 Main Street","MIT Cancer Research Center","","500","Main Street","171 parking spaces allocated from existing MIT parking pool.","2 - MIT / Area 2","Complete","2011","MIT","C-3B","PB232","608243-026682","308,756","2,012,983","2.01","Office/R&D",,,"171 parking spaces allocated from existing MIT parking pool. ","42.362483379","-71.089004152","POINT (-71.089004152 42.3624833789999)"
"321","1066 Cambridge Street","Elm Place","","1066","Cambridge Street","","3 - Wellington Harrington","Complete","2011","Just A Start","BA/C-1","N/A","309148-011420","27,732","16,084","1.60","Residential","19",," ","42.37292557","-71.095300857","POINT (-71.0953008569999 42.37292557)"
"353","126 Charles Street","126 Charles Street","","126","Charles Street","","1 - East Cambridge","Complete","2011","1st Charles LLC/Glanz Properties","C-1","PB249","1110150-015766","7,593","5,000","0.66","Residential","8",," ","42.367555515","-71.082071917","POINT (-71.0820719169999 42.3675555149999)"
"354","259 Harvard Street","Jackson Gardens Renovation","","259","Harvard Street","","6 - Mid-Cambridge","Complete","2011","Cambridge Housing Authority","C-1","N/A","810276-022718","55,668","43,565","1.28","Residential","45",," ","42.368468505","-71.101889609","POINT (-71.1018896089999 42.3684685050001)"
"359","60 Acorn Park Drive","Discovery Park - 200 Discovery Park/Forrester Building","","60","Acorn Park Drive","FAR is for entire Discovery Park development. Parking allocated from Discovery Park inventory.","11 - North Cambridge","Complete","2011","Bulfinch Company","SD-4","PB198","","235,000","1,154,420","0.61","Lab/R&D",,,"FAR is for entire Discovery Park development. Parking allocated from Discovery Park inventory. ","42.398260606","-71.148749476","POINT (-71.148749476 42.3982606060001)"
"380","90 Acorn Park Drive","Discovery Park - Discovery Park Garage A","","90","Acorn Park Drive","Garage not counted toward Discovery Park FAR. Includes severn surface parking spaces.","11 - North Cambridge","Complete","2011","Bulfinch Company","SD-4","PB198","","238,314","1,154,420",,"Parking Garage",,,"Garage not counted toward Discovery Park FAR. Includes severn surface parking spaces. ","42.397459616","-71.148088727","POINT (-71.148088727 42.3974596159999)"
"311","424-430 Windsor Street","424-430 Windsor Street","Immaculate Conception Church","424-430","Windsor Street","","3 - Wellington Harrington","Complete","2012","Just A Start","C-1","PB229","0811191-051098","20,856","15,704","1.32","Residential","14",," ","42.371355037","-71.093692496","POINT (-71.093692496 42.3713550370001)"
"341","625 Putnam Avenue","625 Putnam Avenue","","625","Putnam Avenue","","5 - Cambridgeport","Complete","2012","Homeowners Rehab, Inc.","SD-8A/C-1","PB240","1210065-039725","44,303","27,970","1.88","Residential","40",," ","42.356278781","-71.10634832","POINT (-71.1063483199998 42.3562787810001)"
"342","45-47 Yerxa Road","Phase 1A","St. John's Church","45-47","Yerxa Road","FAR based on Phases 1A, 1B, and 2. Project incldues 97 parking spaces for 63 units across all project phases.","11 - North Cambridge","Complete","2012","120 Realty Trust","B","PB203","105157-047114","15,372","100,068","0.76","Residential","19",,"FAR based on Phases 1A, 1B, and 2. Project incldues 97 parking spaces for 63 units across all project phases. ","42.39169849","-71.12932961","POINT (-71.1293296099999 42.3916984900001)"
"351","1063-1077 Massachusetts Avenue","1063-1077 Massachusetts Avenue","","1063-1077","Massachusetts Avenue","","6 - Mid-Cambridge","Complete","2012","Brighton Allston Properties","BB/HSOD","PB248","1210047-032973","31,952","8,954","3.57","Residential","20",," ","42.370354187","-71.113128979","POINT (-71.1131289789999 42.3703541869999)"
"391","42-54 Bay State Road","42-54 Bay State Road","","42-54","Bay State Road","Also BZA #10165.","9 - Neighborhood 9","Complete","2012","BSR LLC","C-1A","N/A","212118-009990","13,215","5,891","2.24","Residential","10",,"Also BZA #10165. ","42.387230771","-71.139529955","POINT (-71.1395299549999 42.387230771)"
"662","51-63 Loomis Street","51-63 Loomis Street","","51-63","Loomis Street","","12 - Cambridge Highlands","Complete","2012","","B/IB-2/AOD-1","N/A","0907046","19,161","30,018","0.64","Residential","7",," ","42.393851","-71.153496","POINT (-71.153496 42.3938509999999)"
"232","250 Kendall Street","Cambridge Research Park - Watermark 2","","250","Kendall Street","144 parking spaces allocated from Cambridge Research Park 350 Third Street parking garage.","1 - East Cambridge","Complete","2013","Twining Properties","O-3/PUD-3","PB141","412055-030080","148,949","48,106","3.00","Residential","144",,"144 parking spaces allocated from Cambridge Research Park 350 Third Street parking garage. ","42.363567138","-71.082262513","POINT (-71.082262513 42.363567138)"
"251","120 Rindge Avenue","St. John's Resident Phase 1B/The Wyeth","","120","Rindge Avenue","FAR based on Phases 1A, 1B, and 2. Project incldues 97 parking spaces for 63 units across all project phases. Parking in Phase 1A.","11 - North Cambridge","Complete","2013","120 Realty Trust","B","PB203","1212049-039660","35,154","100,068","0.76","Residential","28",,"FAR based on Phases 1A, 1B, and 2. Project incldues 97 parking spaces for 63 units across all project phases. Parking in Phase 1A. ","42.392653559","-71.129867135","POINT (-71.1298671349999 42.392653559)"
"340","7 Cameron Avenue","aka 2419 Massachusetts Avenue","Rounder Record","7","Cameron Avenue","","11 - North Cambridge","Complete","2013","Oaktree Acorn LLC","BA-2","PB239","810310-015541","49,993","25,997","1.75","Residential","37",," ","42.397876532","-71.130216772","POINT (-71.1302167719999 42.3978765319998)"
"347","181 Walden Street","Lincoln Way Apartments Replacement","","181","Walden Street","Project added a net of 10 affordable units,","9 - Neighborhood 9","Complete","2013","Cambridge Housing Authority","C-1/C-2","PB244","810165-047040","106,600","134,838","0.81","Residential","70",,"Project added a net of 10 affordable units, ","42.387471475","-71.128655711","POINT (-71.1286557109999 42.3874714749998)"
"357","61-69 Bolton Street","61-69 Bolton Street","","61-69","Bolton Street","","9 - Neighborhood 9","Complete","2013","DG/R.E. Development","C-1A","PB251","611008","26,436","9,783","1.35","Residential","20",," ","42.390401475","-71.132354581","POINT (-71.132354581 42.3904014749998)"
"362","119-135 Harvey Street","119-135 Harvey Street","Harvey Street Lumber Yard","119-135","Harvey Street","","11 - North Cambridge","Complete","2013","Young Investments LLC","SD-2","PB258","1012188-027999","26,517","53,035","0.84","Residential","20",," ","42.397724306","-71.133922204","POINT (-71.133922204 42.397724306)"
"363","5 Western Avenue","Multiservice Center","Police Station","5","Western Avenue","","7 - Riverside","Complete","2013","Cambridge Housing Authority","BA/CSOD","PB260","312113-044789","59,676","12,980","4.33","Government",,," ","42.365315815","-71.105467149","POINT (-71.105467149 42.365315815)"
"366","622-38 Massachusetts Avenue","Holmes Building","","622-38","Massachusetts Avenue","Conversion of second floor from commercial to residential use. Total project includes 93 units and 80 parking spaces.","5 - Cambridgeport","Complete","2013","Hunneman Management","BB/CSOD","PB133","","26,650","32,823","3.90","Residential","21",,"Conversion of second floor from commercial to residential use. Total project includes 93 units and 80 parking spaces. ","42.365066722","-71.103458409","POINT (-71.1034584089999 42.365066722)"
"374","225 Binney Street","Alexandria PUD - 225 Binney Street","","225","Binney Street","","1 - East Cambridge","Complete","2013","Alexandria Real Estate","","PB243","1111093-012212","301,048","79,999","3.79","Office/R&D",,," ","42.366282445","-71.085620519","POINT (-71.085620519 42.366282445)"
"375","17 Cambridge Center","300 Binney Street/Biogen","","17","Cambridge Center","Parking provided in existing Cambridge Center North Garage.","2 - MIT / Area 2","Complete","2013","Boston Properties","MXD","N/A","112008-012228","188,000","49,544","3.79","Office/R&D",,,"Parking provided in existing Cambridge Center North Garage. ","42.3660086155","-71.087964711","POINT (-71.0879647109999 42.3660086155)"
"376","150 Second Street","First Street PUD - 150 Second Street","","150","Second Street","","1 - East Cambridge","Complete","2013","Skanska USA","IA-1/BA/PUD-4B","PB231A","911010-047417","108,600","109,972","2.24","Office/R&D",,," ","42.366988402","-71.079154905","POINT (-71.0791549049999 42.3669884019998)"
"386","100 Pacific Street","100 Pacific Street","","100","Pacific Street","","5 - Cambridgeport","Complete","2013","100 Pacific Street Trust","SD-8","N/A","1111148-038572","19,545","10,008","1.95","Residential","11",," ","42.360746714","-71.103515005","POINT (-71.103515005 42.360746714)"
"387","22, 27 Cottage Park Avenue","22, 27 Cottage Park Avenue","","22, 27","Cottage Park Avenue","","11 - North Cambridge","Complete","2013","Cottage Park Realty Trust","B/SD-2","PB267","512262-014569","35,590","13,959","2.55","Residential","16",," ","42.3986372147","-71.133183072","POINT (-71.1331830719999 42.3986372147)"
"274","75 Ames Street","Broad Institute Expansion","","75","Ames Street","Parking to be accomodated in existing Cambridge Center garages.","2 - MIT / Area 2","Complete","2014","Boston Properties","MXD","PB257","1111176-001974","250,000","66,599","3.76","Office/R&D",,,"Parking to be accomodated in existing Cambridge Center garages. ","42.3634729027","-71.08801559","POINT (-71.0880155899999 42.3634729027)"
"316","124 Rindge Avenue","Phase 2","St. John's Church","124","Rindge Avenue","FAR based on Phases 1A, 1B, and 2. Project incldues 97 parking spaces for 63 units across all project phases. Parking in Phase 1A.","11 - North Cambridge","Complete","2014","120 Realty Trust","B","PB203","1212050-039665","21,189","100,068","0.76","Residential","16",,"FAR based on Phases 1A, 1B, and 2. Project incldues 97 parking spaces for 63 units across all project phases. Parking in Phase 1A. ","42.391986686","-71.130045751","POINT (-71.1300457509999 42.391986686)"
"317","355 Fresh Pond Parkway","355 Fresh Pond Parkway","","355","Fresh Pond Parkway","FAR based on approved plan including a second floor yet to be built.","10 - West Cambridge","Complete","2014","Roberta Sidney","BA/Res B/Parkway Overlay","PB234","BLDC-001755-2013","11,450","41,854","0.41","Retail",,,"FAR based on approved plan including a second floor yet to be built. ","42.386107635","-71.140917568","POINT (-71.140917568 42.386107635)"
"327","160-180 Cambridgepark Drive","Windsor at Cambridge Park","","160-180","Cambridgepark Drive","Garage also includes 150 spaces shared with adjacent office buildings.","11 - North Cambridge","Complete","2014","BRE/CPD","O-2A/AOD-6","PB270","BLDM-000826-2013","445,000","183,604","2.40","Residential","398",,"Garage also includes 150 spaces shared with adjacent office buildings. ","42.3950042","-71.147528166","POINT (-71.147528166 42.3950042)"
"331","610 Main Street","Pfizer Phase 1/South Building","","610","Main Street","FAR includes Phase I building. 650 Parking spaces in underground garage. 380 spaces shared with 700 Main St. 270 spaces allocated to Phase II.","4 - The Port/Area IV","Complete","2014","MITIMCO","IB","PB238","112013-026869","180,053","210,215","2.75","Office/R&D",,,"FAR includes Phase I building. 650 Parking spaces in underground garage. 380 spaces shared with 700 Main St. 270 spaces allocated to Phase II. ","42.3618402208","-71.094442746","POINT (-71.0944427459999 42.3618402207998)"
"358","40 Norris Street","40 Norris Street","North Cambridge Catholic HS","40","Norris Street","","11 - North Cambridge","Complete","2014","Lacourt Family LLC","B","PB252","1112152-037888","45,578","25,700","1.80","Residential","25",," ","42.395095963","-71.12965307","POINT (-71.12965307 42.395095963)"
"365","8 Education Street","EF Building 2 - Offices & Hult Business School","","8","Education Street","","1 - East Cambridge","Complete","2014","Congress Group Ventures","NP/PUD-6","PB262","BLDC-014347-2014","295,000","138,000","2.14","Office/R&D",,," ","42.3696155886","-71.068963569","POINT (-71.068963569 42.3696155885998)"
"389","10 Glassworks Avenue","Avalon Bay North Point - Avalon North Point Lofts","Maple Leaf Building","10","Glassworks Avenue","Parking located in existing Avalon Bay / Archstone Phase I garage.","1 - East Cambridge","Complete","2014","Archstone Development","NP/PUD-6","PB175","1112137-020645","63,210","247,431","3.77","Residential","104",,"Parking located in existing Avalon Bay / Archstone Phase I garage. ","42.37027042","-71.072853428","POINT (-71.072853428 42.3702704199998)"
"397","32 Quincy Street","Harvard Fogg Museum Addition","","32","Quincy Street","FAR based on entire parcel and includes several existing buildings. Parking allocate from Harvard University pool.","6 - Mid-Cambridge","Complete","2014","Harvard College","C-3","N/A","1210153-038829","204,000","184,924","2.08","Museum",,,"FAR based on entire parcel and includes several existing buildings. Parking allocate from Harvard University pool. ","42.374186898","-71.114444381","POINT (-71.1144443809999 42.3741868979998)"
"402","168-174 Hampshire Street","168-174 Hampshire Street","KFC","168-174","Hampshire Street","","4 - The Port/Area IV","Complete","2014","Agnosis Developmnet LLC","BA","N/A","213013-027680","23,543","10,100","2.33","Residential","11",," ","42.3720348797","-71.098960054","POINT (-71.098960054 42.3720348797)"
"406","18 White Street","18 White Street","","18","White Street","","11 - North Cambridge","Complete","2014","Ben Rogan","BC","N/A","BLDM-007372-2013","9,979","5,080","1.96","Residential","8",," ","42.3888947005","-71.118292059","POINT (-71.1182920589999 42.3888947005)"
"614","80-90 Fawcett Street","Atmark","","80-90","Fawcett Street","Project was in two phases with Phase 1 complete in 2013 with 90 units, 10 affordable and all parking.","12 - Cambridge Highlands","Complete","2014","CCF/O'Connor","O-1/AOD-4","PB255","212195-017996","466,361","197,173","2.37","Residential","429",,"Project was in two phases with Phase 1 complete in 2013 with 90 units, 10 affordable and all parking. ","42.391209966","-71.14594827","POINT (-71.14594827 42.3912099659998)"
"615","223 Concord Turnpike","Vox on 2","","223","Concord Turnpike","","11 - North Cambridge","Complete","2014","CPC-T, LP","SD-4A","PB254","1111207-016780","253,620","173,909","1.46","Residential","227",," ","42.400003863","-71.150612257","POINT (-71.150612257 42.400003863)"
"234","450 Kendall Street","Cambridge Research Park - Lofts Building","","450","Kendall Street","Parking is provided in Cambridge Research Park pooled facility.","1 - East Cambridge","Complete","2015","Biomed Realty Trust","O-3/PUD-3","PB141","BLDC-008322-2013","53,000","14,463","3.66","Office/R&D",,,"Parking is provided in Cambridge Research Park pooled facility. ","42.3633954768","-71.081528459","POINT (-71.0815284589999 42.3633954768)"
"312","159 First Street","First Street PUD - Axiom Cambridge","","159","First Street","Also known as 33 Rogers Street. 64 spaces located on-site and 15 spaces located off-site.","1 - East Cambridge","Complete","2015","Urban Spaces","IA-1/BA/PUD-4B","PB231","BLDM-002316-2013","126,000","29,999","4.20","Residential","115",,"Also known as 33 Rogers Street. 64 spaces located on-site and 15 spaces located off-site. ","42.3661407135","-71.078419244","POINT (-71.078419244 42.3661407135)"
"325","7 Temple Street","YWCA Site","","7","Temple Street","Formerly 5 Temple Street. Parking spaces serve a total of 66 units on-site; 42 new units and 24 existing units.","6 - Mid-Cambridge","Complete","2015","Cambridge Affordable Hsg. Corp","BB/O-3/CSOD","N/A","BLDM-008282-2013","96,161","36,990","2.59","Residential","40",,"Formerly 5 Temple Street. Parking spaces serve a total of 66 units on-site; 42 new units and 24 existing units. ","42.3665710542","-71.104347968","POINT (-71.1043479679999 42.3665710542)"
"326","114 Mount Auburn Street","Conductor's Building","","114","Mount Auburn Street","Includes retail component with size TBD. Parking reduced to zero because of commercial parking available in Charles Hotel garage.","10 - West Cambridge","Complete","2015","Carpenter Company","BB/HSOD","PB235","BLDC-011354-2014","83,200","20,800","4.00","Office/R&D",,,"Includes retail component with size TBD. Parking reduced to zero because of commercial parking available in Charles Hotel garage. ","42.3730377012","-71.122361061","POINT (-71.122361061 42.3730377011998)"
"334","22 Water Street","Zinc","","22","Water Street","","1 - East Cambridge","Complete","2015","Catamount Holdings LLC","NP/PUD-6","PB247","BLDC-002865-2013","408,225","104,673","4.62","Residential","392",," ","42.372903124","-71.078478566","POINT (-71.078478566 42.3729031239998)"
"356","1801 Massachusetts Avenue","Lesley University Lunder Arts Center","","1801","Massachusetts Avenue","Parking allocated from Lesley University pool.","8 - Baldwin","Complete","2015","Lesley University","BA-2/NMAOD","PB253","BLDC-011478-2014","74,500","28,063","2.65","Institutional",,,"Parking allocated from Lesley University pool. ","42.386577908","-71.118749535","POINT (-71.118749535 42.386577908)"
"367","181 Massachusetts Avenue","Novartis Expansion","","181","Massachusetts Avenue","","4 - The Port/Area IV","Complete","2015","Novartis","SD-15","PB265","612325-027729","572,663","163,618","3.50","Office/R&D","46",," ","42.3610031342","-71.095934653","POINT (-71.095934653 42.3610031341998)"
"369","75/125 Binney Street","Alexandria PUD - 75/125 Binney Street","","75/125","Binney Street","Garage totals 397 spaces with 76 allocated to 270 Third Street and 17 allocated to 161 First Street.","1 - East Cambridge","Complete","2015","Alexandria Real Estate","IA-1/PUD-3A","PB243","1112169-012177","338,258","104,185","3.37","Office/R&D",,,"Garage totals 397 spaces with 76 allocated to 270 Third Street and 17 allocated to 161 First Street. ","42.365799477","-71.080741686","POINT (-71.0807416859999 42.365799477)"
"373","270 Third Street","Alexandria PUD - Vivo Apartments","","270","Third Street","Parking allocated from 75-125 Binney Street garage.","1 - East Cambridge","Complete","2015","Alexandria Real Estate","IA-1/PUD-4B","PB243","BLDM-020260-2014","91,122","17,435","4.47","Residential","91",,"Parking allocated from 75-125 Binney Street garage. ","42.3659489242","-71.082095164","POINT (-71.0820951639999 42.3659489241998)"
"385","603 Concord Avenue","Acorn Holdings Concord Ave. Phase I","","603","Concord Avenue","61 residential and 16 retail spaces","12 - Cambridge Highlands","Complete","2015","AbodeZ Acorn LLC","BA/AOD-5","PB269","BLDC-005490-2013","64,189","29,034","2.21","Residential","61",,"61 residential and 16 retail spaces ","42.3889607389","-71.144505953","POINT (-71.144505953 42.3889607389)"
"394","20 Child Street","Cambridge Crossing (North Point) - Building N - Twenty/20","","20","Child Street","FAR for overall North Point development.","1 - East Cambridge","Complete","2015","HYM Investments","NP/PUD-6","PB179","BLDC-003384-2013","388,000","49,284","2.66","Residential","355",,"FAR for overall North Point development. ","42.371614925","-71.071995059","POINT (-71.071995059 42.371614925)"
"401","100 Putnam Avenue","Martin Luther King, Jr. School","","100","Putnam Avenue","34 spaces by zoning but 75 spaces available using tandem parking.","7 - Riverside","Complete","2015","City of Cambridge","C-1","PB277","BLDC-012909-2014","169,221","147,534","1.15","Government",,,"34 spaces by zoning but 75 spaces available using tandem parking. ","42.367030192","-71.113316458","POINT (-71.113316458 42.367030192)"
"604","215 Msgr. O'Brien Highway","Fairfield Inn","","215","Msgr. O'Brien Highway","","1 - East Cambridge","Complete","2015","Pro Con Inc","SD-1","N/A","BLDC-008152-2013","50,368","12,478","4.04","Hotel",,"123"," ","42.3729443633","-71.079677434","POINT (-71.079677434 42.3729443633)"
"619","140 Cambridgepark Drive","140 Cambridgepark Drive","","140","Cambridgepark Drive","456 pkg spaces, 360 replacements at 150 Cambridgepark Dr, 29 for 130 Cambridgepark Dr, 67 shared between bldgs. Bldg has no habitable space & no GFA.","11 - North Cambridge","Complete","2015","The Hanover Company","O-2A/AOD-6","PB279","BLDC-022767-2015","0","125,089",,"Parking Garage","0",,"456 pkg spaces, 360 replacements at 150 Cambridgepark Dr, 29 for 130 Cambridgepark Dr, 67 shared between bldgs. Bldg has no habitable space & no GFA. ","42.3938775463","-71.1462409","POINT (-71.1462408999999 42.3938775462998)"
"628","165 Cambridgepark Drive","Fuse Apartments Phase 1","","165","Cambridgepark Drive","FAR for all project phases.","11 - North Cambridge","Complete","2015","Hines Interests Limited","O-2A/AOD-6","PB272","BLDM-009426-2013","168,000","119,274","2.35","Residential","149",,"FAR for all project phases. ","42.3953600162","-71.147417335","POINT (-71.147417335 42.3953600162)"
"629","35 Cottage Park Avenue","Tyler Green Court Phase 1","","35","Cottage Park Avenue","","11 - North Cambridge","Complete","2015","Tyler Court Limited Partnership","SD-2","PB276","BLDM-020171-2014","70,387","130,079","0.64","Residential","57",," ","42.3984010983","-71.133510933","POINT (-71.1335109329999 42.3984010982999)"
"663","19-21 Wendell Street","Basement Housing","","19-21","Wendell Street","","8 - Baldwin","Complete","2015","Chestnull Hill Realty","C-1/BAOD","PB280","BLDM-013119-2014","6,513","9,742","2.76","Residential","4",," ","42.381906","-71.117798","POINT (-71.1177979999999 42.381906)"
"329","1924 Massachusetts Avenue","Kaya Hotel","","1924","Massachusetts Avenue","Includes restaurant, component GFA unknown. Parking for hotel and restaurant.","11 - North Cambridge","Complete","2016","Kaya-Ka","BC/B/NMAOD","PB237","BLDC-010552-2013","24,162","14,880","1.60","Hotel",,"65","Includes restaurant, component GFA unknown. Parking for hotel and restaurant. ","42.3893555902","-71.120246106","POINT (-71.1202461059999 42.3893555901998)"
"378","610 Main Street","Pfizer Phase 2/North Building","","610","Main Street","FAR includes Phase I building. 650 Parking spaces in underground garage. 380 spaces allocated to Phase I and 700 Main St.","4 - The Port/Area IV","Complete","2016","MITIMCO","IB","PB238","BLDC-015112-2014","238,264","210,215","2.75","Office/R&D",,,"FAR includes Phase I building. 650 Parking spaces in underground garage. 380 spaces allocated to Phase I and 700 Main St. ","42.3627081479","-71.094159285","POINT (-71.094159285 42.3627081479)"
"383","10 Acorn Park Drive","Discovery Park - 600 Discovery Park/AC Hotel by Marriott","","10","Acorn Park Drive","FAR for entire Discovery Park development. Parking includes 8 surface spaces dedicated to hotel use. Additional parking allocated from Discovery Park inventory.","11 - North Cambridge","Complete","2016","Bulfinch Company","SD-4","PB198","BLDC-025041-2015","82,340","1,154,420","0.61","Hotel",,"150","FAR for entire Discovery Park development. Parking includes 8 surface spaces dedicated to hotel use. Additional parking allocated from Discovery Park inventory. ","42.3987162287","-71.147070799","POINT (-71.147070799 42.3987162287)"
"390","165 Cambridgepark Drive","Fuse Apartments Phase 2","","165","Cambridgepark Drive","FAR for all project phases.","11 - North Cambridge","Complete","2016","Hines Interests Limited","O-2A/AOD-6","PB272","BLDM-009426-2013","112,000","119,274","2.35","Residential","98",,"FAR for all project phases. ","42.3953600162","-71.147417335","POINT (-71.147417335 42.3953600162)"
"392","131 Harvard Street","131 Harvard Street","","131","Harvard Street","GFA includes underground structured parking. Also BZA #10455.","4 - The Port/Area IV","Complete","2016","Capstone Communities/Sean Hope RE","C-2B","N/A","BLDM-027706-2015","23,342","10,000","2.33","Residential","20",,"GFA includes underground structured parking. Also BZA #10455. ","42.3654741103","-71.093738071","POINT (-71.093738071 42.3654741102999)"
"399","240 Sidney Street","Chroma","","240","Sidney Street","","5 - Cambridgeport","Complete","2016","Dinosaur Capital","SD-8A","PB278","BLDM-018346-2014","96,431","54,130","1.78","Residential","96",," ","42.3568176774","-71.105979217","POINT (-71.1059792169999 42.3568176774)"
"400","35 Cottage Park Avenue","Tyler Green Court Phase 2","","35","Cottage Park Avenue","Affordable units included in Phase 1. FAR for entire development. This phase consists of five two-family structures.","11 - North Cambridge","Complete","2016","Tyler Court Limited Partnership","SD-2","PB276","BLDM-020171-2014","12,200","130,079","0.64","Residential","10",,"Affordable units included in Phase 1. FAR for entire development. This phase consists of five two-family structures. ","42.3984010983","-71.133510933","POINT (-71.1335109329999 42.3984010982999)"
"409","15-33 Richdale Avenue","Hathaway Lofts","","15-33","Richdale Avenue","","9 - Neighborhood 9","Complete","2016","Hathaway Lofts LLC","C-1A","PB284","BLDM-022489-2014","65,384","42,043","1.58","Residential","46",," ","42.3884694858","-71.122293024","POINT (-71.122293024 42.3884694858)"
"410","300 Massachusetts Avenue","University Park - University Park Addition","","300","Massachusetts Avenue","Parking will be provided at existing University Park garage located at 55 Franklin Street.","5 - Cambridgeport","Complete","2016","Forest City Development","CRDD","PB283","BLDC-010858-2014","218,501","50,634","4.30","Office/R&D",,,"Parking will be provided at existing University Park garage located at 55 Franklin Street. ","42.3622847493","-71.098858148","POINT (-71.098858148 42.3622847493)"
"618","192 Raymond Street","192 Raymond Street","","192","Raymond Street","","9 - Neighborhood 9","Complete","2016","Raymond Street Realty Trust","C-2","N/A","BLDM-022666-2015","8,200","6,278","1.30","Residential","8",," ","42.3890463032","-71.128646024","POINT (-71.128646024 42.3890463031998)"
"654","1-3 Langdon Street","Basement Housing","","1-3","Langdon Street","Conversion of existing basement space to residential. Parking requirements waived.  FAR and GAF based on existing structure.","8 - Baldwin","Complete","2016","Chestnut Hill Realty","C-2/B","PB290","BLDM-029678-2015","26,892","16,380","2.80","Residential","5",,"Conversion of existing basement space to residential. Parking requirements waived.  FAR and GAF based on existing structure. ","42.380915","-71.120269","POINT (-71.1202689999999 42.380915)"
"360","50/60 Binney Street","Alexandria PUD - 50/60 Binney Street","","50/60","Binney Street","Garage totals 899 spaces with 421 allocated to 50/60 Binney Street, 302 to 215 First Street, 136 to 100 Binney Street, 15 to 41 Linsky Way, and 25 to 161 First Street.","1 - East Cambridge","Complete","2017","Alexandria Real Estate","IA-1/PUD-3A","PB243","BLDC-018436-2014","467,512","63,844","7.59","Office/R&D",,,"Garage totals 899 spaces with 421 allocated to 50/60 Binney Street, 302 to 215 First Street, 136 to 100 Binney Street, 15 to 41 Linsky Way, and 25 to 161 First Street. ","42.3649661923","-71.079259478","POINT (-71.0792594779999 42.3649661923)"
"370","100 Binney Street","Alexandria PUD - 100 Binney Street","","100","Binney Street","185 spaces in on-site underground garage and 136 allocated from 50/60 Binney Street garage.","1 - East Cambridge","Complete","2017","Alexandria Real Estate","IA-1/PUD-3A","PB243","BLDC-029720-2015","356,941","54,433","7.12","Office/R&D",,,"185 spaces in on-site underground garage and 136 allocated from 50/60 Binney Street garage. ","42.3651253725","-71.080833431","POINT (-71.080833431 42.3651253725)"
"398","130 Cambridgepark Drive","130 Cambridgepark Drive","","130","Cambridgepark Drive","120 spaces located on-site, 28 dedicated and 68 shared spaces located in 140 Cambridgepark Drive garage.","11 - North Cambridge","Complete","2017","The Hanover Company","O-2A/AOD-6","PB279","BLDM-031440-2015","213,321","102,013","2.10","Residential","213",,"120 spaces located on-site, 28 dedicated and 68 shared spaces located in 140 Cambridgepark Drive garage. ","42.3936697909","-71.145026585","POINT (-71.1450265849999 42.3936697908998)"
"405","1971 Massachusetts Avenue","The Rand at Porter/Miso Block Redevelopment","","1971","Massachusetts Avenue","Includes demolition of existing retail building.","11 - North Cambridge","Complete","2017","Urban Spaces","BC","N/A","BLDM-022573-2015","26,351","14,044","1.81","Residential","20",,"Includes demolition of existing retail building. ","42.390126234","-71.12051184","POINT (-71.12051184 42.390126234)"
"606","79 JFK Street","Harvard JFK School Expansion","","79","JFK Street","FAR includes existing building on-site. 129 spaces to be allocated from Harvard campus pool.","10 - West Cambridge","Complete","2017","Harvard University","C-3","PB293","BLDC-026899-2015","76,862","126,655","2.51","Institutional",,,"FAR includes existing building on-site. 129 spaces to be allocated from Harvard campus pool. ","42.3709835352","-71.121744777","POINT (-71.121744777 42.3709835351998)"
"640","88 Cambridgepark Drive","Parking Garage","","88","Cambridgepark Drive","541 parking spaces for 100, 125, & 150 Cambridgepark Drive, including 94 spaces shared with  on-site residences. Residences in separate phase.","11 - North Cambridge","Complete","2017","McKinnon Company","O-2A/AOD-6","PB292","BLDC-041235-2016","26,800","174,496","1.70","Parking Garage",,,"541 parking spaces for 100, 125, & 150 Cambridgepark Drive, including 94 spaces shared with  on-site residences. Residences in separate phase. ","42.393208","-71.143285","POINT (-71.143285 42.393208)"
"687","3 Brookline Place","Auburn Court Addition","","3","Brookline Place","Infill addition to Auburn Court. FAR includes existing development. Parking provided in existing Auburn Court pool.","5 - Cambridgeport","Complete","2017","HRI","CRDD","N/A","BLDM-047719-2016","11,025","67,745","1.46","Residential","8",,"Infill addition to Auburn Court. FAR includes existing development. Parking provided in existing Auburn Court pool. ","42.36127","-71.10327","POINT (-71.1032699999999 42.3612699999998)"
"295","2 Leighton Street","Avalon Bay North Point - Ava North Point incl. 5 Glassworks Ave.","","2","Leighton Street","FAR includes Phase I building and 10 Glassworks Avenue. Unknown amount of retail space will included in building.","1 - East Cambridge","Complete","2018","Avalon Bay","NP/PUD-6","PB175","BLDM-042391-2016","241,779","247,431","3.77","Residential","265",,"FAR includes Phase I building and 10 Glassworks Avenue. Unknown amount of retail space will included in building. ","42.3703935998","-71.074478637","POINT (-71.0744786369999 42.3703935998)"
"395","262 Msgr. O'Brien Highway","The Ivy Residents","","262","Msgr. O'Brien Highway","","1 - East Cambridge","Complete","2018","YIHE Group","SD-1","N/A","BLDM-030215-2015","64,222","19,078","3.37","Residential","55",," ","42.3734405178","-71.081920854","POINT (-71.081920854 42.3734405177998)"
"605","80-84 Cambridgepark Drive","Luxe at Alewife","","80-84","Cambridgepark Drive","Parking includes 94 spaces shared with nearby office buildings. 121 spaces sited underneath residential structure. Remainder included in separate phase 541 space garage. Formerly 88 Cambridgepark Dr.","11 - North Cambridge","Complete","2018","Hanover","O-2A/AOD-6","PB292","BLDM-051623-2016","292,400","174,496","1.70","Residential","254",,"Parking includes 94 spaces shared with nearby office buildings. 121 spaces sited underneath residential structure. Remainder included in separate phase 541 space garage. Formerly 88 Cambridgepark Dr. ","42.3933390103","-71.143912736","POINT (-71.143912736 42.3933390102998)"
"624","5 Ames Street","MIT Nano Building","","5","Ames Street","Parking allocated from MIT pool. Infill project located on site of MIT main building complex. Formerly 60 Vassar Street.","2 - MIT / Area 2","Complete","2018","MIT","C-3B","N/A","BLDC-027113-2015","216,500",,,"Institutional",,,"Parking allocated from MIT pool. Infill project located on site of MIT main building complex. Formerly 60 Vassar Street. ","42.3609935327","-71.092813443","POINT (-71.0928134429999 42.3609935327)"
"627","1-6 Jefferson Park","Jefferson Park Replacement","","1-6","Jefferson Park","Demolition and replacement of state-assisted public housing units at Jefferson Park, a Cambridge Housing Authority development.","11 - North Cambridge","Complete","2018","Cambridge Housing Authority","B","N/A","BLDM-034930-2015","69,388","457,992","0.32","Residential","104",,"Demolition and replacement of state-assisted public housing units at Jefferson Park, a Cambridge Housing Authority development. ","42.3930969","-71.13624788","POINT (-71.1362478799999 42.3930969)"
"644","1336-1362 Massachusetts Avenue","Harvard Smith Campus Center","Holyoke Center","1336-1362","Massachusetts Avenue","Project consists of significant updates to building formerly known as Holyoke Center and adjacent publicly-accessible privately-owned open space. 130 existing parking spaces retained.","7 - Riverside","Complete","2018","Harvard University","BB","N/A","BLDC-043682-2016","95,000","74,913","1.27","Institutional",,,"Project consists of significant updates to building formerly known as Holyoke Center and adjacent publicly-accessible privately-owned open space. 130 existing parking spaces retained. ","42.3729711139","-71.118480153","POINT (-71.1184801529999 42.3729711139)"
"706","88 Ames Street","MXD Infill - Proto Kendall Square","","88","Ames Street","Parking accommodated in existing Cambridge Center East Garage. No new spaces constructed.","2 - MIT / Area 2","Complete","2018","Boston Properties","MXD","PB294","BLDC-038200-2016","16,000","16,542","13.06","Residential","280",,"Parking accommodated in existing Cambridge Center East Garage. No new spaces constructed. ","42.3631357717","-71.08775191","POINT (-71.0877519099998 42.3631357717)"
"381","30 Acorn Park Drive","Discovery Park - 400 Discovery Park","","30","Acorn Park Drive","FAR is for entire Discovery Park development. Parking allocated from Discovery Park inventory.","11 - North Cambridge","Complete","2019","Bulfinch Company","SD-4","PB198","BLDC-057678-2017","126,618","1,154,420","0.61","Office/R&D",,,"FAR is for entire Discovery Park development. Parking allocated from Discovery Park inventory. ","42.3981808077","-71.147799178","POINT (-71.147799178 42.3981808077)"
"384","40 Acorn Park Drive","Discovery Park - Discovery Park Garage B","","40","Acorn Park Drive","Above ground garage not counted toward Discovery Park FAR.  Parking services multiple buildings at Discovery Park.","11 - North Cambridge","Complete","2019","Bulfinch Company","SD-4","PB198","BLDC-072303-2018","141,745","1,154,420","0.61","Parking Garage",,,"Above ground garage not counted toward Discovery Park FAR.  Parking services multiple buildings at Discovery Park. ","42.3989313957","-71.147767623","POINT (-71.1477676229999 42.3989313956998)"
"404","1868 Massachusetts Avenue","Porter Loft","","1868","Massachusetts Avenue","Existing retail building demolished. 47 total on-site spaces include 15 spaces to be used by Lesley University. Was planned for housing.","9 - Neighborhood 9","Complete","2019","1868 Mass Ave LLC","BC/C-1","N/A","BLDC-021553-2014","34,848","13,325","1.24","Hotel",,"50","Existing retail building demolished. 47 total on-site spaces include 15 spaces to be used by Lesley University. Was planned for housing. ","42.38789394","-71.119704162","POINT (-71.119704162 42.3878939399998)"
"408","6-10 Essex Street","Ten Essex","","6-10","Essex Street","FAR includes existing building on parcel.","4 - The Port/Area IV","Complete","2019","3 MJ Associates LLC","BB/CSOD","PB285","BLDC-054470-2017","52,333","34,744","3.27","Residential","46",,"FAR includes existing building on parcel. ","42.3654694824","-71.102537848","POINT (-71.1025378479999 42.3654694824)"
"632","1699 Massachusetts Avenue","1699 Massachusetts Avenue","Changsho Parking Lot","1699","Massachusetts Avenue","Project includes 16 units in multifamily structure and single famly at rear of parcel. Single family bldg permit in August 2018. Formerly used as parking lot.","8 - Baldwin","Complete","2019","Lotus Harvard Enterprise","BA-2/B/NMAOD","N/A","BLDM-055098-2017","29,138","13,044","2.26","Residential","17",,"Project includes 16 units in multifamily structure and single famly at rear of parcel. Single family bldg permit in August 2018. Formerly used as parking lot. ","42.383105","-71.119193","POINT (-71.1191929999999 42.383105)"
"646","253 Walden Street","253 Walden Street","Masse Hardware Parking Lot and Warehouse","253","Walden Street","Includes demolition of existing warehouse.","9 - Neighborhood 9","Complete","2019","Eric Hoagland","BA-4","N/A","BLDC-046326-2016","34,265","14,102","2.43","Residential","27",,"Includes demolition of existing warehouse. ","42.386236","-71.131409","POINT (-71.131409 42.3862359999998)"
"650","47 Bishop Allen Drive","Mass & Main - 47 Bishop Allen Drive","","47","Bishop Allen Drive","12 parking spaces located off-site at 65 Bishop Allen Drive.","4 - The Port/Area IV","Complete","2019","Watermark Central Venture","BA/C-1","PB320","BLDM-064722-2017","24,531","11,893","2.10","Residential","23",,"12 parking spaces located off-site at 65 Bishop Allen Drive. ","42.364746","-71.099948","POINT (-71.0999479999999 42.3647459999998)"
"651","425 Massachusetts Avenue","Mass & Main - Phase 1/Market Central","","425","Massachusetts Avenue","86 parking spaces below grade on-site. 39 off-site at 65 Bishop Allen Dr. 5 spaces for car-sharing. 14,479 GFA retail exempt from FAR. 5 Columbia St. has separate permit. Total project includes 259 units, 45 affordable, and 179,255 SF residential.","4 - The Port/Area IV","Complete","2019","Watermark Central Venture","BB/BA/C-1","PB321","BLDC-071299-2018","132,909","38,773","6.50","Residential","144",,"86 parking spaces below grade on-site. 39 off-site at 65 Bishop Allen Dr. 5 spaces for car-sharing. 14,479 GFA retail exempt from FAR. 5 Columbia St. has separate permit. Total project includes 259 units, 45 affordable, and 179,255 SF residential. ","42.363746","-71.100256","POINT (-71.100256 42.3637459999999)"
"652","850 Cambridge Street","King Open School Complex","","850","Cambridge Street","Replacement of King Open School complex. FAR includes existing Frisoli Youth Center. Project includes two school buildings, library branch, pool replacement, and offices for School Department.","3 - Wellington Harrington","Complete","2019","City of Cambridge","C-1","PB323","BLDC-059462-2017","233,862","527,492","0.47","Institutional",,,"Replacement of King Open School complex. FAR includes existing Frisoli Youth Center. Project includes two school buildings, library branch, pool replacement, and offices for School Department. ","42.372","-71.091124","POINT (-71.0911239999999 42.372)"
"656","121 First Street","First Street PUD - Parcel A","","121","First Street","FAR includes earlier phases at 150 First and 65 Bent Streets and 4 buildings in this phase.  Parking includes 8 spaces on site and 42 at 107 First St garage. Replaces existing commercial structure.","1 - East Cambridge","Complete","2019","Urban Spaces LLC","IA-1/BA/PUD-4B","PB231A","BLDC-052710-2017","56,691","16,500","2.35","Office/R&D",,,"FAR includes earlier phases at 150 First and 65 Bent Streets and 4 buildings in this phase.  Parking includes 8 spaces on site and 42 at 107 First St garage. Replaces existing commercial structure. ","42.366802","-71.07801","POINT (-71.07801 42.366802)"
"660","201-203 Concord Turnpike","Tempo at Alewife Station Phase 1","","201-203","Concord Turnpike","Includes demolition of existing motel and bowling alley. Second phase includes 259 units out of 320.  Total project 324,440 SF and 239 parking spaces.","11 - North Cambridge","Complete","2019","Criterion Development Partners","SP-4A","PB326","BLDM-070311-2018","67,128","166,468","1.95","Residential","74",,"Includes demolition of existing motel and bowling alley. Second phase includes 259 units out of 320.  Total project 324,440 SF and 239 parking spaces. ","42.399565","-71.149098","POINT (-71.1490979999999 42.399565)"
"667","50 York Street","St. Patricks Apartment Replacment","","50","York Street","Replacement of 16 unit affordable residential building destroyed by fire in 2016 under amendment to 1991 comprehensive permit. 28 parking spaces shared across development with other buildings.","3 - Wellington Harrington","Complete","2019","Just-A-Start","C-1","N/A","BLDM-065327-2017","22,417","32,535","0.71","Residential","16",,"Replacement of 16 unit affordable residential building destroyed by fire in 2016 under amendment to 1991 comprehensive permit. 28 parking spaces shared across development with other buildings. ","42.3694856515","-71.09197263","POINT (-71.09197263 42.3694856515)"
"669","10 Education Circle","EF Building 3 including Student Housing","","10","Education Circle","Current use is as DCR storage yard. 148 graduate student apartments and 144 undergraduate dorm rooms. Not subject to inclusionary zoning requirement.","1 - East Cambridge","Complete","2019","EFEKTRA Schools, Inc","","PB328","BLDC-071000-2018","228,354","125,000","2.40","Institutional","148",,"Current use is as DCR storage yard. 148 graduate student apartments and 144 undergraduate dorm rooms. Not subject to inclusionary zoning requirement. ","42.3708953246","-71.070650417","POINT (-71.0706504169999 42.3708953245999)"
"670","145 Broadway","MXD Infill - Akamai Building","","145","Broadway","Also known as 11 Cambridge Center.  Replacement of existing 78,636 SF office building.  457 space parking garage includes managed parking (i. e., valet).  FAR for entire MXD Infill project.","1 - East Cambridge","Complete","2019","Boston Properties","MXD","PB315","BLDC-061774-2017","453,768","56,760","6.27","Office/R&D",,,"Also known as 11 Cambridge Center.  Replacement of existing 78,636 SF office building.  457 space parking garage includes managed parking (i. e., valet).  FAR for entire MXD Infill project. ","42.3648343377","-71.088843502","POINT (-71.088843502 42.3648343377)"
"671","222 Jacobs Street","Cambridge Crossing (North Point) - Building J/K","","222","Jacobs Street","FAR for overall Cambridge Crossing development. Portion of 611,000 SF building and related parcel located in Somerville not included.","1 - East Cambridge","Complete","2019","DivcoWest","NP/PUD-6","PB179","BLDC-057377-2017","371,828","42,461","2.66","Office/R&D",,,"FAR for overall Cambridge Crossing development. Portion of 611,000 SF building and related parcel located in Somerville not included. ","42.3720309394","-71.075430274","POINT (-71.0754302739999 42.3720309393998)"
"686","165 Main Street","MIT Kendall Square - NoMa Phase 4 Podium","","165","Main Street","FAR includes existing One Broadway and new 165 Main Street, including new residential garage.  Project is podium for Phase 4 new residential tower. No GFA. Related parking in Phase 5. Formerly 1 Broadway.","1 - East Cambridge","Complete","2019","MIT","O-3A, PUD-3","PB302","BLDC-075743-2018","0","74,736","5.55","Residential",,,"FAR includes existing One Broadway and new 165 Main Street, including new residential garage.  Project is podium for Phase 4 new residential tower. No GFA. Related parking in Phase 5. Formerly 1 Broadway. ","42.3625129949","-71.082756376","POINT (-71.082756376 42.3625129949)"
"689","85 First Street","First Street PUD - Parcel D","","85","First Street","FAR includes earlier phases at 150 First and 65 Bent Streets and 4 buildings in this phase. Project replaces existing commercial structure.","1 - East Cambridge","Complete","2019","Urban Spaces LLC","IA-1/BA/PUD-4B","PB231A","BLDC-072867-2018","9,800","76,227","2.35","Retail",,,"FAR includes earlier phases at 150 First and 65 Bent Streets and 4 buildings in this phase. Project replaces existing commercial structure. ","42.368207","-71.077741","POINT (-71.077741 42.3682069999998)"
"698","2050 Massachusetts Avenue","Russell Apartments/North Cambridge Senior Center","","2050","Massachusetts Avenue","Infill project will insert floor into two story space to create an additional unit in existing building.  No change to existing parking.","11 - North Cambridge","Complete","2019","Cambridge Housing Authority","BA-2","N/A","BLDC-065301-2017","171","15,234","2.90","Residential","1",,"Infill project will insert floor into two story space to create an additional unit in existing building.  No change to existing parking. ","42.390942","-71.122881","POINT (-71.122881 42.390942)"
"700","5 Columbia Street","Mass & Main - Link Cambridge","","5","Columbia Street","Parking included with 415 Massachusetts Avenue. FAR for entire project.","4 - The Port/Area IV","Complete","2019","Watermark Central Venture","BB/BA/C-1","PB321","BLDC-068516-2018","65,000","2,776","6.50","Residential","60",,"Parking included with 415 Massachusetts Avenue. FAR for entire project. ","42.364098","-71.099726","POINT (-71.099726 42.3640979999998)"
"716","20 Sidney Street","Star Market Office Conversion","","20","Sidney Street","Converstion of Star Market location of office/R&D for Takeda Pharmaceuticals. Permit 21341 removed existing retail fit out. Permit 32399 for conversion to office/R&D. Parking handled through existing pool.","5 - Cambridgeport","Complete","2019","Forest City","","N/A","21341/32399","31,365","89,697","2.51","Office/R&D",,,"Converstion of Star Market location of office/R&D for Takeda Pharmaceuticals. Permit 21341 removed existing retail fit out. Permit 32399 for conversion to office/R&D. Parking handled through existing pool. ","42.362101","-71.100251","POINT (-71.100251 42.362101)"
"382","20 Acorn Park Drive","Discovery Park - 500 Discovery Park","","20","Acorn Park Drive","FAR is for entire Discovery Park development. Parking allocated from Discovery Park inventory.","11 - North Cambridge","Complete","2020","Bulfinch Company","SD-4","PB198","BLDC-057679-2017","132,000","1,154,420","0.61","Office/R&D",,,"FAR is for entire Discovery Park development. Parking allocated from Discovery Park inventory. ","42.3983003999","-71.147100493","POINT (-71.1471004929999 42.3983003999)"
"621","249 Third Street","Lofts at Kendall Square","","249","Third Street","2 parking spaces on site and 57 accomodated at existing parking facility at 195 Binney Street.","1 - East Cambridge","Complete","2020","Equity Residential","IA-1 ECHO","PB301","BLDM-066649-2017","71,917","26,918","2.67","Residential","84",,"2 parking spaces on site and 57 accomodated at existing parking facility at 195 Binney Street. ","42.366835","-71.082172","POINT (-71.082172 42.366835)"
"633","907 Main Street","907 Main Street","","907","Main Street","Conversion/rehab of existing building. Retail and Hotel floor area split estimated. Central Square Advisory Committee provided Large Project Review. Received parking waiver from Planning Board.","4 - The Port/Area IV","Complete","2020","Patrick Barrett","BB","PB324","BLDC-053436-2017","29,860","9,436","3.14","Hotel",,"67","Conversion/rehab of existing building. Retail and Hotel floor area split estimated. Central Square Advisory Committee provided Large Project Review. Received parking waiver from Planning Board. ","42.363657","-71.099619","POINT (-71.099619 42.363657)"
"634","399 Binney Street","1 Kendall Square Addition","","399","Binney Street","Addition to One Kendall Square development. FAR includes parking garage parcel. All parking provided in existing garage. Includes demolition of existing 29,200 SF building. As of 12/31/22 no final CofO but building occupied since 2020.","3 - Wellington Harrington","Complete","2020","DivcoWest","IA-1 ECHO","PB310","BLDC-057636-2017","172,500","152,868","1.13","Office/R&D",,,"Addition to One Kendall Square development. FAR includes parking garage parcel. All parking provided in existing garage. Includes demolition of existing 29,200 SF building. As of 12/31/22 no final CofO but building occupied since 2020. ","42.367769","-71.090518","POINT (-71.090518 42.367769)"
"635","18-26 Chauncy Street","Basement Housing","","18-26","Chauncy Street","Conversion of existing basement space to add residential units to existing 98 unit building.  FAR is for entire existing building.","9 - Neighborhood 9","Complete","2020","Chestnut Hill Realty","C-2/A-1/BAOD","PB311","BLDM-071904-2018","11,152","28,027","2.87","Residential","9",,"Conversion of existing basement space to add residential units to existing 98 unit building.  FAR is for entire existing building. ","42.379186","-71.122874","POINT (-71.1228739999999 42.3791859999998)"
"637","35 Cambridgepark Drive","35 Cambridgepark Drive","","35","Cambridgepark Drive","Addition to 137,635 SF existing office building. FAR includes existing structure. Development reduced parking from 351 to 331 spaces. As of 12/21/22 no final CofO due to dispute over incentive zoning payment but building occupied since 2020.","11 - North Cambridge","Complete","2020","Davis Companies/TDC Development","AOD6","PB314","BLDC-058169-2017","184,774","106,095","1.75","Office/R&D",,,"Addition to 137,635 SF existing office building. FAR includes existing structure. Development reduced parking from 351 to 331 spaces. As of 12/21/22 no final CofO due to dispute over incentive zoning payment but building occupied since 2020. ","42.394959","-71.143467","POINT (-71.143467 42.394959)"
"648","300 Putnam Avenue","300 Putnam Avenue","","300","Putnam Avenue","Includes demolition of existing building.  Also known as 357-363 Allston Street.","5 - Cambridgeport","Complete","2020","Biotech Realty Investors","BA-3/C-1","N/A","33213","8,415","23,851","0.98","Residential","6",,"Includes demolition of existing building.  Also known as 357-363 Allston Street. ","42.361989","-71.113278","POINT (-71.1132779999999 42.361989)"
"655","25 Hayward Street","MIT Kendall Square - SoMa Garage","","25","Hayward Street","Includes 1,121 space subsurface garage. Will serve four SoMa buildings at 238-380 Main Street. Includes replacement of existing surfaces lots and academic spaces. FAR for entire MIT Kendall Square SoMa project area including retained buildings.","2 - MIT / Area 2","Complete","2020","MIT","C-3B MXD/PUD 5","PB303","BLDC-053887-2017","0","0","4.48","Parking Garage",,,"Includes 1,121 space subsurface garage. Will serve four SoMa buildings at 238-380 Main Street. Includes replacement of existing surfaces lots and academic spaces. FAR for entire MIT Kendall Square SoMa project area including retained buildings. ","42.362282088","-71.085862875","POINT (-71.085862875 42.362282088)"
"666","671-675 Concord Avenue","Finch Building","","671-675","Concord Avenue","Includes replacement of commercial structures.","12 - Cambridge Highlands","Complete","2020","HRI","","N/A","BLDM-072847-2018","124,027","48,186","2.89","Residential","98",,"Includes replacement of commercial structures. ","42.390327","-71.150227","POINT (-71.150227 42.3903269999999)"
"674","100/110 North First Street","Cambridge Crossing (North Point) - Building W","","100/110","North First Street","FAR for overall Cambridge Crossing development. Certificate of Occupancy for 100 North First Street dated 10/15/2020.","1 - East Cambridge","Complete","2020","DivcoWest","NP/PUD-6","PB179","21038/21042","16,395","20,743","2.66","Retail",,,"FAR for overall Cambridge Crossing development. Certificate of Occupancy for 100 North First Street dated 10/15/2020. ","42.372001","-71.0755","POINT (-71.0755 42.3720009999999)"
"675","290-292 Main Street","MIT Kendall Square - Building 4/45 Hayward St.","","290-292","Main Street","Site incorporates existing building at 290-292 Main St.  454 graduate student housing units at 45 Hayward St.  Parking at 25 Hayward Street garage.  FAR for entire MIT Kendall Square SoMa project area including retained buildings.","2 - MIT / Area 2","Complete","2020","MIT","C-3B MXD/PUD 5","PB303","BLDC-065869-2017","426,146","89,129","4.48","Institutional","454",,"Site incorporates existing building at 290-292 Main St.  454 graduate student housing units at 45 Hayward St.  Parking at 25 Hayward Street garage.  FAR for entire MIT Kendall Square SoMa project area including retained buildings. ","42.3622354996","-71.085424994","POINT (-71.0854249939999 42.3622354995998)"
"681","314 Main Street","MIT Kendall Square - Building 5","","314","Main Street","Includes demolition of existing low-rise retail building. Parking at 25 Hayward Street garage. FAR for entire MIT Kendall Square SoMa project area including retained buildings.","2 - MIT / Area 2","Complete","2020","MIT","C-3B MXD/PUD 5","PB303","BLDC-077288-2018","372,110","36,002","4.48","Office/R&D",,,"Includes demolition of existing low-rise retail building. Parking at 25 Hayward Street garage. FAR for entire MIT Kendall Square SoMa project area including retained buildings. ","42.362222","-71.086631","POINT (-71.0866309999999 42.362222)"
"695","265 Broadway","Squirrelwood Phase 1","","265","Broadway","One of three new buildings at Linwood Court site. Project adds 4 parking spaces to pool.  There will be 45 spaces for 88 units, including nearby Squirrel Brand Apartments. Also known as 54 Market Street.  FAR and lot area for entire project.","4 - The Port/Area IV","Complete","2020","Just-A-Start Corporation","C-1","N/A","32298","6,400","59,638","1.36","Residential","6",,"One of three new buildings at Linwood Court site. Project adds 4 parking spaces to pool.  There will be 45 spaces for 88 units, including nearby Squirrel Brand Apartments. Also known as 54 Market Street.  FAR and lot area for entire project. ","42.368123","-71.096617","POINT (-71.0966169999999 42.3681229999999)"
"710","212 Hampshire Street","212 Hampshire Street","Ryles Jazz Club","212","Hampshire Street","Former site of Ryles Jazz club.","6 - Mid-Cambridge","Complete","2020","212 Hampshire St LLC c/o Ninoj Pradhan","BA","N/A","32832","9,219","4,322","2.10","Residential","8",,"Former site of Ryles Jazz club. ","42.373133","-71.100431","POINT (-71.100431 42.373133)"
"726","201-203 Concord Turnpike","Tempo at Alewife Station Phase 2","","201-203","Concord Turnpike","Includes demolition of existing motel and bowling alley. Phase 1 and 2 complete and include 139 units. Total project 324,440 SF and 239 parking spaces.","11 - North Cambridge","Complete","2020","Criterion Development Partners","SP-4A","PB326","BLDM-070311-2018","96,431","166,468","1.95","Residential","65",,"Includes demolition of existing motel and bowling alley. Phase 1 and 2 complete and include 139 units. Total project 324,440 SF and 239 parking spaces. ","42.399565","-71.149098","POINT (-71.1490979999999 42.399565)"
"727","425 Massachusetts Avenue","Mass & Main - Phase 2/Market Central","","425","Massachusetts Avenue","14,479 GFA retail exempt from FAR. 5 Columbia St. has separate permit. Total project includes 259 units, 45 affordable, and 179,255 SF residential. All parking in Phase 1.","4 - The Port/Area IV","Complete","2020","Watermark Central Venture","BB/BA/C-1","PB321","BLDC-071299-2018","63,625","38,773","6.50","Residential","81",,"14,479 GFA retail exempt from FAR. 5 Columbia St. has separate permit. Total project includes 259 units, 45 affordable, and 179,255 SF residential. All parking in Phase 1. ","42.363746","-71.100256","POINT (-71.100256 42.3637459999999)"
"731","201-203 Concord Turnpike","Tempo at Alewife Station Phases 3/4","","201-203","Concord Turnpike","Includes demolition of existing motel and bowling alley. First two phases complete and include 149 units. 239 parking spaces included in prior phases. Total project GFA is 324,440.","11 - North Cambridge","Complete","2020","Criterion Development Partners","SP-4A","PB326","BLDM-070311-2018","160,881","166,468","1.95","Residential","181",,"Includes demolition of existing motel and bowling alley. First two phases complete and include 149 units. 239 parking spaces included in prior phases. Total project GFA is 324,440. ","42.399565","-71.149098","POINT (-71.1490979999999 42.399565)"
"343","1991-2013 Massachusetts Avenue","St. James at Porter Square","","1991-2013","Massachusetts Avenue","64 total spaces on-site include 46 spaces for 1991-2013 Mass Ave and 18 spaces for adjacent St. James Church. FAR includes existing 22,560 SF church.","11 - North Cambridge","Complete","2021","Oaktree Development","BA-2/NMAOD","PB241","BLDM-076394-2018","94,099","58,194","1.75","Residential","46",,"64 total spaces on-site include 46 spaces for 1991-2013 Mass Ave and 18 spaces for adjacent St. James Church. FAR includes existing 22,560 SF church. ","42.3908306591","-71.121366624","POINT (-71.121366624 42.3908306590998)"
"371","50 Rogers Street","Alexandria PUD - 50 Rogers Street","","50","Rogers Street","Shared site with 161 First Street, which includes a renovated office building.","1 - East Cambridge","Complete","2021","Alexandria Real Estate","IA-1/PUD-3A","PB243","22027","132,231","40,000","3.75","Residential","136",,"Shared site with 161 First Street, which includes a renovated office building. ","42.365806","-71.078202","POINT (-71.078202 42.3658059999999)"
"407","75-77 New Street","75-77 New Street","","75-77","New Street","Includes replacement of pre-existing warehouse.","9 - Neighborhood 9","Complete","2021","AbodeZ Acorn LLC","IA-1","PB286","BLDM-058523-2017","92,800","49,256","1.95","Residential","93",,"Includes replacement of pre-existing warehouse. ","42.3890557931","-71.140227254","POINT (-71.1402272539999 42.3890557930998)"
"617","305 Webster Avenue","Inman Crossing","Columbia Auto Parts","305","Webster Avenue","Includes replacement of auto parts supply building.","3 - Wellington Harrington","Complete","2021","M & H Realty Trust","BA","PB316","BLDC-064166-2017","37,510","18,140","2.10","Residential","35",,"Includes replacement of auto parts supply building. ","42.3735365447","-71.094400792","POINT (-71.094400792 42.3735365447)"
"673","181 Morgan Avenue","Cambridge Crossing (North Point) - Building Q1","","181","Morgan Avenue","FAR for overall Cambridge Crossing development.","1 - East Cambridge","Complete","2021","DivcoWest","NP/PUD-6","PB179","43776","18,851","14,799","2.66","Office/R&D",,,"FAR for overall Cambridge Crossing development. ","42.372098","-71.076492","POINT (-71.076492 42.372098)"
"679","238 Main Street","MIT Kendall Square - 18 Hayward St/Building 3","","238","Main Street","Site incorporates existing building at 238 Main Street. Parking at 25 Hayward Street garage. FAR for entire MIT Kendall Square SoMa project area including retained buildings.","2 - MIT / Area 2","Complete","2021","MIT","C-3B MXD/PUD 5","PB303","BLDC-078181-2019","380,201","60,594","4.48","Office/R&D",,,"Site incorporates existing building at 238 Main Street. Parking at 25 Hayward Street garage. FAR for entire MIT Kendall Square SoMa project area including retained buildings. ","42.362093","-71.084705","POINT (-71.084705 42.362093)"
"684","1 Broadway","MIT Kendall Square - NoMa Existing Building Phases 1-3","","1","Broadway","FAR includes existing One Broadway and new 165 Main Street. Phase 1-3 include new supermarket, loading dock, Main Street retail update. Parking is in reconfigured existing garage reduced from 316 spaces to 293.","1 - East Cambridge","Complete","2021","MIT","O-3A, PUD-3","PB302","BLDC-060080-2017","33,822","41,536","5.55","Retail",,,"FAR includes existing One Broadway and new 165 Main Street. Phase 1-3 include new supermarket, loading dock, Main Street retail update. Parking is in reconfigured existing garage reduced from 316 spaces to 293. ","42.3625129949","-71.082756376","POINT (-71.082756376 42.3625129949)"
"692","189 Vassar Street","MIT Undergraduate Dormitory","","189","Vassar Street","FAR based on larger parcel. 450 undergraduate dorm beds, 301 rooms. 16 student/staff apartments. 372 space garage & 38 surface spaces removed. Some replaced in MIT pool. No parking for this building.","2 - MIT / Area 2","Complete","2021","MIT","SD-6","PB332","BLDC-076869-2018","169,529","765,106","1.53","Institutional","16",,"FAR based on larger parcel. 450 undergraduate dorm beds, 301 rooms. 16 student/staff apartments. 372 space garage & 38 surface spaces removed. Some replaced in MIT pool. No parking for this building. ","42.359082","-71.097566","POINT (-71.097566 42.359082)"
"697","1785-1791 Massachusetts Avenue","Frost Terrace","","1785-1791","Massachusetts Avenue","Includes rehab of existing residential structures and replacement of existing house. Additional building permit 34030.","8 - Baldwin","Complete","2021","Capstone Communities LLC","B","N/A","33413/33918/34026","40,253","22,068","1.82","Residential","32",,"Includes rehab of existing residential structures and replacement of existing house. Additional building permit 34030. ","42.386188","-71.118767","POINT (-71.118767 42.3861879999999)"
"712","450 Water Street","Cambridge Crossing (North Point) - Building H","","450","Water Street","FAR for overall Cambridge Crossing development. Portion of structure in Boston to be determined. 16 spaces located at Bldg. G garage. Site also includes 128 residential parking spaces for Sierra and Tango condominium buildings","1 - East Cambridge","Complete","2021","DivcoWest","NP/PUD-6","PB179","26076","365,110","56,805","2.66","Office/R&D",,,"FAR for overall Cambridge Crossing development. Portion of structure in Boston to be determined. 16 spaces located at Bldg. G garage. Site also includes 128 residential parking spaces for Sierra and Tango condominium buildings ","42.372221","-71.071404","POINT (-71.071404 42.372221)"
"725","4 Broad Canal Way","MIT Kendall Square - NoMA Phase 5","","4","Broad Canal Way","Parking included in other project phases.","1 - East Cambridge","Complete","2021","MIT","O-3A, PUD-3","PB302","17488","6,418","41,536","5.55","Retail",,,"Parking included in other project phases. ","42.363066","-71.082861","POINT (-71.0828609999999 42.363066)"
"740","40-54 Market Street","Squirrelwood Phase 2","","40-54","Market Street","Includes two of three new buildings at Linwood Court site. Project adds 4 parking spaces to pool.  There will be 45 spaces for 88 units, including nearby Squirrel Brand Apartments. Other address is 265 Broadway.  FAR and lot area for entire project.","4 - The Port/Area IV","Complete","2021","Just-A-Start Corporation","C-1","N/A","32294/32295","18,452","59,638","1.36","Residential","17",,"Includes two of three new buildings at Linwood Court site. Project adds 4 parking spaces to pool.  There will be 45 spaces for 88 units, including nearby Squirrel Brand Apartments. Other address is 265 Broadway.  FAR and lot area for entire project. ","42.368123","-71.096617","POINT (-71.0966169999999 42.3681229999999)"
"379","107-111 First Street","First Street PUD - Parcel B, AKA 21 Charles Street","","107-111","First Street","FAR includes prior phases. 23 surface parking spaces for retail. Includes 142 space underground garage with 42 spaces for 121 First St/Parcel A. 100 garage spaces shared with 22 Hurley St/Parcel C residential units with 87 apportioned to this project","1 - East Cambridge","Complete","2022","Urban Spaces LLC","IA-1/BA/PUD-4B","PB231A","19116","117,223","76,227","2.35","Residential","118",,"FAR includes prior phases. 23 surface parking spaces for retail. Includes 142 space underground garage with 42 spaces for 121 First St/Parcel A. 100 garage spaces shared with 22 Hurley St/Parcel C residential units with 87 apportioned to this project ","42.367661","-71.07792","POINT (-71.07792 42.3676609999999)"
"622","165 Main Street","MIT Kendall Square - NoMa Phase 4 Residential Tower","","165","Main Street","FAR includes existing One Broadway and new 165 Main Street. Phase 4 is new residential tower and retail. Parking includes 150 space garage replacing 114 space surface lot. Existing building retains One Broadway address.","1 - East Cambridge","Complete","2022","MIT","O-3A, PUD-3","PB302","49880","313,269","74,736","5.55","Residential","300",,"FAR includes existing One Broadway and new 165 Main Street. Phase 4 is new residential tower and retail. Parking includes 150 space garage replacing 114 space surface lot. Existing building retains One Broadway address. ","42.3627385552","-71.0840144502","POINT (-71.0840144502 42.3627385552)"
"631","95 Fawcett Street","95 Fawcett Street","","95","Fawcett Street","Existing warehouse demolished.","12 - Cambridge Highlands","Complete","2022","95 Fawcett LLC","O-1/AOD-4","PB309","BLDM-054801-2017","52,852","20,522","2.58","Residential","44",,"Existing warehouse demolished. ","42.392281","-71.146419","POINT (-71.1464189999999 42.3922809999998)"
"688","20-22 Hurley Street","First Street PUD - Parcel C/85-121 First Street","","20-22","Hurley Street","FAR includes earlier phases at 150 First and 65 Bent Streets and 4 buildings in this phase. 100 garage spaces shared with 107 First St/Parcel B residential units, 13 of which are apportioned here.","1 - East Cambridge","Complete","2022","Urban Spaces LLC","IA-1/BA/PUD-4B","PB231A","19126","18,502","76,227","2.35","Residential","18",,"FAR includes earlier phases at 150 First and 65 Bent Streets and 4 buildings in this phase. 100 garage spaces shared with 107 First St/Parcel B residential units, 13 of which are apportioned here. ","42.367901","-71.078618","POINT (-71.078618 42.367901)"
"696","24 Brattle Street","1 JFK Street/Abbott Building","Corcoran Building","24","Brattle Street","Includes rehab or replacement of existing buildings. 7,847 SF of of basement space exempted from GFA.","10 - West Cambridge","Complete","2022","Regency Centers","BB","PB334","30291","71,447","15,850","4.00","Retail",,,"Includes rehab or replacement of existing buildings. 7,847 SF of of basement space exempted from GFA. ","42.373283","-71.119775","POINT (-71.119775 42.373283)"
"705","50 Cambridgepark Drive","50 Cambridgepark Drive","","50","Cambridgepark Drive","Includes 123,000 SF transfer of development rights from 88 Cambridgepark Drive allowing additional 123 units. Several existing structures demolished. Includes 9 surface parking spaces.","11 - North Cambridge","Complete","2022","Hanover Company","O2-A/AOD-6","PB338","33495","321,683","79,321","3.95","Residential","294",,"Includes 123,000 SF transfer of development rights from 88 Cambridgepark Drive allowing additional 123 units. Several existing structures demolished. Includes 9 surface parking spaces. ","42.394409","-71.14386","POINT (-71.14386 42.394409)"
"707","350 Water Street","Cambridge Crossing (North Point) - Building G","","350","Water Street","FAR for overall Cambridge Crossing development. Portion of structure in Boston. 406 space garage also includes 16 spaces for Bldg H and 29 yet to be assigned to a building.","1 - East Cambridge","Complete","2022","DivcoWest","NP/PUD-6","PB179","25148","450,895","58,562","2.66","Office/R&D",,,"FAR for overall Cambridge Crossing development. Portion of structure in Boston. 406 space garage also includes 16 spaces for Bldg H and 29 yet to be assigned to a building. ","42.372718","-71.072396","POINT (-71.0723959999999 42.3727179999999)"
"708","151 North First Street","Cambridge Crossing (North Point) - Building I/Park 151","","151","North First Street","FAR for overall Cambridge Crossing development. Small retail buildings on Parcel I included elsewhere as 124 and 144 Morgan Street.","1 - East Cambridge","Complete","2022","DivcoWest","NP/PUD-6","PB179","47542","397,102","100,837","2.66","Residential","468",,"FAR for overall Cambridge Crossing development. Small retail buildings on Parcel I included elsewhere as 124 and 144 Morgan Street. ","42.372599","-71.075324","POINT (-71.0753239999999 42.372599)"
"713","325 Main Street","MXD Infill - Google Building","MIT Coop Building","325","Main Street","Includes demolition of existing office building also housing MIT Coop. Parking added to existing Cambridge Center garage through restriping and tandem parking.","1 - East Cambridge","Complete","2022","Boston Properties","MXD","PB315","49584","376,123","28,823","13.00","Office/R&D",,,"Includes demolition of existing office building also housing MIT Coop. Parking added to existing Cambridge Center garage through restriping and tandem parking. ","42.36276","-71.08656","POINT (-71.08656 42.36276)"
"719","730-750 Main Street","The Engine","","730-750","Main Street","Updating of existing buildings to current R&D/office standards and addition of retail space. Includes 14,598 SF addition and creation of 123 space underground parking garage. Structures previously occupied by Polaroid.","4 - The Port/Area IV","Complete","2022","MITIMCO","IB","N/A","51675/51676","204,089","65,211","3.13","Office/R&D",,,"Updating of existing buildings to current R&D/office standards and addition of retail space. Includes 14,598 SF addition and creation of 123 space underground parking garage. Structures previously occupied by Polaroid. ","42.36276","-71.09563","POINT (-71.09563 42.36276)"
"722","101 Cambridgepark Drive","101 Cambridgepark Drive","","101","Cambridgepark Drive","Redevelopment of front portion of parcel replacing surface parking. Site will retain existing 63,851 SF building and associated parking spaces.","11 - North Cambridge","Complete","2022","HCP/King 101 CPD LLC","O-2A/AOD6","PB354","89338","141,834","132,745","1.55","Office/R&D",,,"Redevelopment of front portion of parcel replacing surface parking. Site will retain existing 63,851 SF building and associated parking spaces. ","42.39504","-71.14482","POINT (-71.1448199999999 42.39504)"
"732","101 Rogers Street","The Foundry","","101","Rogers Street","Rehab of historic industrial building and conversion into municipal program space.","1 - East Cambridge","Complete","2022","Cambridge Redevelopment Authority","IA-1/PUD 4C","PB362","73982","50,200","37,493","1.34","Institutional",,,"Rehab of historic industrial building and conversion into municipal program space. ","42.36681","-71.08267","POINT (-71.0826699999999 42.36681)"
"762","60 Hampshire Street","60 Hampshire Street","","60","Hampshire Street","Major rehab and conversion of existing office building to lab space. No new construction. FAR includes all structures on aprcel.  No changes to parking arrangements.","4 - The Port/Area IV","Complete","2022","BioMed Realty","O-1","N/A","122757/148426","36,000","87,470","2.95","Lab/R&D",,,"Major rehab and conversion of existing office building to lab space. No new construction. FAR includes all structures on aprcel.  No changes to parking arrangements. ","42.36698741676","-71.09351975789","POINT (-71.0935197578885 42.3669874167605)"
"630","97-99 Elmwood Street","97-99 Elmwood Street","","97-99","Elmwood Street","Existing auto repair facility demolished.  Was 95-99 Elmwood.","11 - North Cambridge","Complete","2023","95-99 Elmwood Street LLC","BA-2/NMAOD","PB308","45061","36,274","17,535","2.24","Residential","34",,"Existing auto repair facility demolished.  Was 95-99 Elmwood. ","42.398055","-71.128633","POINT (-71.1286329999999 42.3980549999999)"
"701","140-142 Prospect Street","140-142 Prospect Street","","140-142","Prospect Street","Expansion of existing residential building to five units. Individual Certificate of Occupancy for each townhouse unit.","4 - The Port/Area IV","Complete","2023","Islamic Society of Cambridge","O-1","N/A","58934","7,640","6,220","1.23","Residential","5",,"Expansion of existing residential building to five units. Individual Certificate of Occupancy for each townhouse unit. ","42.36857","-71.101198","POINT (-71.1011979999999 42.3685699999999)"
"715","200 Msgr. O'Brien Highway","Nuestra, LLC Retail Cannabis","","200","Msgr. O'Brien Highway","Existing retail space converted to registered marijuana dispensary.","1 - East Cambridge","Complete","2023","Nuestra, LLC Retail Cannabis","BA","PB366","120379","4,400","5,415","0.96","Retail",,,"Existing retail space converted to registered marijuana dispensary. ","42.372178","-71.079372","POINT (-71.079372 42.3721779999999)"
"723","220 Binney Street","New Volpe US DOT Building","US DOT Volpe Transportation Research Center","220","Binney Street","Building permit and Certificate of Occupancy not required due to this being a federal government project.  Reported as complete as of September 2023.","1 - East Cambridge","Complete","2023","US GSA/DOT","","N/A","NA/Federal Project","400,000","174,240","2.30","Government",,,"Building permit and Certificate of Occupancy not required due to this being a federal government project.  Reported as complete as of September 2023. ","42.36574291654","-71.0855742924","POINT (-71.0855742923976 42.3657429165363)"
"734","441 Morgan Avenue","Cambridge Crossing (North Point) - Building U","","441","Morgan Avenue","FAR for overall Cambridge Crossing development.","1 - East Cambridge","Complete","2023","DivcoWest","NP/PUD-6","PB179","106555","313,531","45,969","2.66","Lab/R&D",,,"FAR for overall Cambridge Crossing development. ","42.370657","-71.072522","POINT (-71.072522 42.370657)"
"736","325 Binney Street","Moderna Science Center","Metropolitan Pipe & Supply","325","Binney Street","Interior fit-out underway. Also known as 325 Binney Street. Will house Moderna Science Center corporate headquarters.","1 - East Cambridge","Complete","2023","Alexandria Real Estate Equities,","IA-1","PB367","106270","366,500","191,506","1.93","Office/R&D",,,"Interior fit-out underway. Also known as 325 Binney Street. Will house Moderna Science Center corporate headquarters. ","42.367141","-71.08866","POINT (-71.08866 42.3671409999999)"
"751","124 First Street","Charles Park Lab Conversion","1 Charles Park","124","First Street","Major rehab and conversion of existing office building to lab space. No new construction. No change to existing parking. Complex includes 1 Rogers Street.","1 - East Cambridge","Complete","2023","Alexandria Real Estate","BA/PUD-4","N/A","112658","119,021","23,915","4.97","Lab/R&D",,,"Major rehab and conversion of existing office building to lab space. No new construction. No change to existing parking. Complex includes 1 Rogers Street. ","42.36681","-71.07661","POINT (-71.07661 42.36681)"
"752","130-140 First Street","Charles Park Lab Conversion","1 Rogers Street","130-140","First Street","Major rehab and conversion of existing office building to lab space. No new construction. No change to existing parking. Complex includes 1 Charles Park.","1 - East Cambridge","Complete","2023","Alexandria Real Estate","BA/PUD-4","N/A","112660","262,552","111,530","2.35","Lab/R&D",,,"Major rehab and conversion of existing office building to lab space. No new construction. No change to existing parking. Complex includes 1 Charles Park. ","42.36636","-71.07725","POINT (-71.07725 42.36636)"
"753","60 First Street","Cambridgeside Redevelopment - 60 First Street","Sears Department Store","60","First Street","Parking included with 100 Cambridgeside Place redevelopment. FAR is for overall Cambridgeside Mall redevelopment.","1 - East Cambridge","Complete","2023","New England Development","BA/PUD-8","PB364","132949","210,000","42,561","4.66","Lab/R&D",,,"Parking included with 100 Cambridgeside Place redevelopment. FAR is for overall Cambridgeside Mall redevelopment. ","42.36889","-71.07718","POINT (-71.0771799999999 42.36889)"
"786","124 Morgan Avenue","Cambridge Crossing (North Point) - Parcel I2 West","","124","Morgan Avenue","FAR for overall Cambridge Crossing development. Lot area for all of Cambridge Crossing Parcel I. Parking included with 151 North First Street project.","1 - East Cambridge","Complete","2023","DivcoWest","NP/PUD-6","PB179","166479","2,164","100,837","2.66","Retail",,,"FAR for overall Cambridge Crossing development. Lot area for all of Cambridge Crossing Parcel I. Parking included with 151 North First Street project. ","42.37250796212","-71.07642056481","POINT (-71.0764205648085 42.3725079621244)"
"787","144 Morgan Avenue","Cambridge Crossing (North Point) - Parcel I2 East","","144","Morgan Avenue","FAR for overall Cambridge Crossing development. Lot area for all of Cambridge Crossing Parcel I. Parking included with 151 North First Street project.","1 - East Cambridge","Complete","2023","DivcoWest","NP/PUD-6","PB179","166482","4,463","100,837","2.66","Retail",,,"FAR for overall Cambridge Crossing development. Lot area for all of Cambridge Crossing Parcel I. Parking included with 151 North First Street project. ","42.37229989807","-71.07605578441","POINT (-71.0760557844121 42.3722998980712)"
"372","90 Binney Street","Alexandria PUD - 90 Binney Street","","90","Binney Street","New office/R&D and retail building.","1 - East Cambridge","Complete","2024","Alexandria Real Estate","IA-1/PUD-3A","PB243","182441, 170998","16,189","9,625","1.68","Office/R&D",,,"Also known as 219 Second St, 39-41 Linskey Way Parking provided at 50/60 Binney Street Garage.","42.3649674984","-71.0802266968","POINT (-71.0802266967998 42.3649674983998)"
"403","40 Thorndike Street","Sullivan Courthouse Redevelopment","Middlesex County Courthouse","40","Thorndike Street","Redevelopment of former Middlesex County Courthouse and addition of street-level residential units.","1 - East Cambridge","Complete","2024","Leggat McCall","BB","PB288","97328","497,058","59,788","7.97","Office/R&D","48",," Parking includes 85 spaces on-site and 270 spaces leased at First St Garage.","42.36922588","-71.07960963","POINT (-71.0796096299998 42.36922588)"
"668","53-55 Wheeler Street","53-55 Wheeler Street","Abt Associates","53-55","Wheeler Street","New residential building replacing Abt Associates offices.","12 - Cambridge Highlands","Complete","2024","55-9 Wheels Owner LLC","O1/AOD4","PB330","61424, 61926","563,609","249,518","2.26","Residential","525",,"C of O 249844 for 405 units at 55 Wheeler St issued 1/19/2024, C of O 249856 for 120 units at 53 Wheeler St issued 2/29/2024 ","42.391211","-71.144601","POINT (-71.1446009999999 42.3912109999999)"
"685","3-5 Linnaean Street","3-5 Linnaean Street","","3-5","Linnaean Street","Conversion of existing underutilized basement space into housing.","9 - Neighborhood 9","Complete","2024","Willow Land Corporation","C-2/BA-2","PB329","25045","50,701","24,153","2.10","Residential","42",,"GFA includes entire existing 37 unit building. ","42.384951","-71.120093","POINT (-71.1200929999999 42.384951)"
"720","101 Smith Place","101 Smith Place","","101","Smith Place","New office/R&D building.","12 - Cambridge Highlands","Complete","2024","The Davis Companies","IB-2/AOD1,O1/AOD3","PB359","107682","142,153","113,246","1.27","Office/R&D",,,"Includes demolition of existing technical office structure. ","42.392639","-71.150837","POINT (-71.1508369999999 42.392639)"
"721","30 Hampshire Street","30 Hampshire Street","","30","Hampshire Street","New lab/R&D building.","4 - The Port/Area IV","Complete","2024","38-40 Hampshire St LLC","I-B","","150581","15,821","5,758","4.00","Lab/R&D",,,"Previously permitted as hotel under SP PB358. No parking at site at time of permit application.","42.366268","-71.091997","POINT (-71.091997 42.3662679999999)"
"743","51 Vassar Street","Schwartzman College of Computing","MIT Building 44","51","Vassar Street","New MIT institutional building.","2 - MIT / Area 2","Complete","2024","MIT","C-3B","PB370","141637","174,000","409,261","1.64","Institutional",,,"Replaces MIT Building 44, which has been demolished. FAR includes all buildings on larger contiguous MIT-owned parcel. Parking included in MIT pool.","42.361751","-71.092617","POINT (-71.092617 42.3617509999999)"
"746","600-624 Main Street","Ragon Institute","Olmstead-Flint Building","600-624","Main Street","New institutional building associated with MGH, MIT and Harvard.","2 - MIT / Area 2","Complete","2024","MIT/Ragon Institute","IB","PB375","149353","185,810","67,579","2.75","Institutional",,,"Includes demolition of preexisting industrial and warehouse structures. The Ragon Institute is associated with MGH, MIT and Harvard. ","42.362476","-71.093135","POINT (-71.093135 42.362476)"
"778","1 Canal Park","1 Canal Park","","1","Canal Park","Conversion of office building to Lab/R&D.","1 - East Cambridge","Complete","2024","1 Canal Park LLC","C2-A/PUD-4A","PB038","156580","107,662","30,400","3.54","Lab/R&D",,," No change to parking.","42.36935795546","-71.07702964849","POINT (-71.0770296484885 42.3693579554561)"
"782","432 Rindge Avenue","Rindge Commons Phase 1","","432","Rindge Avenue","One of two new residential buildings to be constructed on the site of existing Rindge Tower Apartments parking lot.","11 - North Cambridge","Complete","2024","Just-A-Start","C-2","","158329","68,954","155,591","2.73","Residential","24",,"Temporary C of O issued but awaiting Green Building report Remaining 233 parking spaces will serve new and existing buildings.","42.39379115642","-71.14027273139","POINT (-71.1402727313859 42.3937911564183)"
"649","605 Concord Avenue","Acorn Holdings Concord Ave. Phase II","Bank","605","Concord Avenue","New residential and retail building.","12 - Cambridge Highlands","Complete","2025","Acorn Holdings","BA/AOD-5","PB319","55622","57,679","21,666","2.66","Residential","49",,"Includes demolition of existing bank branch building. Certificate of Occupancy under review. Parking comprises 49 residential and 19 commercial spaces.","42.389202","-71.144878","POINT (-71.144878 42.3892019999999)"
"717","747 Cambridge Street","Polish Club","Polish Club","747","Cambridge Street","New residential building with community center.","3 - Wellington Harrington","Complete","2025","747 Cambridge St , LLC","BA/C-1","","115390","7,966","6,200","1.71","Residential","6",,"Polish Club will take space in new building. ","42.37241","-71.089066","POINT (-71.089066 42.37241)"
"744","269-299 Vassar Street","MIT Graduate Student Dormitory","MIT Police station","269-299","Vassar Street","Graduate student apartment building replacing MIT Police Station and surface parking lot.","2 - MIT / Area 2","Complete","2025","MIT","SD-6, SD-11, IU Overlay","PB371","151307, 145074","328,050","765,106","1.87","Institutional","351",,"FAR includes all buildings on larger contiguous MIT-owned parcel. Temporary C of O issued 6/29/2024 Parking included in existing MIT pool.","42.356047","-71.103719","POINT (-71.1037189999999 42.3560469999999)"
"747","1 Cedar Street","United American Veterans Clubhouse","United American Veterans Clubhouse","1","Cedar Street","New residential building with community center to be occupied by United American Veterans Clubhouse","11 - North Cambridge","Complete","2025","John Repucci","BA-2","","141137","12,095","7,590","1.59","Residential","8",,"Includes demolition of existing veterans club.  Also subject to Large Project Review under the zoning ordinance. ","42.3976","-71.13101","POINT (-71.13101 42.3975999999999)"
"754","20 Cambridgeside Place","Cambridgeside Redevelopment - 20 Cambridgeside Place","Macy's Department Store","20","Cambridgeside Place","Lab, office, and retail in redeveloped Cambridgeside mall.","1 - East Cambridge","Complete","2025","New England Development","BA/PUD-8","PB364","130531","360,000","38,788","4.66","Lab/R&D",,,"FAR is for overall  redevelopment. Existing structure will be retained up to second floor slab. Certificate of Occupancy applied for and under review. Parking included with 100 Cambridgeside Place redevelopment.","42.3671","-71.07568","POINT (-71.07568 42.3671)"
"771","116 Norfolk Street","116 Norfolk Street","","116","Norfolk Street","100% Affordable Housing Overlay project. Conversion of congregate housing development to affordable apartments for formerly homeless persons. 38 existing SRO units to be renovated to studio units; new addition with 24 units.","4 - The Port/Area IV","Complete","2025","Cambridge Housing Authority","C-1/AHO","","201178","47,075","25,230","1.87","Residential","62",," ","42.36681997745","-71.09995672073","POINT (-71.0999567207299 42.3668199774469)"
"772","213 Harvard Street","213 Harvard Street","","213","Harvard Street","New residential building replacing building destroyed by fire.","4 - The Port/Area IV","Complete","2025","213 Harvard St Condo Assn","C-1","","172820","12,378","5,913","2.21","Residential","8",," ","42.36751816559","-71.09884317871","POINT (-71.098843178706 42.367518165589)"
"773","3 Alewife Park","Alewife Park - Building 2","GCP/W. R. Grace Site","3","Alewife Park","Rehab of existing building for office/R&D.","11 - North Cambridge","Complete","2025","IQHQ","SD-3","PB387","199995","98,500","853,776","0.94","Office/R&D",,,"Overall project includes transfer of development rights from Jerry's Pond area. FAR is for entire Alewife Park project. Parking for entire Alewife Center development reported separately.","42.39858467739","-71.13899535768","POINT (-71.1389953576822 42.3985846773868)"
"776","201 Amherst Street","New MIT Music Building","","201","Amherst Street","New institutional building.","2 - MIT / Area 2","Complete","2025","MIT","C-3","","147283","34,000","2,790,855","0.81","Institutional",,,"Will be campus building W18. No net increase in parking due to relocation of spaces from other campus locations.","42.35786885549","-71.09589880973","POINT (-71.0958988097259 42.3578688554909)"
"785","1 Alewife Park","Alewife Park - Building 1","GCP/W. R. Grace Site","1","Alewife Park","Rehab of existing building for lab/R&D use.","11 - North Cambridge","Complete","2025","IQHQ","SD-3","PB387","182959","90,000","45,125","0.94","Lab/R&D",,,"Rehab of existing building. Overall project includes transfer of development rights from Jerry's Pond area. FAR is for entire Alewife Park project. Application for Certificate of Occupancy received. Parking for entire Alewife Center development reported separately.","42.39863630271","-71.13988781452","POINT (-71.1398878145156 42.3986363027138)"
"790","5 Alewife Park","Alewife Park - Building 3","GCP/W. R. Grace Site","5","Alewife Park","New construction and alteration of existing building for office/R&D use.","11 - North Cambridge","Complete","2025","IQHQ","SD-3","PB387","192693","147,400","853,776","0.94","Office/R&D",,,"Overall project includes transfer of development rights from Jerry's Pond area. FAR is for entire Alewife Park project. Parking for entire Alewife Center development reported separately. Foundation work underway.","42.39853018707","-71.13791067558","POINT (-71.1379106755797 42.3985301870652)"
"806","300 Binney Street","300 Binney Street","Biogen Office","300","Binney Street","Renovation of former Biogen office with lab and office uses.","1 - East Cambridge","Complete","2025","Boston Properties","MXD","","221669","207,000","49,544","4.18","Lab/R&D",,," No change in parking.","42.366082","-71.0905143","POINT (-71.0905143 42.366082)"
